id,name,email,password
0,Jennifer Perez,jennifer.perez.0@example.com,BO6vtaqLMV
1,Ashley Gonzalez,ashley.gonzalez.1@example.com,5Q3RTAXC2C
2,Anthony Thomas,anthony.thomas.2@example.com,kE7Mn5IKpF
3,William Young,william.young.3@example.com,MMzPgwWHyO
4,John Davis,john.davis.4@example.com,wyooowtdYd
5,Kimberly Williams,kimberly.williams.5@example.com,6iHJqbNgJb
6,Joseph Ramirez,joseph.ramirez.6@example.com,FiSUZwGLVV
7,Michelle Lee,michelle.lee.7@example.com,Vvr2OiVAu0
8,Joseph Harris,joseph.harris.8@example.com,zy6QHqPGyk
9,Patricia Lewis,patricia.lewis.9@example.com,raLE59xN4r
10,Sandra Hernandez,sandra.hernandez.10@example.com,y0t8rumuYf
11,Anthony Harris,anthony.harris.11@example.com,kSdJzGHVNA
12,Mary Rodriguez,mary.rodriguez.12@example.com,plAnzg4gRj
13,Nancy Jones,nancy.jones.13@example.com,CPu3oUB3av
14,Joseph Davis,joseph.davis.14@example.com,K8iXBL4P7j
15,Betty Thompson,betty.thompson.15@example.com,fCESEkjLtM
16,Matthew Young,matthew.young.16@example.com,xPZI0ThNvr
17,Sarah Jackson,sarah.jackson.17@example.com,FPHLZByopU
18,Donald Robinson,donald.robinson.18@example.com,7o1LXnkOqM
19,Robert Robinson,robert.robinson.19@example.com,xC7ykZx63X
20,Mark Johnson,mark.johnson.20@example.com,ebHCKKn7mE
21,Mark Jones,mark.jones.21@example.com,98MyhnF0dk
22,Robert Rodriguez,robert.rodriguez.22@example.com,Vt6IcpKtrD
23,Nancy Harris,nancy.harris.23@example.com,JwIHTQHRK0
24,Donald Jones,donald.jones.24@example.com,0MLJ9uxa5H
25,Barbara Ramirez,barbara.ramirez.25@example.com,tsYlOd3kp9
26,Mary Anderson,mary.anderson.26@example.com,8hHjElGAFA
27,James Gonzalez,james.gonzalez.27@example.com,2jvRhTeAiS
28,David Lewis,david.lewis.28@example.com,pZvkhY6G4m
29,Michelle Smith,michelle.smith.29@example.com,jr6sroQR31
30,Barbara Taylor,barbara.taylor.30@example.com,p07K9C2fiF
31,Kevin Lopez,kevin.lopez.31@example.com,EXuLPeioK5
32,Jessica Young,jessica.young.32@example.com,iPnXogj1Ul
33,Daniel Williams,daniel.williams.33@example.com,2aDteyoGHk
34,John Jackson,john.jackson.34@example.com,NNfhHw3PB9
35,Paul Young,paul.young.35@example.com,hC7ch7QMbs
36,John Lewis,john.lewis.36@example.com,04JanfNN7t
37,Joshua Perez,joshua.perez.37@example.com,Ze2qmSBs4K
38,David Brown,david.brown.38@example.com,IlGzRQ0Dhs
39,Betty Lee,betty.lee.39@example.com,bRuOHMOc7T
40,David Martin,david.martin.40@example.com,WZmvHpk924
41,Mark Ramirez,mark.ramirez.41@example.com,ayqrw5VFo9
42,William Sanchez,william.sanchez.42@example.com,KfmuP3hKMT
43,John Rodriguez,john.rodriguez.43@example.com,qEj7KDB3uA
44,Donna Rodriguez,donna.rodriguez.44@example.com,0Jn2PvGnzg
45,Barbara Sanchez,barbara.sanchez.45@example.com,lm7GW29lO3
46,Daniel Ramirez,daniel.ramirez.46@example.com,LHeZ6efNu0
47,Thomas Wilson,thomas.wilson.47@example.com,pJzxThTJMw
48,Paul Williams,paul.williams.48@example.com,iDvITaHdKD
49,Jessica Williams,jessica.williams.49@example.com,a5wRGCqqHP
50,Linda Smith,linda.smith.50@example.com,AomoCIUV9C
51,Linda Lee,linda.lee.51@example.com,u40t1lkXBK
52,Daniel Ramirez,daniel.ramirez.52@example.com,ZQ7gnQyRpK
53,Donald Taylor,donald.taylor.53@example.com,7cCNM94Ncu
54,Mary Miller,mary.miller.54@example.com,C2ndk6mZcf
55,Richard Williams,richard.williams.55@example.com,p2x7t9LtgX
56,Richard Martin,richard.martin.56@example.com,75OIdUh5Zq
57,Patricia Brown,patricia.brown.57@example.com,oU7YiAKkne
58,Thomas Taylor,thomas.taylor.58@example.com,drHb8VN5SG
59,David Brown,david.brown.59@example.com,B1ZVjh2Uwi
60,Sandra Johnson,sandra.johnson.60@example.com,dDz2NinxNf
61,Sarah Lopez,sarah.lopez.61@example.com,6KZzYLZu3m
62,Elizabeth Harris,elizabeth.harris.62@example.com,SnT8uke7Gs
63,Patricia Taylor,patricia.taylor.63@example.com,nG78TCbdwN
64,Joseph Perez,joseph.perez.64@example.com,OV7nlkXiN4
65,Steven Walker,steven.walker.65@example.com,uVkVBJToXL
66,Daniel Gonzalez,daniel.gonzalez.66@example.com,UHUH7HspKp
67,Kimberly Lee,kimberly.lee.67@example.com,vgUqocvUxB
68,Kevin Martinez,kevin.martinez.68@example.com,er5VwnBIgi
69,John Ramirez,john.ramirez.69@example.com,V7yeffr1Lj
70,Joseph Miller,joseph.miller.70@example.com,7GMICo1KwK
71,Ashley Martin,ashley.martin.71@example.com,D8VAGG7vav
72,Donald Jackson,donald.jackson.72@example.com,UhX4rVzWmk
73,John Lopez,john.lopez.73@example.com,6wTwfGMLUV
74,Sarah Rodriguez,sarah.rodriguez.74@example.com,nUx5AVYqzx
75,Richard Rodriguez,richard.rodriguez.75@example.com,JxBXnK2nvf
76,Karen White,karen.white.76@example.com,PV0mYND0bF
77,Jennifer Garcia,jennifer.garcia.77@example.com,7qSVrXElan
78,Karen Lee,karen.lee.78@example.com,flMZx9N3xu
79,Steven Hernandez,steven.hernandez.79@example.com,XgJcxaXfui
80,Donald Taylor,donald.taylor.80@example.com,1sssHwiVa9
81,Lisa Davis,lisa.davis.81@example.com,jeA8qMVrVU
82,Matthew Smith,matthew.smith.82@example.com,0jdjnPlIn9
83,Patricia Taylor,patricia.taylor.83@example.com,lkFRC82HKA
84,Nancy Young,nancy.young.84@example.com,He7Ub8HHhN
85,Richard Moore,richard.moore.85@example.com,D3RqbaGk0a
86,Margaret White,margaret.white.86@example.com,avhVmu8VGL
87,Sandra Young,sandra.young.87@example.com,I9JBeSNK9W
88,Robert Young,robert.young.88@example.com,vTgxxeGnP5
89,Karen Taylor,karen.taylor.89@example.com,8J9mFEONJE
90,Jennifer Jackson,jennifer.jackson.90@example.com,u0bBVC4Rde
91,Ashley Perez,ashley.perez.91@example.com,6Ovf5E9b7O
92,Jennifer Johnson,jennifer.johnson.92@example.com,Bhq7jVY8f3
93,Mary Rodriguez,mary.rodriguez.93@example.com,pbG1CHKcDy
94,John Johnson,john.johnson.94@example.com,gbaDW9jD2C
95,Charles Brown,charles.brown.95@example.com,PDVbKLFBCw
96,Richard Jackson,richard.jackson.96@example.com,ccMMEmRmA3
97,Robert Williams,robert.williams.97@example.com,5IxzcSMcTL
98,Robert Clark,robert.clark.98@example.com,0uNNXU63TV
99,Nancy Wilson,nancy.wilson.99@example.com,1VYcKnWS90
100,Joseph Young,joseph.young.100@example.com,ouFUCf5eIE
101,Richard Wilson,richard.wilson.101@example.com,L0WCZXvljS
102,Michelle Smith,michelle.smith.102@example.com,X57W1VrhZo
103,Donald Young,donald.young.103@example.com,wDrEgSkIWn
104,Paul Davis,paul.davis.104@example.com,DlXZgZCNSy
105,Daniel Rodriguez,daniel.rodriguez.105@example.com,W3V9U8JOPy
106,Mark Lee,mark.lee.106@example.com,zcS3Udyof1
107,Matthew Sanchez,matthew.sanchez.107@example.com,GrF6lz5Y7x
108,Barbara Lewis,barbara.lewis.108@example.com,gafX5rHC8i
109,Betty Jones,betty.jones.109@example.com,MLBpd389FV
110,Daniel Lopez,daniel.lopez.110@example.com,hQpClLmACY
111,Joshua Thompson,joshua.thompson.111@example.com,DVBeNKSoF1
112,Michael White,michael.white.112@example.com,3bl9LLWZvy
113,Sarah Robinson,sarah.robinson.113@example.com,FPu6VaLQRo
114,Kimberly Taylor,kimberly.taylor.114@example.com,PD3P7hE7Aa
115,Linda Harris,linda.harris.115@example.com,7vUKAzTn7t
116,Daniel Martinez,daniel.martinez.116@example.com,DtjcDWF5l9
117,Nancy Martin,nancy.martin.117@example.com,jCPOWoNmM6
118,Sandra Young,sandra.young.118@example.com,djSS0V7XgU
119,Ashley Robinson,ashley.robinson.119@example.com,uxVR6sLU6H
120,Mary Thomas,mary.thomas.120@example.com,69zoUB3032
121,Linda Sanchez,linda.sanchez.121@example.com,bAivLu9XLN
122,Andrew Thomas,andrew.thomas.122@example.com,4N2cBghUBu
123,William Martinez,william.martinez.123@example.com,VewUJGBkYp
124,Matthew Clark,matthew.clark.124@example.com,vZcikXEyz6
125,Linda Taylor,linda.taylor.125@example.com,h10VPqSaSQ
126,Donna Johnson,donna.johnson.126@example.com,dfHeex1tAU
127,Michelle Jackson,michelle.jackson.127@example.com,qzBjJmCDvH
128,Michelle Jones,michelle.jones.128@example.com,G4nlegEKSf
129,Nancy Clark,nancy.clark.129@example.com,dHr0mK9gU3
130,Emily Jackson,emily.jackson.130@example.com,qFiae1O1Eu
131,Daniel Davis,daniel.davis.131@example.com,OtaEpcyxHR
132,Nancy Sanchez,nancy.sanchez.132@example.com,5jY7HeWPCT
133,Sarah Anderson,sarah.anderson.133@example.com,Z7wSQBCIq6
134,Mary White,mary.white.134@example.com,d4F84E9Bgd
135,Thomas Brown,thomas.brown.135@example.com,yxJPrW4f2b
136,Andrew Perez,andrew.perez.136@example.com,d0dQVkLCxg
137,Kimberly Lopez,kimberly.lopez.137@example.com,fc3Yzc7O1i
138,Michelle Johnson,michelle.johnson.138@example.com,Opwc8dqaLg
139,Margaret Sanchez,margaret.sanchez.139@example.com,c72pW4IcV0
140,Charles Jackson,charles.jackson.140@example.com,PTUFLeYRuq
141,Robert Garcia,robert.garcia.141@example.com,YUbIEOWlPr
142,William Jones,william.jones.142@example.com,2emsSYeGMA
143,Donna Sanchez,donna.sanchez.143@example.com,9hoRmyAl7l
144,Charles Williams,charles.williams.144@example.com,CfaB1AdUGC
145,Susan Smith,susan.smith.145@example.com,xGPvBjfSTI
146,Donna Martin,donna.martin.146@example.com,2SWKr7AEj3
147,Anthony Brown,anthony.brown.147@example.com,zQpi8kndb1
148,Thomas Martinez,thomas.martinez.148@example.com,cl4cKesLJY
149,Betty Young,betty.young.149@example.com,ZYB6uRfKwz
150,James Smith,james.smith.150@example.com,iBsPBsT28l
151,Matthew Anderson,matthew.anderson.151@example.com,MAm4gniGiH
152,Michael Rodriguez,michael.rodriguez.152@example.com,4y3kXAcKPU
153,Nancy Williams,nancy.williams.153@example.com,2GZf85BTZW
154,Lisa Lewis,lisa.lewis.154@example.com,q2aJ956jL1
155,Karen Thomas,karen.thomas.155@example.com,WcgXbbeM9q
156,Steven Taylor,steven.taylor.156@example.com,NxTn4po8Qk
157,Jennifer Lewis,jennifer.lewis.157@example.com,626yWeaoAZ
158,David Ramirez,david.ramirez.158@example.com,gV6cqiJ4p8
159,Elizabeth Rodriguez,elizabeth.rodriguez.159@example.com,y8Rb1z2xtP
160,Kimberly Miller,kimberly.miller.160@example.com,WeCVIykVEp
161,Mary Lopez,mary.lopez.161@example.com,LTLGqImUBT
162,Joseph Jackson,joseph.jackson.162@example.com,IlmNJHY7Vn
163,Joseph Martinez,joseph.martinez.163@example.com,M8IhNTqjiS
164,Kevin Smith,kevin.smith.164@example.com,JI9mrIEVZA
165,Susan Davis,susan.davis.165@example.com,KVgUUN4AH2
166,Joshua Clark,joshua.clark.166@example.com,hvhXYSw5sX
167,Andrew Lewis,andrew.lewis.167@example.com,ebjC6wlmR2
168,Michael Robinson,michael.robinson.168@example.com,Slow4d3cvt
169,Matthew Taylor,matthew.taylor.169@example.com,ywm9AFNtGL
170,Jennifer Wilson,jennifer.wilson.170@example.com,Ysppcud0rI
171,David Thompson,david.thompson.171@example.com,qbM02WGfEC
172,James Lopez,james.lopez.172@example.com,tlYfYKM1a8
173,Kevin Walker,kevin.walker.173@example.com,7hytyzSyuO
174,Emily Martin,emily.martin.174@example.com,XvPSw3kSzr
175,Robert Clark,robert.clark.175@example.com,0BSQhxALzk
176,Lisa Miller,lisa.miller.176@example.com,IJjv8TOl8s
177,Daniel Moore,daniel.moore.177@example.com,JoSbUYUYyW
178,Michael Taylor,michael.taylor.178@example.com,VowkjbRqna
179,Jennifer Young,jennifer.young.179@example.com,eUQ2n2Lqgc
180,Patricia Smith,patricia.smith.180@example.com,ISAgVgMaN7
181,Nancy Brown,nancy.brown.181@example.com,LlimYpeL7C
182,Nancy Jones,nancy.jones.182@example.com,muh7MfzEpr
183,Sarah Walker,sarah.walker.183@example.com,egjRGVnNHK
184,Sandra Brown,sandra.brown.184@example.com,GbkkGpLoWO
185,Barbara White,barbara.white.185@example.com,P1YjLCn1pj
186,Joseph Lewis,joseph.lewis.186@example.com,3QvRWBApaL
187,Betty Davis,betty.davis.187@example.com,5MYxfovU6y
188,Linda Young,linda.young.188@example.com,Mtva4wGRzX
189,Nancy Martin,nancy.martin.189@example.com,QS1mW3C7Fy
190,Robert Jones,robert.jones.190@example.com,ohcpNT3Eva
191,Andrew Garcia,andrew.garcia.191@example.com,J3uh9181Za
192,Elizabeth Perez,elizabeth.perez.192@example.com,P1obsuCWT3
193,Margaret Wilson,margaret.wilson.193@example.com,jXGvnEfi6d
194,Nancy Williams,nancy.williams.194@example.com,muQtHgd2UA
195,Michael Walker,michael.walker.195@example.com,7sROmlMvEj
196,James Anderson,james.anderson.196@example.com,XbaOaAdzmb
197,Margaret Martin,margaret.martin.197@example.com,YVhz7LwyMM
198,Mark Thomas,mark.thomas.198@example.com,Il7gRPDz4W
199,Thomas Thomas,thomas.thomas.199@example.com,2DEAXzxh8W
200,Robert Hernandez,robert.hernandez.200@example.com,d8lPHqAjJ0
201,Donald Davis,donald.davis.201@example.com,t3CpQ0Y5eq
202,Sarah Young,sarah.young.202@example.com,GFduLxVAB6
203,Donald Smith,donald.smith.203@example.com,Cl6tAniKMe
204,Emily Martinez,emily.martinez.204@example.com,N838saLnps
205,Ashley Martin,ashley.martin.205@example.com,KmQhIg5oZY
206,Michael Miller,michael.miller.206@example.com,qyL8pTMQ9J
207,Kevin Clark,kevin.clark.207@example.com,R6dJvAgQSQ
208,Andrew Garcia,andrew.garcia.208@example.com,0zaxigF0yj
209,Kimberly Taylor,kimberly.taylor.209@example.com,D6919DLHQm
210,Charles Jackson,charles.jackson.210@example.com,KAz4dWolbj
211,Patricia Hernandez,patricia.hernandez.211@example.com,jE3aXOMJX8
212,Ashley Ramirez,ashley.ramirez.212@example.com,1v3cY0bme6
213,David Ramirez,david.ramirez.213@example.com,nf1hheqTOR
214,Karen Clark,karen.clark.214@example.com,57GxbtewwL
215,Karen Harris,karen.harris.215@example.com,vQU6bbc7dl
216,Nancy Rodriguez,nancy.rodriguez.216@example.com,r3EjyTOWFj
217,David Anderson,david.anderson.217@example.com,01ePXz3VLW
218,Donna Clark,donna.clark.218@example.com,dtzNFBS9kv
219,David Davis,david.davis.219@example.com,870K3WItGe
220,Anthony Wilson,anthony.wilson.220@example.com,U8C3gB3Rvr
221,Margaret Clark,margaret.clark.221@example.com,A9V8n8MzaQ
222,Kevin Perez,kevin.perez.222@example.com,V6EwvH1VXN
223,Charles Gonzalez,charles.gonzalez.223@example.com,MTnFxWki78
224,Charles Ramirez,charles.ramirez.224@example.com,bYSWNkTvy1
225,Mary Walker,mary.walker.225@example.com,JhBjoylOMv
226,William Anderson,william.anderson.226@example.com,SfBvQYe4jS
227,Sandra Perez,sandra.perez.227@example.com,KBZE2H9gQ6
228,Elizabeth Gonzalez,elizabeth.gonzalez.228@example.com,UmpOXoiPI8
229,Karen Miller,karen.miller.229@example.com,cEwB7IosXM
230,Matthew Gonzalez,matthew.gonzalez.230@example.com,86dk3jL0TA
231,Michelle Gonzalez,michelle.gonzalez.231@example.com,XQEa0BAR1m
232,Mark Johnson,mark.johnson.232@example.com,UvT1OlTpcF
233,William Lewis,william.lewis.233@example.com,xalf1MNWTp
234,Michelle Davis,michelle.davis.234@example.com,aunntcdfSO
235,Charles Brown,charles.brown.235@example.com,38fclHrL72
236,Margaret Harris,margaret.harris.236@example.com,kKvF1T48EY
237,Jennifer Harris,jennifer.harris.237@example.com,v3iaJmvGI4
238,Donna Davis,donna.davis.238@example.com,ALmfceDxBN
239,Nancy Young,nancy.young.239@example.com,fNIdaqzhRN
240,Donna Walker,donna.walker.240@example.com,RBPGJSdDBA
241,John White,john.white.241@example.com,AggfYB80CU
242,Emily Sanchez,emily.sanchez.242@example.com,q4sEps0jNd
243,Matthew Taylor,matthew.taylor.243@example.com,HZPHX4m6mc
244,Margaret Jones,margaret.jones.244@example.com,so4B85Krcs
245,Karen Robinson,karen.robinson.245@example.com,fe9k9ktSoO
246,Margaret Sanchez,margaret.sanchez.246@example.com,23xXUhgSrc
247,Kimberly Taylor,kimberly.taylor.247@example.com,PSDTRR2VGY
248,James Martinez,james.martinez.248@example.com,F9h0mrHK7k
249,David Robinson,david.robinson.249@example.com,tK6bTKjC4h
250,William White,william.white.250@example.com,GvXUP0cb4C
251,Elizabeth Johnson,elizabeth.johnson.251@example.com,MJmdlWJHgW
252,William Taylor,william.taylor.252@example.com,XDdSKjk5WZ
253,Richard Lewis,richard.lewis.253@example.com,zbQADEKjF1
254,Anthony Anderson,anthony.anderson.254@example.com,BpAr02TC03
255,William Martinez,william.martinez.255@example.com,d6mUOhssXR
256,James Martinez,james.martinez.256@example.com,P0pdie1OWT
257,James Williams,james.williams.257@example.com,ZeKVMUik0s
258,Michael Perez,michael.perez.258@example.com,uKvWz8BQuF
259,Betty Miller,betty.miller.259@example.com,TwE6DqvHWL
260,Elizabeth Martin,elizabeth.martin.260@example.com,35hZKMwBlV
261,Patricia Jones,patricia.jones.261@example.com,E6tzhx9WLP
262,Sandra Anderson,sandra.anderson.262@example.com,rtzF3TEvyx
263,Barbara Lee,barbara.lee.263@example.com,bPuWaXRcqD
264,Jessica Perez,jessica.perez.264@example.com,BxN48AcaBA
265,Joshua Gonzalez,joshua.gonzalez.265@example.com,R4ZPdQ71uk
266,Daniel Johnson,daniel.johnson.266@example.com,U3hUypPgse
267,William Garcia,william.garcia.267@example.com,3x48a1S9in
268,Ashley Jackson,ashley.jackson.268@example.com,4rsryTi0HT
269,Donald Robinson,donald.robinson.269@example.com,rQmn4MimuQ
270,Elizabeth Taylor,elizabeth.taylor.270@example.com,l3wLVPExUR
271,Nancy Young,nancy.young.271@example.com,O6SUwpjru2
272,John Lewis,john.lewis.272@example.com,QDoRNvM0Uv
273,Sarah Ramirez,sarah.ramirez.273@example.com,MubAllLtIy
274,Mark Hernandez,mark.hernandez.274@example.com,fCcd2NVvY0
275,Lisa Taylor,lisa.taylor.275@example.com,lmNJo7XUzg
276,Jessica Smith,jessica.smith.276@example.com,mvWEJxKbUn
277,Emily Smith,emily.smith.277@example.com,LpMlpOYpYB
278,Daniel Walker,daniel.walker.278@example.com,za6THEGh5f
279,Richard Young,richard.young.279@example.com,T8oJ4oaziA
280,Richard Hernandez,richard.hernandez.280@example.com,moBK9J9MYb
281,Kimberly Lewis,kimberly.lewis.281@example.com,wUmbh6PYix
282,Donald Johnson,donald.johnson.282@example.com,l3VdtwoBHD
283,Susan Thomas,susan.thomas.283@example.com,bVQfOcX4th
284,Paul Young,paul.young.284@example.com,ck93FrWphO
285,Jennifer Rodriguez,jennifer.rodriguez.285@example.com,Wz50JtJY52
286,Daniel Moore,daniel.moore.286@example.com,HRSzRua6WW
287,Karen Lewis,karen.lewis.287@example.com,cjykxZ29JD
288,Ashley Rodriguez,ashley.rodriguez.288@example.com,Wc2oOU5NIs
289,Michelle Miller,michelle.miller.289@example.com,VQV3tRwz0f
290,Kimberly Anderson,kimberly.anderson.290@example.com,lBrFGEtXTC
291,Matthew Anderson,matthew.anderson.291@example.com,2zb8BCuAF5
292,Paul Thompson,paul.thompson.292@example.com,Pt2BRUgVYf
293,Donald Clark,donald.clark.293@example.com,K2dzv5NiQV
294,Thomas Anderson,thomas.anderson.294@example.com,CpAZf4cfKq
295,Robert Miller,robert.miller.295@example.com,tM8XCueV8h
296,Jennifer Robinson,jennifer.robinson.296@example.com,yJPBCSszAW
297,Richard Lopez,richard.lopez.297@example.com,QRrCFxNZ5o
298,Jessica Williams,jessica.williams.298@example.com,aVP13YUfCg
299,Robert Sanchez,robert.sanchez.299@example.com,uaV2H1QmVT
300,Karen Thomas,karen.thomas.300@example.com,EZCJ1y7Lcm
301,Michael Thompson,michael.thompson.301@example.com,BfSb5kBC0p
302,Elizabeth Moore,elizabeth.moore.302@example.com,Fz0KDsGqeX
303,Michelle Wilson,michelle.wilson.303@example.com,uceGOv7j32
304,Emily Thompson,emily.thompson.304@example.com,9yqoBlDEjJ
305,Karen Garcia,karen.garcia.305@example.com,0sSLGoLQSE
306,Mary Walker,mary.walker.306@example.com,5xPuBTEAge
307,Steven Young,steven.young.307@example.com,fkzpIOQlcq
308,Joseph Rodriguez,joseph.rodriguez.308@example.com,mobRWwVUAp
309,Sandra Clark,sandra.clark.309@example.com,5JKpy2YW9I
310,Linda Williams,linda.williams.310@example.com,ks2qeyTJdm
311,Paul Smith,paul.smith.311@example.com,TOpwArAM2p
312,William Robinson,william.robinson.312@example.com,S4zvMEAoeE
313,Robert Martin,robert.martin.313@example.com,FhVYTKejU0
314,Emily Young,emily.young.314@example.com,rHrR3Ssabm
315,Richard Johnson,richard.johnson.315@example.com,4ybUWPVB4N
316,Barbara Robinson,barbara.robinson.316@example.com,xTXtVii2hn
317,Jennifer Gonzalez,jennifer.gonzalez.317@example.com,caasYy8UH1
318,Elizabeth Walker,elizabeth.walker.318@example.com,R50CtzKvuH
319,Michelle Smith,michelle.smith.319@example.com,FWL3em4Cgv
320,Michael Martin,michael.martin.320@example.com,AS39XGJLbO
321,Nancy Brown,nancy.brown.321@example.com,8eoVsRaSFE
322,Steven Wilson,steven.wilson.322@example.com,iJj8sEQsEk
323,Anthony Robinson,anthony.robinson.323@example.com,BeTvjsMltF
324,Jennifer Johnson,jennifer.johnson.324@example.com,c129nVjLVj
325,Donald Brown,donald.brown.325@example.com,1LmRBs4sYC
326,Patricia Jones,patricia.jones.326@example.com,8pAiXUddtC
327,Jessica Lewis,jessica.lewis.327@example.com,4xxo4FxEDD
328,Anthony Walker,anthony.walker.328@example.com,TxpPyAllvh
329,Donald Miller,donald.miller.329@example.com,EvBI7o98q1
330,Nancy Robinson,nancy.robinson.330@example.com,4k0vQHnfDH
331,Sandra Martin,sandra.martin.331@example.com,u9jshk4Hjm
332,Mark Sanchez,mark.sanchez.332@example.com,kvcLp2dGHP
333,Andrew Jones,andrew.jones.333@example.com,8EgbqZUe1r
334,Donald Miller,donald.miller.334@example.com,j7NJ2lC7UH
335,Richard White,richard.white.335@example.com,rQOT9O1BqO
336,Jessica Robinson,jessica.robinson.336@example.com,r0WfoJxzVz
337,Andrew Rodriguez,andrew.rodriguez.337@example.com,Y2x5piNw0l
338,Thomas Robinson,thomas.robinson.338@example.com,VzpIAQl7Oy
339,James Garcia,james.garcia.339@example.com,p4bGAiOE3o
340,Emily Thomas,emily.thomas.340@example.com,nsnNxouYgQ
341,Richard Clark,richard.clark.341@example.com,IMf82VHBdd
342,Matthew Clark,matthew.clark.342@example.com,qRnOtEWbEq
343,Patricia Miller,patricia.miller.343@example.com,OyeLl0gDK3
344,Donald Jackson,donald.jackson.344@example.com,6yWCRMMc4R
345,Joseph Lee,joseph.lee.345@example.com,onoeFtlNeF
346,Ashley Garcia,ashley.garcia.346@example.com,sF6bGyAOAy
347,Ashley Anderson,ashley.anderson.347@example.com,diffX9kqcL
348,Betty Martinez,betty.martinez.348@example.com,U1CNH0T753
349,Matthew Perez,matthew.perez.349@example.com,K7aD9QSJed
350,Charles Clark,charles.clark.350@example.com,kEr2CJJIJS
351,Steven Thomas,steven.thomas.351@example.com,l2l7Ls3mkO
352,John Thompson,john.thompson.352@example.com,Hauzdbsq7Z
353,Patricia Thompson,patricia.thompson.353@example.com,HHFuK68lz8
354,Kimberly Clark,kimberly.clark.354@example.com,5MBWqbH5ZU
355,Mary Wilson,mary.wilson.355@example.com,I70Y78ovcm
356,Joseph Anderson,joseph.anderson.356@example.com,UlWUXiINfU
357,Andrew Thomas,andrew.thomas.357@example.com,iuLyknMGiU
358,Thomas Walker,thomas.walker.358@example.com,CfWyWy1pSm
359,Nancy Moore,nancy.moore.359@example.com,yVSKehmINk
360,Karen Jackson,karen.jackson.360@example.com,H4fTu4NfOy
361,Jessica Martin,jessica.martin.361@example.com,OYA8ZSGnrh
362,Patricia Thompson,patricia.thompson.362@example.com,OxUYnQXaSW
363,Paul Lopez,paul.lopez.363@example.com,pnqLGMkvN0
364,John Jackson,john.jackson.364@example.com,IswVIyx7Dx
365,Michael White,michael.white.365@example.com,zRj8BxI0hy
366,Thomas Walker,thomas.walker.366@example.com,QdnDoSKtb7
367,Joseph Moore,joseph.moore.367@example.com,jLRFDhAT3X
368,Linda Gonzalez,linda.gonzalez.368@example.com,N6MPXfFBDv
369,Elizabeth Smith,elizabeth.smith.369@example.com,Hc3iYNrHWw
370,Daniel Garcia,daniel.garcia.370@example.com,ebyPT9Av1C
371,Karen White,karen.white.371@example.com,CYKJUyDKzA
372,Susan Gonzalez,susan.gonzalez.372@example.com,O1FXJ8duO5
373,Robert Lewis,robert.lewis.373@example.com,yGKafxfvtE
374,Matthew Gonzalez,matthew.gonzalez.374@example.com,Qk9OeLlW7W
375,Steven Martinez,steven.martinez.375@example.com,j9muz45Liv
376,John Lewis,john.lewis.376@example.com,WQWwfNtHQx
377,Patricia Martin,patricia.martin.377@example.com,UTtMPkvpLY
378,Elizabeth Walker,elizabeth.walker.378@example.com,eCOTTSLOmp
379,Sarah Sanchez,sarah.sanchez.379@example.com,KSL8g3Nft3
380,Sandra Clark,sandra.clark.380@example.com,IUHjUJJqlN
381,Paul Thomas,paul.thomas.381@example.com,TxXGwPT8Dr
382,Karen Moore,karen.moore.382@example.com,ur1ZIwUyMw
383,Joshua Walker,joshua.walker.383@example.com,Uz6HTHp1JI
384,Joseph White,joseph.white.384@example.com,PtBDTUPsIP
385,Karen Perez,karen.perez.385@example.com,YyK9Ck2eKV
386,Paul Jackson,paul.jackson.386@example.com,f12Y34IGJU
387,Ashley Young,ashley.young.387@example.com,uzaQO3YWEn
388,Donald Davis,donald.davis.388@example.com,nOqZi0y4Lh
389,Donna Moore,donna.moore.389@example.com,7hI6D7rdkr
390,Susan Gonzalez,susan.gonzalez.390@example.com,BlU5sV4nJm
391,Donna Ramirez,donna.ramirez.391@example.com,1BVasFnx1X
392,Matthew Thomas,matthew.thomas.392@example.com,3abtElBxxm
393,Kimberly Harris,kimberly.harris.393@example.com,4OvmYerhDO
394,Mark Harris,mark.harris.394@example.com,ExRNZr2OIO
395,Paul Jones,paul.jones.395@example.com,BWxxaE3ez2
396,Emily Garcia,emily.garcia.396@example.com,fdmvB9z51Z
397,Charles White,charles.white.397@example.com,S2Qed0Dvgl
398,Kimberly Robinson,kimberly.robinson.398@example.com,kGgJeSG1vC
399,Joshua Williams,joshua.williams.399@example.com,r6ysz005jY
400,Matthew White,matthew.white.400@example.com,ZGNgJ5tBVK
401,Matthew Davis,matthew.davis.401@example.com,12VvtEXEmi
402,Betty Anderson,betty.anderson.402@example.com,2q7EoXq0Fs
403,James Thomas,james.thomas.403@example.com,AqTcZg7T8m
404,Michelle Brown,michelle.brown.404@example.com,C6cai9uMqd
405,Ashley Robinson,ashley.robinson.405@example.com,H4ygAOKj8d
406,Kevin Gonzalez,kevin.gonzalez.406@example.com,FtftKYJLWd
407,Donald Davis,donald.davis.407@example.com,1ogFcCBdPW
408,William Martin,william.martin.408@example.com,t0hnXZ1wp9
409,Lisa Gonzalez,lisa.gonzalez.409@example.com,V1gTEc724M
410,Kevin Lee,kevin.lee.410@example.com,icMhDhu0ZE
411,Charles Taylor,charles.taylor.411@example.com,W04Tf8Lkio
412,Kimberly Lopez,kimberly.lopez.412@example.com,83YO0XANqD
413,Michael Jackson,michael.jackson.413@example.com,Um7RNrh0wy
414,Linda Ramirez,linda.ramirez.414@example.com,S5Y16lkAja
415,Mary Rodriguez,mary.rodriguez.415@example.com,RMH8UTKEZ6
416,Linda Clark,linda.clark.416@example.com,1XUyykwVHN
417,Mark Gonzalez,mark.gonzalez.417@example.com,U7XxGJJdez
418,Joshua Johnson,joshua.johnson.418@example.com,JLxnpg4pQA
419,Ashley Smith,ashley.smith.419@example.com,rJZKmoktmk
420,Nancy Young,nancy.young.420@example.com,2tZUTKrWeB
421,Mark Gonzalez,mark.gonzalez.421@example.com,YuXVrgK9kC
422,Mary Wilson,mary.wilson.422@example.com,5rRGMnVfSS
423,Karen Sanchez,karen.sanchez.423@example.com,t6KkTuaYgh
424,Michelle Walker,michelle.walker.424@example.com,XceptfyIxf
425,Margaret Williams,margaret.williams.425@example.com,slD9xXutMN
426,Matthew Thomas,matthew.thomas.426@example.com,36LdoKBS9O
427,Anthony Anderson,anthony.anderson.427@example.com,0zwJEgczqI
428,Mark Miller,mark.miller.428@example.com,msGggAOTt5
429,Linda Martin,linda.martin.429@example.com,5mL67oe4jt
430,Robert Perez,robert.perez.430@example.com,5XYYwHIqMM
431,Sarah Thompson,sarah.thompson.431@example.com,9vfQggNIx5
432,Thomas Lee,thomas.lee.432@example.com,hMezZpsP3t
433,Andrew Taylor,andrew.taylor.433@example.com,MB8w3cafBe
434,Matthew Martin,matthew.martin.434@example.com,YNPB6YxGgJ
435,Matthew Martin,matthew.martin.435@example.com,mEd3hKnAlS
436,Paul Hernandez,paul.hernandez.436@example.com,3gw1vI9iYr
437,Jennifer Taylor,jennifer.taylor.437@example.com,iEmiJlhPCc
438,Susan Lewis,susan.lewis.438@example.com,mgzgu8d9yC
439,Ashley Ramirez,ashley.ramirez.439@example.com,L2pmpX8G8K
440,Anthony Hernandez,anthony.hernandez.440@example.com,SZKYxrXHsZ
441,Mary Clark,mary.clark.441@example.com,dfq0eSvbuD
442,Kimberly Lewis,kimberly.lewis.442@example.com,XlLlpOA9Uu
443,David Moore,david.moore.443@example.com,0JrbjRjpkL
444,Robert Jones,robert.jones.444@example.com,kkKQJTDNKt
445,Karen Anderson,karen.anderson.445@example.com,78FGDXsmAY
446,Elizabeth Gonzalez,elizabeth.gonzalez.446@example.com,P4HxXaxaRG
447,Nancy Sanchez,nancy.sanchez.447@example.com,AseSU47NWK
448,Kevin Martin,kevin.martin.448@example.com,U2aMCJLVX0
449,Michelle Garcia,michelle.garcia.449@example.com,q9sbQKGTbP
450,Donald Jackson,donald.jackson.450@example.com,2KsCITppFP
451,Daniel Perez,daniel.perez.451@example.com,CnVvLqQx2v
452,Anthony Martinez,anthony.martinez.452@example.com,HvP1rJqNqA
453,Kimberly Perez,kimberly.perez.453@example.com,uP9YZ0dhYP
454,David Wilson,david.wilson.454@example.com,q9LldXVCGa
455,Matthew Lopez,matthew.lopez.455@example.com,8PIh8U8geq
456,Charles Taylor,charles.taylor.456@example.com,H2worAY987
457,Mary Jones,mary.jones.457@example.com,oKa5HoBzZ9
458,Patricia Taylor,patricia.taylor.458@example.com,ASs3OaduhO
459,Joshua Johnson,joshua.johnson.459@example.com,50D1BtcNWY
460,Mark Martin,mark.martin.460@example.com,S2839jtZbD
461,Emily Lopez,emily.lopez.461@example.com,Rpe1tRKMbL
462,Daniel Clark,daniel.clark.462@example.com,XLXzgZnAac
463,Jessica Anderson,jessica.anderson.463@example.com,rQLic3e1ar
464,Patricia Ramirez,patricia.ramirez.464@example.com,Qa5Zbu5mA4
465,Sandra Jackson,sandra.jackson.465@example.com,YPZ6bHvRuo
466,Mary White,mary.white.466@example.com,mV5rcnC35m
467,Michael Harris,michael.harris.467@example.com,uA7NpzI0Go
468,Mary Hernandez,mary.hernandez.468@example.com,y1kncwFNF4
469,Donald Anderson,donald.anderson.469@example.com,nLwB3dJXTW
470,Susan Rodriguez,susan.rodriguez.470@example.com,Komy8FhynS
471,Elizabeth Lopez,elizabeth.lopez.471@example.com,dp1IdCLNTS
472,Mark Davis,mark.davis.472@example.com,4viYUbehaz
473,Paul Sanchez,paul.sanchez.473@example.com,TKit9TTs6z
474,Anthony Martin,anthony.martin.474@example.com,IXZCtdgrXE
475,Robert Gonzalez,robert.gonzalez.475@example.com,0XnPmYRp5k
476,Jessica Thompson,jessica.thompson.476@example.com,JvII2bi5rn
477,Matthew Young,matthew.young.477@example.com,E5KUgvzWhd
478,Donald Davis,donald.davis.478@example.com,00Z3ag8igi
479,Robert Harris,robert.harris.479@example.com,nb6eE7wDxS
480,Jennifer Smith,jennifer.smith.480@example.com,hqTEJlSu2F
481,Nancy Robinson,nancy.robinson.481@example.com,n8U7T72SNE
482,Charles Johnson,charles.johnson.482@example.com,PhPtrVudhw
483,Patricia Perez,patricia.perez.483@example.com,Neag9MUqKJ
484,Andrew Wilson,andrew.wilson.484@example.com,LImYeiVGdk
485,Joshua Miller,joshua.miller.485@example.com,gV59Nsgydz
486,Matthew Smith,matthew.smith.486@example.com,gc03TWqiSk
487,Jennifer Young,jennifer.young.487@example.com,95EZbmVVGd
488,Patricia Rodriguez,patricia.rodriguez.488@example.com,xwWV9pwNfu
489,Robert Taylor,robert.taylor.489@example.com,xp1A70wZmm
490,Andrew Garcia,andrew.garcia.490@example.com,421IZvAJcU
491,Jessica Johnson,jessica.johnson.491@example.com,i8H2L6gS7H
492,Michael Wilson,michael.wilson.492@example.com,KMEWWwHIY2
493,Joshua Hernandez,joshua.hernandez.493@example.com,C0YeMr7dKi
494,Joshua Sanchez,joshua.sanchez.494@example.com,xNBtA9h5iu
495,Ashley Miller,ashley.miller.495@example.com,n7o8ad9Gmh
496,Paul Lee,paul.lee.496@example.com,TXBXDZTTmX
497,Michael Davis,michael.davis.497@example.com,HlCaFWtljh
498,Patricia Moore,patricia.moore.498@example.com,mBm0xXWOBt
499,Margaret Martinez,margaret.martinez.499@example.com,n39ezbwzkM
500,Daniel Thompson,daniel.thompson.500@example.com,TXJZh0BFMt
501,Lisa Jackson,lisa.jackson.501@example.com,ctAJnha6Co
502,Donald Anderson,donald.anderson.502@example.com,0L19mVgESX
503,Michael Anderson,michael.anderson.503@example.com,4ZDRZEJaXF
504,John Martin,john.martin.504@example.com,PlEhXPBmOq
505,Paul Garcia,paul.garcia.505@example.com,CjjsDpm4lG
506,Matthew Robinson,matthew.robinson.506@example.com,C2NEA6Juno
507,Ashley Harris,ashley.harris.507@example.com,DkFFbVkQY1
508,Donna Harris,donna.harris.508@example.com,OXgBSyX9hG
509,Sandra Jones,sandra.jones.509@example.com,Cqazim5vTs
510,Andrew Rodriguez,andrew.rodriguez.510@example.com,1SfhUc4zQ6
511,Joshua Harris,joshua.harris.511@example.com,1CFLRfnYBg
512,Kevin Martin,kevin.martin.512@example.com,SLWqAh3OHC
513,Jennifer Young,jennifer.young.513@example.com,qXzLZYQb9W
514,Paul Jackson,paul.jackson.514@example.com,8CC9TMogRr
515,John Williams,john.williams.515@example.com,k9oYTDpHTQ
516,James Williams,james.williams.516@example.com,D5dMdwl2p2
517,Donald Moore,donald.moore.517@example.com,7owHRTLQIH
518,Kevin Jones,kevin.jones.518@example.com,Op09qxCkvf
519,Linda Taylor,linda.taylor.519@example.com,TSNY0gWIbc
520,Matthew Wilson,matthew.wilson.520@example.com,ZCZcDrae2Q
521,Steven Harris,steven.harris.521@example.com,9Ztqv37sl7
522,Sandra Martin,sandra.martin.522@example.com,yoq1JYwcVX
523,Lisa Smith,lisa.smith.523@example.com,Fp90mFHy3X
524,Donna Hernandez,donna.hernandez.524@example.com,hEAd6MNmNL
525,Kimberly Gonzalez,kimberly.gonzalez.525@example.com,3pNzmYbZYr
526,Barbara Martin,barbara.martin.526@example.com,QcxsVkuKF3
527,Lisa Lewis,lisa.lewis.527@example.com,fZ1meaijOE
528,Daniel Martinez,daniel.martinez.528@example.com,z0V0T7ZOo3
529,Patricia Hernandez,patricia.hernandez.529@example.com,2xPQxbrENp
530,Thomas Wilson,thomas.wilson.530@example.com,qFtdDrj7ip
531,Kimberly Harris,kimberly.harris.531@example.com,5giXmsRQp3
532,Mary Anderson,mary.anderson.532@example.com,E83MjrpODv
533,Richard Williams,richard.williams.533@example.com,DQo031y3Qa
534,Michael Ramirez,michael.ramirez.534@example.com,rgSg1c2FH7
535,Kevin Sanchez,kevin.sanchez.535@example.com,JQPobfrieG
536,Margaret Ramirez,margaret.ramirez.536@example.com,6Irkr9lgrz
537,Lisa Hernandez,lisa.hernandez.537@example.com,NpOLPlFRYv
538,Michelle Clark,michelle.clark.538@example.com,7aeHRf1Z5Z
539,John Martin,john.martin.539@example.com,7zmR4nqTcR
540,Daniel Moore,daniel.moore.540@example.com,fOo6TMGZBL
541,Michael Smith,michael.smith.541@example.com,DlNd2FTV4O
542,Steven Martin,steven.martin.542@example.com,OieRuimUv7
543,Paul Johnson,paul.johnson.543@example.com,Orhj5rWRkv
544,David Taylor,david.taylor.544@example.com,VOwADvZ7PB
545,Daniel Moore,daniel.moore.545@example.com,ILWTySO7V7
546,Susan Robinson,susan.robinson.546@example.com,HuLJh1Fz4W
547,Mary Perez,mary.perez.547@example.com,s2YN97xtlt
548,Elizabeth Perez,elizabeth.perez.548@example.com,Pvif7BQgaO
549,Susan Taylor,susan.taylor.549@example.com,QcNYAo7anH
550,Kimberly Harris,kimberly.harris.550@example.com,awHHulO2t7
551,Barbara Walker,barbara.walker.551@example.com,At8fdYxsyg
552,Michelle Martin,michelle.martin.552@example.com,GXVxGLF9zt
553,Thomas White,thomas.white.553@example.com,kzmLc5Tjjm
554,Linda Clark,linda.clark.554@example.com,ZLATfW3fbJ
555,John Lee,john.lee.555@example.com,iQ1jz3zcR7
556,Daniel Martinez,daniel.martinez.556@example.com,hRxw2q5isT
557,Nancy Lopez,nancy.lopez.557@example.com,qQ39yNkcrM
558,Richard Wilson,richard.wilson.558@example.com,lTgylfpGUh
559,Jennifer Davis,jennifer.davis.559@example.com,ixHz4iwHDz
560,Betty Hernandez,betty.hernandez.560@example.com,VzLquzgcJj
561,Donna Miller,donna.miller.561@example.com,4n8XgysZom
562,Anthony Moore,anthony.moore.562@example.com,OPj5GaqDOH
563,Margaret Smith,margaret.smith.563@example.com,oWnH5ASPJp
564,Matthew Harris,matthew.harris.564@example.com,N5tpjVRdU3
565,Linda Walker,linda.walker.565@example.com,JfxDbTLefj
566,Margaret Martin,margaret.martin.566@example.com,JM4qHT0ttt
567,Donna Hernandez,donna.hernandez.567@example.com,tesT12b9Aa
568,Sandra Williams,sandra.williams.568@example.com,MpJj1dlZtR
569,Linda Martinez,linda.martinez.569@example.com,pQFWDGe4N0
570,Jennifer Garcia,jennifer.garcia.570@example.com,PQGFYGKxZg
571,Michelle Williams,michelle.williams.571@example.com,EBQZs8diNc
572,James Thompson,james.thompson.572@example.com,dFLC2EopqD
573,Daniel Wilson,daniel.wilson.573@example.com,tOux79Y00x
574,Richard Rodriguez,richard.rodriguez.574@example.com,oireHsVBaP
575,Paul Sanchez,paul.sanchez.575@example.com,DNy3VOWmPW
576,Andrew Hernandez,andrew.hernandez.576@example.com,brzeaTzCdq
577,James Hernandez,james.hernandez.577@example.com,0LeS14jhKr
578,Emily Sanchez,emily.sanchez.578@example.com,NuMgDpemPH
579,David White,david.white.579@example.com,stG4jds3ds
580,Michael Perez,michael.perez.580@example.com,3EtzviHoqJ
581,Matthew Lopez,matthew.lopez.581@example.com,9Hoz8fQoLq
582,Donna Gonzalez,donna.gonzalez.582@example.com,zT9bIANFcD
583,Jessica Moore,jessica.moore.583@example.com,yYZw0UCteF
584,Sandra Moore,sandra.moore.584@example.com,jgj5inWPeW
585,Betty Anderson,betty.anderson.585@example.com,wFqvWKDJWw
586,Barbara Garcia,barbara.garcia.586@example.com,qYvvNubV1D
587,Elizabeth Brown,elizabeth.brown.587@example.com,6TiqYDLe5i
588,Jessica Clark,jessica.clark.588@example.com,O7ACQNcOE5
589,Betty Jackson,betty.jackson.589@example.com,byBrrgz0Xb
590,Donald Martinez,donald.martinez.590@example.com,98BP3EnOXB
591,Daniel Martin,daniel.martin.591@example.com,qHvxdZQqsi
592,David Ramirez,david.ramirez.592@example.com,euOrwEf9B8
593,Donna Hernandez,donna.hernandez.593@example.com,gwoHmlAZ4g
594,Margaret Martin,margaret.martin.594@example.com,XSR0MkOQJp
595,Andrew Young,andrew.young.595@example.com,tb41U4kZNT
596,Matthew Smith,matthew.smith.596@example.com,hEHktH64jC
597,Elizabeth Jones,elizabeth.jones.597@example.com,2GYDhmbasT
598,Susan Ramirez,susan.ramirez.598@example.com,eWjdbNjgro
599,Robert Jackson,robert.jackson.599@example.com,77lInJFPe7
600,Ashley Young,ashley.young.600@example.com,XqAWbrtDVd
601,Andrew Rodriguez,andrew.rodriguez.601@example.com,y2p5QExtC5
602,John Johnson,john.johnson.602@example.com,Q9HHJRJbh3
603,Mary Harris,mary.harris.603@example.com,Y3p1UtPBBO
604,Emily Gonzalez,emily.gonzalez.604@example.com,DzagEAoe9W
605,Jennifer Wilson,jennifer.wilson.605@example.com,VVUKXyALdD
606,Susan Gonzalez,susan.gonzalez.606@example.com,yV19yVkEtw
607,Charles Harris,charles.harris.607@example.com,d2yP35jtnt
608,Lisa Smith,lisa.smith.608@example.com,BP0lt16se2
609,Donald Thomas,donald.thomas.609@example.com,zbxzTN5d4A
610,Mary Lee,mary.lee.610@example.com,AD6ssqEXoi
611,William Jones,william.jones.611@example.com,SX7LVg9KS8
612,Donald Sanchez,donald.sanchez.612@example.com,VWHyDX1BkP
613,Sandra Garcia,sandra.garcia.613@example.com,4WgNdSlsEk
614,Karen Ramirez,karen.ramirez.614@example.com,sFJ5D7Ljaz
615,Betty Lewis,betty.lewis.615@example.com,6lHgmGHE8b
616,Donald Young,donald.young.616@example.com,7kwXFiCLyO
617,Barbara Anderson,barbara.anderson.617@example.com,0e846OdReN
618,William Clark,william.clark.618@example.com,CxXYVKMXv2
619,Emily Davis,emily.davis.619@example.com,x7iLmjoIZF
620,Donna Martin,donna.martin.620@example.com,ISHsEd2Mbv
621,Ashley Martin,ashley.martin.621@example.com,g3I4sbGJzu
622,Susan Miller,susan.miller.622@example.com,pLY5LuUTvK
623,Matthew Perez,matthew.perez.623@example.com,XxnP9YEAfo
624,William Davis,william.davis.624@example.com,IgfrxUw3yT
625,Charles Davis,charles.davis.625@example.com,CH723Vlbw9
626,Sandra Lopez,sandra.lopez.626@example.com,NUGjG5Hzdv
627,Nancy Robinson,nancy.robinson.627@example.com,jvp24o2eLe
628,Jennifer Sanchez,jennifer.sanchez.628@example.com,PQQRIJ1KPI
629,James Sanchez,james.sanchez.629@example.com,QgpcftukFW
630,Michael Walker,michael.walker.630@example.com,QVseE43Wq8
631,Michelle White,michelle.white.631@example.com,GOe6Eomngz
632,James Harris,james.harris.632@example.com,aSwIV9Tw58
633,Sarah Garcia,sarah.garcia.633@example.com,5EQa5tQvke
634,Sandra Sanchez,sandra.sanchez.634@example.com,h0LqOFDAIa
635,David Robinson,david.robinson.635@example.com,2gpK6A7jxs
636,Michael Miller,michael.miller.636@example.com,ct05fxAQ7e
637,Andrew Harris,andrew.harris.637@example.com,uHiALLxJjh
638,Linda Ramirez,linda.ramirez.638@example.com,Wg0GZU6YTX
639,David Lopez,david.lopez.639@example.com,yNvTU4le9k
640,Barbara Sanchez,barbara.sanchez.640@example.com,N9DchsL6iO
641,Mary Harris,mary.harris.641@example.com,8y1ezoxZTp
642,Daniel Miller,daniel.miller.642@example.com,wGcOsvCFnc
643,Susan Davis,susan.davis.643@example.com,czU23VlsAp
644,Elizabeth Perez,elizabeth.perez.644@example.com,JUV83GET0H
645,Betty Clark,betty.clark.645@example.com,PHDfpylczk
646,Patricia Harris,patricia.harris.646@example.com,70ixpHrDfq
647,Paul Wilson,paul.wilson.647@example.com,gASfqQxiZv
648,Nancy Garcia,nancy.garcia.648@example.com,qSqe5wDp34
649,Donald Davis,donald.davis.649@example.com,0l9lxYKnYJ
650,Ashley Harris,ashley.harris.650@example.com,83LSn4eGWp
651,Emily Sanchez,emily.sanchez.651@example.com,fLFUAQ4kZl
652,Jennifer Thomas,jennifer.thomas.652@example.com,tWxtRtxagL
653,Mary Gonzalez,mary.gonzalez.653@example.com,BQ67P6NErd
654,Richard Jones,richard.jones.654@example.com,vz0Jkcxe3F
655,Mark Lee,mark.lee.655@example.com,AU9l1Zi94Q
656,Kevin Brown,kevin.brown.656@example.com,q5uCrerogV
657,Margaret Harris,margaret.harris.657@example.com,qSaT0cpPzo
658,Mark Taylor,mark.taylor.658@example.com,daSnyTK6ru
659,Patricia Jones,patricia.jones.659@example.com,pyR4UHnfMy
660,Barbara Lee,barbara.lee.660@example.com,6Dbk9nPDO9
661,Donna Johnson,donna.johnson.661@example.com,23pfgCtL8f
662,Patricia Taylor,patricia.taylor.662@example.com,DAeF2QHbe8
663,Sandra Miller,sandra.miller.663@example.com,IDbh7nIpQp
664,Mark Brown,mark.brown.664@example.com,OyzGjZTdOO
665,Donald White,donald.white.665@example.com,s2dYOj86il
666,Richard Sanchez,richard.sanchez.666@example.com,aLM5pYgwbt
667,Joshua Martinez,joshua.martinez.667@example.com,umwo4FPLMY
668,Mark Rodriguez,mark.rodriguez.668@example.com,ozDKoGWCwK
669,Donald Anderson,donald.anderson.669@example.com,2J86qAxT5Y
670,Donna Hernandez,donna.hernandez.670@example.com,rQ2HdsHDmI
671,John Young,john.young.671@example.com,QuDgb4DVOj
672,Robert Gonzalez,robert.gonzalez.672@example.com,CGmvtsfEQa
673,Susan Miller,susan.miller.673@example.com,CKUCNCEXqR
674,James Gonzalez,james.gonzalez.674@example.com,QFG91tdqUx
675,Michael Clark,michael.clark.675@example.com,WZWSOdyK4Y
676,James Robinson,james.robinson.676@example.com,JcxKnN108H
677,Robert Gonzalez,robert.gonzalez.677@example.com,cbL9OgFXTy
678,Betty Thompson,betty.thompson.678@example.com,7nZpZAcCa3
679,Thomas Garcia,thomas.garcia.679@example.com,GJiCrkOgFj
680,Patricia Moore,patricia.moore.680@example.com,XTE8XsbAqq
681,Margaret Taylor,margaret.taylor.681@example.com,fuFUxfN8ms
682,Mark Thompson,mark.thompson.682@example.com,qOMhE36qCO
683,Barbara Perez,barbara.perez.683@example.com,CdktYrt14Z
684,Donald Lewis,donald.lewis.684@example.com,LDBDYC6Rqr
685,John Smith,john.smith.685@example.com,C2FRInOn1a
686,Elizabeth Perez,elizabeth.perez.686@example.com,FNCNW0PBcU
687,Mary Sanchez,mary.sanchez.687@example.com,Z8FH5IvsoM
688,Patricia Davis,patricia.davis.688@example.com,YUlvSdAceR
689,Barbara Brown,barbara.brown.689@example.com,8DZcoPfCJG
690,Betty Wilson,betty.wilson.690@example.com,fNPjrFSoWe
691,John Jones,john.jones.691@example.com,yxO5ZE5tmr
692,Linda Lee,linda.lee.692@example.com,vbmTLCjXtY
693,Ashley Jackson,ashley.jackson.693@example.com,5VcS5stmED
694,Kimberly Johnson,kimberly.johnson.694@example.com,3JXBis2kwA
695,Andrew Smith,andrew.smith.695@example.com,pYiGNFCnaf
696,Michelle Smith,michelle.smith.696@example.com,Qabd40HHxO
697,Charles Taylor,charles.taylor.697@example.com,SmCHzZbaLI
698,Mary Martin,mary.martin.698@example.com,6wQpdyNWqE
699,Jennifer Johnson,jennifer.johnson.699@example.com,xHL0iaicEK
700,James Thompson,james.thompson.700@example.com,0ZkB6f219r
701,Paul Walker,paul.walker.701@example.com,ouoxg1s64v
702,Linda Sanchez,linda.sanchez.702@example.com,uHq6TTuHYU
703,Anthony Wilson,anthony.wilson.703@example.com,jG9AXkJt4j
704,Anthony Walker,anthony.walker.704@example.com,Hu6eDvaUt6
705,Matthew Jones,matthew.jones.705@example.com,WC3ZDeEDJp
706,Kimberly Taylor,kimberly.taylor.706@example.com,epCI8rE358
707,Ashley Gonzalez,ashley.gonzalez.707@example.com,zmljLUEnDv
708,Andrew Lee,andrew.lee.708@example.com,0ynHa3JC6d
709,Mary Ramirez,mary.ramirez.709@example.com,4uCrkBdCiq
710,Steven Johnson,steven.johnson.710@example.com,OO51kY5Ks2
711,Andrew Wilson,andrew.wilson.711@example.com,1UdjY7dJPH
712,Ashley Jackson,ashley.jackson.712@example.com,PAIiwaE7uR
713,Kimberly Jackson,kimberly.jackson.713@example.com,YtNurNVCDg
714,Jennifer Harris,jennifer.harris.714@example.com,M9fpUMTCCi
715,Matthew Anderson,matthew.anderson.715@example.com,zeJGfXKYeB
716,Sarah Garcia,sarah.garcia.716@example.com,bRr6ZNpcjl
717,Linda Lewis,linda.lewis.717@example.com,6GCHGsgOFJ
718,William Ramirez,william.ramirez.718@example.com,CuRSOe4MiE
719,Elizabeth Walker,elizabeth.walker.719@example.com,RWz3YgRVYQ
720,Lisa Thomas,lisa.thomas.720@example.com,yncFRe8pZM
721,Daniel Sanchez,daniel.sanchez.721@example.com,SERSdBrJ7S
722,Lisa Wilson,lisa.wilson.722@example.com,L7yllCeefa
723,Kimberly Lopez,kimberly.lopez.723@example.com,oDWnSHv3VL
724,Steven Perez,steven.perez.724@example.com,dzc7DwwJDD
725,Andrew Lopez,andrew.lopez.725@example.com,C0jB37W7dc
726,James Ramirez,james.ramirez.726@example.com,L7XJX94Wli
727,Kevin Sanchez,kevin.sanchez.727@example.com,6nRx7Oq2r1
728,Patricia Smith,patricia.smith.728@example.com,hkz8AnxkVc
729,Mary Moore,mary.moore.729@example.com,DPQkecAwGq
730,Jennifer Johnson,jennifer.johnson.730@example.com,JYc9DXdRBW
731,Joseph Jackson,joseph.jackson.731@example.com,gD7B8pXFUC
732,Anthony Perez,anthony.perez.732@example.com,CBoGMQgyDm
733,Jennifer White,jennifer.white.733@example.com,0YeBj1JgGz
734,Matthew Clark,matthew.clark.734@example.com,gl4TIFrpxP
735,Steven Jones,steven.jones.735@example.com,q4ZxKksZf6
736,Betty Thompson,betty.thompson.736@example.com,ZVf4OwcgUy
737,Mark Anderson,mark.anderson.737@example.com,eeu7wHDCio
738,Andrew Lee,andrew.lee.738@example.com,oCtxrbenel
739,Ashley Johnson,ashley.johnson.739@example.com,Gr1EtxD791
740,Anthony Lee,anthony.lee.740@example.com,QhxP7pgEM7
741,Richard Lee,richard.lee.741@example.com,FhY4A9NnD8
742,Michael Williams,michael.williams.742@example.com,VPKgTzX495
743,Michael Lopez,michael.lopez.743@example.com,9fozvHzifz
744,James Hernandez,james.hernandez.744@example.com,rgp8zOef9A
745,David Rodriguez,david.rodriguez.745@example.com,6fkKBYGwCO
746,Karen Clark,karen.clark.746@example.com,CBZFA0lvJ3
747,Sarah Jones,sarah.jones.747@example.com,o6GonuOyjG
748,Daniel Williams,daniel.williams.748@example.com,SypK02qwVs
749,Donald Jones,donald.jones.749@example.com,DhTg3cFlau
750,Linda Miller,linda.miller.750@example.com,uVwOtSi5Fx
751,Emily Clark,emily.clark.751@example.com,f37p3VBCjc
752,Jennifer Lewis,jennifer.lewis.752@example.com,09dRfDmh1q
753,Sarah Perez,sarah.perez.753@example.com,aKTe137bO3
754,Matthew Lee,matthew.lee.754@example.com,LlW8R6MJFL
755,Karen Jones,karen.jones.755@example.com,2rEY6k3QEv
756,Sandra Gonzalez,sandra.gonzalez.756@example.com,XNg8D3mljF
757,Charles Wilson,charles.wilson.757@example.com,y0hWY7q5BT
758,Jessica Martin,jessica.martin.758@example.com,mrV1WOI5cm
759,Thomas Smith,thomas.smith.759@example.com,9b7x81h4Kt
760,Linda Anderson,linda.anderson.760@example.com,S0heTpmdWI
761,Richard Martinez,richard.martinez.761@example.com,XA34GfwPqE
762,Sandra Ramirez,sandra.ramirez.762@example.com,DAA3Yt2PS5
763,Margaret Brown,margaret.brown.763@example.com,1UQlDSup0T
764,William Miller,william.miller.764@example.com,VhwBGAjqkT
765,Donna Anderson,donna.anderson.765@example.com,ZLxHghloV3
766,Mary Taylor,mary.taylor.766@example.com,qIpiKTrAhp
767,Paul Thomas,paul.thomas.767@example.com,Jz9CuqHqwa
768,Sarah Thompson,sarah.thompson.768@example.com,km5nfiZtmp
769,William Walker,william.walker.769@example.com,GAFLskrjxD
770,Susan Thomas,susan.thomas.770@example.com,3YIjEhhdMT
771,Betty Sanchez,betty.sanchez.771@example.com,jKj9W5QUwr
772,Elizabeth Thompson,elizabeth.thompson.772@example.com,w5AS0PqoFN
773,Joseph Jones,joseph.jones.773@example.com,qFJIMMUXVR
774,Steven Harris,steven.harris.774@example.com,D4CWu8VkEx
775,Kimberly Perez,kimberly.perez.775@example.com,QvyQFgN4uu
776,Sarah Lewis,sarah.lewis.776@example.com,OkYIZ5BeqG
777,Susan Brown,susan.brown.777@example.com,75WNJi1TX7
778,Robert Davis,robert.davis.778@example.com,2ixSZXbmYG
779,Donald Anderson,donald.anderson.779@example.com,g4jmvgbigI
780,Donald Moore,donald.moore.780@example.com,6NPZRLbS6m
781,Kevin Martinez,kevin.martinez.781@example.com,Yz5yqnfr9d
782,Nancy Taylor,nancy.taylor.782@example.com,9P2FCDPglz
783,Jessica Thompson,jessica.thompson.783@example.com,VTd5XaMtdS
784,Lisa Gonzalez,lisa.gonzalez.784@example.com,EWIKckkyx1
785,Donna Clark,donna.clark.785@example.com,T2wx04iDeh
786,Barbara Wilson,barbara.wilson.786@example.com,5Qbm2jcLYR
787,John Wilson,john.wilson.787@example.com,p4KlqwQdxE
788,Susan Martinez,susan.martinez.788@example.com,WVgZEOZm9w
789,Mark Miller,mark.miller.789@example.com,ZGlY4AEsQj
790,Robert Williams,robert.williams.790@example.com,SfGYuPl8P0
791,Jessica Davis,jessica.davis.791@example.com,OQ4aCHKJ47
792,Nancy Thompson,nancy.thompson.792@example.com,y6ES0qZBZd
793,Richard Sanchez,richard.sanchez.793@example.com,Qjf7vIpuyP
794,Barbara Perez,barbara.perez.794@example.com,6fuvarAOrl
795,Sarah Jackson,sarah.jackson.795@example.com,axYF6GWhsZ
796,Donald Young,donald.young.796@example.com,1yRYxSDB48
797,Susan Jones,susan.jones.797@example.com,J82Kgcdw6E
798,Michael Ramirez,michael.ramirez.798@example.com,6wmeqrtUPG
799,Sandra Robinson,sandra.robinson.799@example.com,lypyZBeWbb
800,Ashley Wilson,ashley.wilson.800@example.com,IpXNUghDH8
801,David Garcia,david.garcia.801@example.com,B2gvSUN1jX
802,Susan Ramirez,susan.ramirez.802@example.com,EsYElCWJUa
803,Susan Young,susan.young.803@example.com,h6QMoWzpyJ
804,Donald Harris,donald.harris.804@example.com,mw2xw2aZEr
805,Anthony Martin,anthony.martin.805@example.com,3GOh4NbLAh
806,Joshua Garcia,joshua.garcia.806@example.com,fxzZTcemaT
807,Richard Moore,richard.moore.807@example.com,2aU1gTu36N
808,Thomas Taylor,thomas.taylor.808@example.com,cnKfiSVDYX
809,Kevin Hernandez,kevin.hernandez.809@example.com,STqszTo4vz
810,Sarah Rodriguez,sarah.rodriguez.810@example.com,YwvxdNPWo7
811,Joseph Davis,joseph.davis.811@example.com,irhQxhV2lV
812,Linda Martinez,linda.martinez.812@example.com,N9AsGsPObS
813,Sandra Thompson,sandra.thompson.813@example.com,fCx0jaVZWk
814,Joshua Walker,joshua.walker.814@example.com,M0Y6iJZQum
815,Paul Davis,paul.davis.815@example.com,trZgtQ23BU
816,Emily Sanchez,emily.sanchez.816@example.com,bo4Hri5ach
817,Patricia Hernandez,patricia.hernandez.817@example.com,WxuGIAjZ51
818,Elizabeth Brown,elizabeth.brown.818@example.com,TdXpfjP24M
819,Nancy Jackson,nancy.jackson.819@example.com,5W78GjxtmM
820,Daniel Martinez,daniel.martinez.820@example.com,2Z5KUEVHtw
821,Joseph Lee,joseph.lee.821@example.com,VgVEgaUzKt
822,Joshua Johnson,joshua.johnson.822@example.com,SKZFrz8kBX
823,James Brown,james.brown.823@example.com,RV4sSu2YC9
824,Donna Brown,donna.brown.824@example.com,UdD3SDAENS
825,Emily Taylor,emily.taylor.825@example.com,sB6Y4r6ptw
826,Linda Wilson,linda.wilson.826@example.com,DXqGoo6DNb
827,Linda White,linda.white.827@example.com,2CdQYZXCzu
828,Margaret Rodriguez,margaret.rodriguez.828@example.com,uiJbsJNV8u
829,Donna Lee,donna.lee.829@example.com,7DhtnToajY
830,Jessica Sanchez,jessica.sanchez.830@example.com,2uqyGrecyx
831,Andrew Martin,andrew.martin.831@example.com,BzHFWV5d7n
832,Michael Thompson,michael.thompson.832@example.com,eQ2SGgYiuT
833,Donald Ramirez,donald.ramirez.833@example.com,0X4CAKcGQG
834,Michelle Clark,michelle.clark.834@example.com,NBUpSCFP1q
835,Charles Gonzalez,charles.gonzalez.835@example.com,3FJ0NN8nzR
836,Joshua Harris,joshua.harris.836@example.com,nQkd1TGofu
837,Michael Martin,michael.martin.837@example.com,g9PsymmtLV
838,Margaret Perez,margaret.perez.838@example.com,YTyJWDg3Lv
839,Nancy Young,nancy.young.839@example.com,avF3HRFtTM
840,Richard Hernandez,richard.hernandez.840@example.com,iAkU7EOg0p
841,Kimberly Thomas,kimberly.thomas.841@example.com,txh0wt7XC0
842,Daniel Rodriguez,daniel.rodriguez.842@example.com,2fUqQf4X75
843,Ashley Robinson,ashley.robinson.843@example.com,DxaDBrLfoB
844,Daniel Lewis,daniel.lewis.844@example.com,5iz187YK6n
845,Karen Thompson,karen.thompson.845@example.com,JvA6PlhWip
846,Thomas Garcia,thomas.garcia.846@example.com,7zhX1KgQBG
847,Kevin Perez,kevin.perez.847@example.com,mPtyP7mwTn
848,Richard Williams,richard.williams.848@example.com,WzTG7bXidm
849,James Jackson,james.jackson.849@example.com,N9wFgrZtEl
850,Kimberly Sanchez,kimberly.sanchez.850@example.com,ZUG4pdqfZO
851,Margaret Williams,margaret.williams.851@example.com,sEX1wGHo9x
852,Paul Robinson,paul.robinson.852@example.com,9hfzsGp2QD
853,Daniel Miller,daniel.miller.853@example.com,o8WT0leYWU
854,Sarah Anderson,sarah.anderson.854@example.com,ZwoL2RTAzy
855,William Johnson,william.johnson.855@example.com,mBZGcKecp2
856,Robert Martinez,robert.martinez.856@example.com,bDn6IBE2sT
857,Lisa Jones,lisa.jones.857@example.com,5dd1WZqTex
858,Daniel Jones,daniel.jones.858@example.com,kAwqRRKX94
859,Patricia Thompson,patricia.thompson.859@example.com,H363SdfhVB
860,Charles Moore,charles.moore.860@example.com,U1CFiuEJFO
861,Barbara Smith,barbara.smith.861@example.com,TfNuaChbjt
862,Jennifer Jones,jennifer.jones.862@example.com,3GwT34gt37
863,William Harris,william.harris.863@example.com,SbyrQhcqQM
864,Michelle Jackson,michelle.jackson.864@example.com,iJrT4GQPYt
865,Joseph White,joseph.white.865@example.com,8kAZhQpbMx
866,Anthony Lopez,anthony.lopez.866@example.com,acM7gRVqUK
867,Betty Johnson,betty.johnson.867@example.com,hFaJJcQ7wU
868,Donald Martin,donald.martin.868@example.com,JCPJAjddmL
869,Charles Lee,charles.lee.869@example.com,1NHOdE9EwQ
870,Elizabeth Sanchez,elizabeth.sanchez.870@example.com,cxIUg8IN3F
871,Karen Thomas,karen.thomas.871@example.com,DHbA1xBALc
872,James Clark,james.clark.872@example.com,Afg2FUPA44
873,Thomas Harris,thomas.harris.873@example.com,rXdTRNh1NP
874,Joseph Moore,joseph.moore.874@example.com,hi63PE9YRX
875,Mark White,mark.white.875@example.com,9YhkDohNnt
876,Patricia Thompson,patricia.thompson.876@example.com,qb1X7Xk0NM
877,Barbara White,barbara.white.877@example.com,3Ze4ouWuig
878,Joseph Miller,joseph.miller.878@example.com,0SCu1TMYbJ
879,Mark Martinez,mark.martinez.879@example.com,ogDmVB9YfG
880,Mary Jones,mary.jones.880@example.com,ttpra3Goun
881,Michael Robinson,michael.robinson.881@example.com,cJEvOFS9AF
882,Charles Smith,charles.smith.882@example.com,j6SCGGr3Bt
883,Jessica Taylor,jessica.taylor.883@example.com,bSX6o8NgmD
884,Sarah Johnson,sarah.johnson.884@example.com,egB8Yez1JC
885,Susan Miller,susan.miller.885@example.com,ec0LzmvzUM
886,Richard Jackson,richard.jackson.886@example.com,2OB97li8mp
887,Sandra Johnson,sandra.johnson.887@example.com,LIjN5cdbAE
888,Lisa Anderson,lisa.anderson.888@example.com,QHXx3gV1jB
889,Sarah Perez,sarah.perez.889@example.com,CknqqQ566L
890,Joseph Gonzalez,joseph.gonzalez.890@example.com,JKk2jDZapm
891,Elizabeth Jones,elizabeth.jones.891@example.com,AvbnQGUATP
892,Matthew Harris,matthew.harris.892@example.com,tYCDC3vALz
893,Susan Williams,susan.williams.893@example.com,41Pr1bMeh3
894,Andrew Gonzalez,andrew.gonzalez.894@example.com,gVDJPASfxb
895,Andrew Thompson,andrew.thompson.895@example.com,DNRmufP7UI
896,Emily Williams,emily.williams.896@example.com,qejXrse5YG
897,Betty Garcia,betty.garcia.897@example.com,shHf4IKKz9
898,Joseph Clark,joseph.clark.898@example.com,j2v78pPByF
899,Michael Wilson,michael.wilson.899@example.com,P20Z6SbmpY
900,Daniel Martin,daniel.martin.900@example.com,B4kovWWrpO
901,Andrew Taylor,andrew.taylor.901@example.com,oI719ORX4Q
902,Matthew Clark,matthew.clark.902@example.com,YgcjsICuX1
903,Richard Gonzalez,richard.gonzalez.903@example.com,yUzlOanIF8
904,David Martin,david.martin.904@example.com,wANcuwYq5f
905,Sarah Gonzalez,sarah.gonzalez.905@example.com,EShPHDDxDi
906,Michelle Miller,michelle.miller.906@example.com,FP4IHevqEK
907,Karen Williams,karen.williams.907@example.com,itGzWScU3e
908,John Brown,john.brown.908@example.com,PsJlRkrZSz
909,Barbara Harris,barbara.harris.909@example.com,nkgoOq7Age
910,Daniel Williams,daniel.williams.910@example.com,ZDQSfTVVqX
911,Lisa Lewis,lisa.lewis.911@example.com,SfDTaeNqob
912,Steven Brown,steven.brown.912@example.com,mJvIvG0pre
913,Barbara Martinez,barbara.martinez.913@example.com,XNlbjFyXHG
914,Patricia White,patricia.white.914@example.com,Ey7L7tTWen
915,Barbara Jones,barbara.jones.915@example.com,heMyThaH9q
916,Elizabeth Garcia,elizabeth.garcia.916@example.com,K3iZcSqtig
917,Mary Smith,mary.smith.917@example.com,GqMVHdpLvg
918,Nancy Walker,nancy.walker.918@example.com,RHmQCKRAXx
919,David Jackson,david.jackson.919@example.com,qVaxerSu7k
920,Thomas Moore,thomas.moore.920@example.com,uQTUPuo4nk
921,Susan Moore,susan.moore.921@example.com,1mMjmBH8X4
922,Michael Anderson,michael.anderson.922@example.com,y4wwpFSKtQ
923,Jessica Young,jessica.young.923@example.com,ryPJYEHf1c
924,Anthony Taylor,anthony.taylor.924@example.com,lezLuT9P7t
925,Susan Garcia,susan.garcia.925@example.com,U50dfPoU35
926,Paul Jackson,paul.jackson.926@example.com,xZgnr9ofPa
927,Betty Jones,betty.jones.927@example.com,fnbT7G7ALG
928,Betty White,betty.white.928@example.com,Eyn5izHBiB
929,Jennifer Garcia,jennifer.garcia.929@example.com,4f0EqbVUWq
930,Michael Anderson,michael.anderson.930@example.com,pSiqQpXYcL
931,Karen Perez,karen.perez.931@example.com,FHsPpaWxBG
932,David Miller,david.miller.932@example.com,clGF08tlQD
933,Kevin Thompson,kevin.thompson.933@example.com,AjYL4YA45D
934,Richard Lewis,richard.lewis.934@example.com,EHPT0DBwz2
935,John Miller,john.miller.935@example.com,F0KZEoCgXB
936,Richard White,richard.white.936@example.com,AfGqtmnCHU
937,Susan Wilson,susan.wilson.937@example.com,V2NC7Atd5z
938,Sandra Brown,sandra.brown.938@example.com,2h2UXDIotA
939,Mark Clark,mark.clark.939@example.com,vbCBhPYO7Z
940,Emily White,emily.white.940@example.com,CpCGIpMvYi
941,Mark Taylor,mark.taylor.941@example.com,Pl1dzhPrC0
942,Michael Young,michael.young.942@example.com,YfhR7HzEcI
943,Donna White,donna.white.943@example.com,ScuDTy2s2r
944,Emily Lee,emily.lee.944@example.com,2ew0LKrW93
945,Joseph Lopez,joseph.lopez.945@example.com,CH7eApFZds
946,Paul Wilson,paul.wilson.946@example.com,gZPTLqsM3Q
947,Charles Taylor,charles.taylor.947@example.com,aYcLRA81fG
948,Anthony Rodriguez,anthony.rodriguez.948@example.com,ksouMICdfx
949,Charles Lewis,charles.lewis.949@example.com,qoabNiWQJY
950,Robert Wilson,robert.wilson.950@example.com,YCz7bBevg3
951,Donald Brown,donald.brown.951@example.com,YYQOcZpF1R
952,Jessica Young,jessica.young.952@example.com,lyiUPrZXPY
953,Richard Anderson,richard.anderson.953@example.com,yaet55HNCY
954,James White,james.white.954@example.com,NekhTU4AcI
955,Elizabeth Smith,elizabeth.smith.955@example.com,e9Y9NWEetF
956,Matthew Lewis,matthew.lewis.956@example.com,A5w4BK7OPA
957,Betty Robinson,betty.robinson.957@example.com,Z6PoYWfqAV
958,William Thomas,william.thomas.958@example.com,MR8Wgy7BHO
959,Elizabeth Ramirez,elizabeth.ramirez.959@example.com,VYzlYd0QyZ
960,Thomas Jones,thomas.jones.960@example.com,QnHr9o55yS
961,Margaret Rodriguez,margaret.rodriguez.961@example.com,uAEvNzd3bV
962,Kimberly Robinson,kimberly.robinson.962@example.com,0p1XxKxHAs
963,Steven Harris,steven.harris.963@example.com,p4Kqe6k2Dm
964,Sandra Lee,sandra.lee.964@example.com,RHqFXZlp2r
965,Ashley Thompson,ashley.thompson.965@example.com,vRlYKnz2TF
966,John Rodriguez,john.rodriguez.966@example.com,SIRmRHeXhU
967,Linda Perez,linda.perez.967@example.com,c4TQWKZcn4
968,Donald Miller,donald.miller.968@example.com,xX0xQ9CK3B
969,Jessica White,jessica.white.969@example.com,BrdlCqdS4n
970,Barbara Moore,barbara.moore.970@example.com,eIZQbRr28i
971,Mary Taylor,mary.taylor.971@example.com,RhhFurAKTx
972,John Young,john.young.972@example.com,Gn5E0HaNgv
973,Matthew Lewis,matthew.lewis.973@example.com,wf7FX94NIh
974,Joshua Garcia,joshua.garcia.974@example.com,WGqnadWWyg
975,Donna Jackson,donna.jackson.975@example.com,Z1jqX2B6ZN
976,Margaret Martin,margaret.martin.976@example.com,9uDVZKMYu7
977,Michael Moore,michael.moore.977@example.com,q2OhDA7PlG
978,James Hernandez,james.hernandez.978@example.com,Q66X0gP8i6
979,Jessica Clark,jessica.clark.979@example.com,Kp1V7uKTkG
980,Mark Thomas,mark.thomas.980@example.com,6LPqlf57S9
981,Joshua Moore,joshua.moore.981@example.com,6XF4XXgwuC
982,Barbara Smith,barbara.smith.982@example.com,pXF9YVT4GS
983,Donald Young,donald.young.983@example.com,eT8h8tA7O1
984,Richard Rodriguez,richard.rodriguez.984@example.com,PRA5sjtuyy
985,Steven Lewis,steven.lewis.985@example.com,mNVXt9EHDs
986,Andrew Miller,andrew.miller.986@example.com,zpINhnlLJe
987,Mary Martin,mary.martin.987@example.com,Rmz0HaWGf3
988,Elizabeth Williams,elizabeth.williams.988@example.com,CNPIElJtC4
989,Barbara Miller,barbara.miller.989@example.com,RD7spPhkwS
990,Mary Wilson,mary.wilson.990@example.com,OAvKC9Gzq6
991,Joshua Ramirez,joshua.ramirez.991@example.com,FoMi5TBmtS
992,Karen Johnson,karen.johnson.992@example.com,v9p3M0n67o
993,Michael Harris,michael.harris.993@example.com,hOQqSgDwur
994,Betty Perez,betty.perez.994@example.com,vx4Dn98dna
995,Matthew Johnson,matthew.johnson.995@example.com,TcDwI6I5yq
996,Lisa Martinez,lisa.martinez.996@example.com,G1Q9ZEsPzu
997,Mary Taylor,mary.taylor.997@example.com,1MzQc7xo6p
998,Mary Jackson,mary.jackson.998@example.com,wqTeJebqfA
999,Emily Hernandez,emily.hernandez.999@example.com,rsiqkqXInd
1000,James Moore,james.moore.1000@example.com,W9gmTMBdW6
1001,Sarah Ramirez,sarah.ramirez.1001@example.com,vRu3C5SeLM
1002,Lisa Moore,lisa.moore.1002@example.com,cRoIsk1gh7
1003,Thomas Garcia,thomas.garcia.1003@example.com,OeL1bZTA5b
1004,Matthew Jones,matthew.jones.1004@example.com,C2POhfok79
1005,Steven Thompson,steven.thompson.1005@example.com,E3kGhDJPXV
1006,Mark Miller,mark.miller.1006@example.com,kxtza3fZDJ
1007,Charles Williams,charles.williams.1007@example.com,GhchiJBc9Q
1008,Kevin Johnson,kevin.johnson.1008@example.com,ZnxuN8KRQF
1009,Kevin Perez,kevin.perez.1009@example.com,chXRHRp3jV
1010,Nancy Wilson,nancy.wilson.1010@example.com,uORlDgLm4i
1011,Paul Lopez,paul.lopez.1011@example.com,7VzejXRVKe
1012,William Young,william.young.1012@example.com,vvmoQkksBh
1013,James Thompson,james.thompson.1013@example.com,2sZqgVJiC0
1014,Andrew Lewis,andrew.lewis.1014@example.com,L3ASOgu9TK
1015,Nancy Rodriguez,nancy.rodriguez.1015@example.com,EmsYmOexX3
1016,Joshua Smith,joshua.smith.1016@example.com,tEJcS41HcY
1017,Karen Lewis,karen.lewis.1017@example.com,PKpuF17Myy
1018,Charles Moore,charles.moore.1018@example.com,46dlz6p9IY
1019,Michelle Martin,michelle.martin.1019@example.com,0llZ59q0Nc
1020,Barbara Robinson,barbara.robinson.1020@example.com,4LEVF4F2gp
1021,Joshua Brown,joshua.brown.1021@example.com,9GXzijE5Ik
1022,Margaret Gonzalez,margaret.gonzalez.1022@example.com,LqiICz9wWE
1023,Linda Garcia,linda.garcia.1023@example.com,TK0vrLPrPO
1024,Mary Young,mary.young.1024@example.com,1V3HrM401H
1025,Donna Johnson,donna.johnson.1025@example.com,TDPbxuQlpL
1026,Steven Anderson,steven.anderson.1026@example.com,2ryL6Kdwly
1027,Sandra Moore,sandra.moore.1027@example.com,VA6Hascf9l
1028,Daniel Jones,daniel.jones.1028@example.com,iUsapDaoPC
1029,Daniel Walker,daniel.walker.1029@example.com,TTReTKvB1w
1030,Linda Miller,linda.miller.1030@example.com,EyAU8TmgG2
1031,Robert Clark,robert.clark.1031@example.com,vdCETAr4w1
1032,Daniel Williams,daniel.williams.1032@example.com,feosVpNLKx
1033,Betty Walker,betty.walker.1033@example.com,kG4OHSiJuT
1034,Mark Lewis,mark.lewis.1034@example.com,zFw9oJJoo4
1035,Ashley Rodriguez,ashley.rodriguez.1035@example.com,Lcf3UNjCWI
1036,Sarah Rodriguez,sarah.rodriguez.1036@example.com,oPsdxd3HDv
1037,Donna Walker,donna.walker.1037@example.com,Cv3SvTZJGm
1038,David Perez,david.perez.1038@example.com,Gr6KFp16Xs
1039,Charles Rodriguez,charles.rodriguez.1039@example.com,Hv3bYVhOra
1040,Margaret Young,margaret.young.1040@example.com,dzb4cHLMqW
1041,Matthew Davis,matthew.davis.1041@example.com,IgPt5eiXbC
1042,Emily Rodriguez,emily.rodriguez.1042@example.com,djDSwJiRkv
1043,Richard Williams,richard.williams.1043@example.com,LmRyGBW9z6
1044,Anthony Martinez,anthony.martinez.1044@example.com,5CaBwEMsE4
1045,Michelle Lewis,michelle.lewis.1045@example.com,sUp0bgUVBt
1046,Michelle Smith,michelle.smith.1046@example.com,1fmUs1u31w
1047,Michael Garcia,michael.garcia.1047@example.com,ij2zaqOV4b
1048,Linda Perez,linda.perez.1048@example.com,btn2YmIYlv
1049,Daniel Johnson,daniel.johnson.1049@example.com,DHX2R56QU3
1050,Patricia Gonzalez,patricia.gonzalez.1050@example.com,gnxacIYG1g
1051,David Lewis,david.lewis.1051@example.com,W31G8QSyRZ
1052,Jennifer Moore,jennifer.moore.1052@example.com,hbxkRkeu4b
1053,Nancy Martin,nancy.martin.1053@example.com,QxLmItKrvP
1054,Mark Wilson,mark.wilson.1054@example.com,WztWBx7fDg
1055,Sarah Lewis,sarah.lewis.1055@example.com,l4A6jAjOv1
1056,Sandra Lopez,sandra.lopez.1056@example.com,I58OZ3eRbg
1057,Sarah Rodriguez,sarah.rodriguez.1057@example.com,Als0WudBWF
1058,Margaret Anderson,margaret.anderson.1058@example.com,Jbpp7sOtLU
1059,Emily Perez,emily.perez.1059@example.com,imYW6DRKLg
1060,Matthew Robinson,matthew.robinson.1060@example.com,GZYpEKjG2e
1061,William Young,william.young.1061@example.com,9YVhQNL367
1062,Mary Miller,mary.miller.1062@example.com,bPNdU7TWvQ
1063,Betty Miller,betty.miller.1063@example.com,Gy2bpVardP
1064,David Gonzalez,david.gonzalez.1064@example.com,vgVtGe2ubl
1065,Paul White,paul.white.1065@example.com,swmnoH6pQY
1066,Lisa Ramirez,lisa.ramirez.1066@example.com,tTugVSxxJh
1067,Thomas Lee,thomas.lee.1067@example.com,lnRonEV5xC
1068,Joseph Ramirez,joseph.ramirez.1068@example.com,LVHrAveP5n
1069,Emily Martin,emily.martin.1069@example.com,q9nhYBrsS5
1070,Paul Jones,paul.jones.1070@example.com,Bt0pa2MXEV
1071,Paul Martinez,paul.martinez.1071@example.com,zKFQPFzqwv
1072,William Thompson,william.thompson.1072@example.com,uu8eRaShYP
1073,Karen Davis,karen.davis.1073@example.com,plrbg3QFa0
1074,Matthew Gonzalez,matthew.gonzalez.1074@example.com,TxNxvzkXWF
1075,Patricia Williams,patricia.williams.1075@example.com,xj1doosJP0
1076,Michelle Sanchez,michelle.sanchez.1076@example.com,QuU08CkgeM
1077,Jessica Johnson,jessica.johnson.1077@example.com,7wG0BrVnAY
1078,Anthony White,anthony.white.1078@example.com,X7gQZsbq8w
1079,William Garcia,william.garcia.1079@example.com,bzIWEHItGq
1080,Anthony Moore,anthony.moore.1080@example.com,qOVUajPkY3
1081,Thomas Harris,thomas.harris.1081@example.com,VtCXhzR7IY
1082,Sandra White,sandra.white.1082@example.com,OOzC3fonWt
1083,Joseph Sanchez,joseph.sanchez.1083@example.com,yeizkmNPiT
1084,Robert Miller,robert.miller.1084@example.com,QCfOVzb0Zb
1085,Linda Moore,linda.moore.1085@example.com,hKZeEGnKNF
1086,Karen Williams,karen.williams.1086@example.com,3unAAfqCpu
1087,Anthony Taylor,anthony.taylor.1087@example.com,Ftef868XvT
1088,Jessica Williams,jessica.williams.1088@example.com,QFb0KFLXKr
1089,Jessica Davis,jessica.davis.1089@example.com,RNfkmizGTZ
1090,Ashley Thomas,ashley.thomas.1090@example.com,QKB1Z9XuiX
1091,Joshua Jones,joshua.jones.1091@example.com,yywTfzIOCA
1092,Jennifer Thomas,jennifer.thomas.1092@example.com,EqL93zp0jY
1093,Joshua Thompson,joshua.thompson.1093@example.com,oNby08MHhr
1094,Joshua Sanchez,joshua.sanchez.1094@example.com,cNgpsCxSPt
1095,Steven Johnson,steven.johnson.1095@example.com,aeKt9DSiNp
1096,Nancy Perez,nancy.perez.1096@example.com,LqYnlFQZdF
1097,Sarah Garcia,sarah.garcia.1097@example.com,6y11Cq4tLk
1098,Steven Young,steven.young.1098@example.com,qHmFyvWg2k
1099,Linda White,linda.white.1099@example.com,6GcETkL8AH
1100,Elizabeth Thompson,elizabeth.thompson.1100@example.com,Ebp8RcjnTo
1101,Joseph Williams,joseph.williams.1101@example.com,HX1yNNE6dc
1102,Linda Lopez,linda.lopez.1102@example.com,NPAfffeojy
1103,Sandra Jones,sandra.jones.1103@example.com,1N7Gn0ElxO
1104,Susan Gonzalez,susan.gonzalez.1104@example.com,XONiMFYLlw
1105,Andrew Lewis,andrew.lewis.1105@example.com,pmi1dWfYgt
1106,Karen Gonzalez,karen.gonzalez.1106@example.com,sw2i8T1sUt
1107,John Harris,john.harris.1107@example.com,qgd0cyzwEm
1108,Lisa Hernandez,lisa.hernandez.1108@example.com,6LuZ9HHApK
1109,Joseph Lopez,joseph.lopez.1109@example.com,XfMyvDLZsx
1110,Margaret Anderson,margaret.anderson.1110@example.com,WjzzlWkZLt
1111,James Jones,james.jones.1111@example.com,VTBPJbvG5C
1112,Donald Young,donald.young.1112@example.com,9cja9yWrpa
1113,Andrew Harris,andrew.harris.1113@example.com,p8wa6rNSlk
1114,Barbara Gonzalez,barbara.gonzalez.1114@example.com,RvbM34JKH9
1115,Patricia Gonzalez,patricia.gonzalez.1115@example.com,7dZMriJ5Xp
1116,Donald Young,donald.young.1116@example.com,7yABsp9P6J
1117,Paul Clark,paul.clark.1117@example.com,E39HebCUXm
1118,Betty Johnson,betty.johnson.1118@example.com,ZcWQbaoEEY
1119,Daniel Johnson,daniel.johnson.1119@example.com,KM34I7fup1
1120,Betty Perez,betty.perez.1120@example.com,4v18HZMPKy
1121,Kimberly Gonzalez,kimberly.gonzalez.1121@example.com,I5AbuYJ3Ng
1122,Andrew Brown,andrew.brown.1122@example.com,wuTRcQhS0S
1123,Elizabeth Brown,elizabeth.brown.1123@example.com,saN6m1K9ve
1124,Margaret Clark,margaret.clark.1124@example.com,mgETAABSgV
1125,Jessica Moore,jessica.moore.1125@example.com,Nk0pgRNMo8
1126,Emily Johnson,emily.johnson.1126@example.com,gMs9m8QN93
1127,Mary Anderson,mary.anderson.1127@example.com,2mmn9yPYk1
1128,William Martinez,william.martinez.1128@example.com,6F1G789B85
1129,Linda Rodriguez,linda.rodriguez.1129@example.com,hv11BZhQ82
1130,Paul Johnson,paul.johnson.1130@example.com,y8xaO7hptd
1131,Lisa Ramirez,lisa.ramirez.1131@example.com,n8etUtHdDI
1132,Daniel Brown,daniel.brown.1132@example.com,L48am6DiuQ
1133,Sarah Jackson,sarah.jackson.1133@example.com,iUlpBW4DJD
1134,Anthony Moore,anthony.moore.1134@example.com,HZJFRBNbHT
1135,Michelle Walker,michelle.walker.1135@example.com,EqoO7C0j7K
1136,Kimberly Garcia,kimberly.garcia.1136@example.com,9nerPIZggW
1137,Sandra Gonzalez,sandra.gonzalez.1137@example.com,62zWbaoZht
1138,Sandra Brown,sandra.brown.1138@example.com,sf9znjnwmx
1139,Mark Perez,mark.perez.1139@example.com,fAU37Hl2a0
1140,Jennifer Sanchez,jennifer.sanchez.1140@example.com,aHj25815n4
1141,Ashley Johnson,ashley.johnson.1141@example.com,RtK4YeXGDA
1142,Sandra Young,sandra.young.1142@example.com,QWAVSiZerG
1143,Paul Robinson,paul.robinson.1143@example.com,hpQHx9jJyH
1144,Susan Ramirez,susan.ramirez.1144@example.com,gwbXvpBlHi
1145,Susan Smith,susan.smith.1145@example.com,jOjCxthDfn
1146,Kevin Wilson,kevin.wilson.1146@example.com,X0qCBOQ4PA
1147,Thomas Smith,thomas.smith.1147@example.com,0esmuqohdc
1148,Linda Brown,linda.brown.1148@example.com,g04D5oGMo1
1149,James Clark,james.clark.1149@example.com,z6khw1W9Kh
1150,Emily Hernandez,emily.hernandez.1150@example.com,1KkBRuiHAx
1151,James Davis,james.davis.1151@example.com,OqYh8NRXry
1152,Margaret Ramirez,margaret.ramirez.1152@example.com,dhWFp4uPhi
1153,Karen Wilson,karen.wilson.1153@example.com,ZEXxZ33Nkz
1154,Elizabeth Ramirez,elizabeth.ramirez.1154@example.com,6lcYFMTYSA
1155,Mark Martin,mark.martin.1155@example.com,1V80fa81Yf
1156,Mary Hernandez,mary.hernandez.1156@example.com,PVagFjcn9Y
1157,Karen Perez,karen.perez.1157@example.com,mnotDKBefX
1158,Andrew Martin,andrew.martin.1158@example.com,XqEsNP3oAX
1159,Betty Sanchez,betty.sanchez.1159@example.com,wI7KHsRlCc
1160,Michelle Robinson,michelle.robinson.1160@example.com,kSJWNynTM4
1161,Margaret Rodriguez,margaret.rodriguez.1161@example.com,aCkkEMvSUc
1162,William Lewis,william.lewis.1162@example.com,THXhjUCBOg
1163,Steven Ramirez,steven.ramirez.1163@example.com,MtWTBM354Z
1164,Emily White,emily.white.1164@example.com,G0NDaTr2Rt
1165,David White,david.white.1165@example.com,cviAAiFAPb
1166,Daniel Rodriguez,daniel.rodriguez.1166@example.com,N4P8DzVDo9
1167,Nancy Perez,nancy.perez.1167@example.com,FjivoJHlIy
1168,Nancy Martinez,nancy.martinez.1168@example.com,yWiVZE6fXD
1169,Mark White,mark.white.1169@example.com,ZggWTtwUo9
1170,Mark Moore,mark.moore.1170@example.com,FpoHaF6Bhe
1171,Anthony Gonzalez,anthony.gonzalez.1171@example.com,rA8VtNAmCE
1172,David Brown,david.brown.1172@example.com,Sluf9WwvO0
1173,Sandra Lewis,sandra.lewis.1173@example.com,ueIuT2uvju
1174,Andrew Rodriguez,andrew.rodriguez.1174@example.com,meEkhK3iJi
1175,Andrew Clark,andrew.clark.1175@example.com,9kjnMi1BL4
1176,James Sanchez,james.sanchez.1176@example.com,JN2Qek00ib
1177,David Perez,david.perez.1177@example.com,bsc3za7QYM
1178,Karen Lewis,karen.lewis.1178@example.com,ZtsRcJX1ER
1179,Sarah Anderson,sarah.anderson.1179@example.com,baE6X8xMBQ
1180,Donald Gonzalez,donald.gonzalez.1180@example.com,ab3aF7mW2F
1181,Charles Thompson,charles.thompson.1181@example.com,gNQptYJ3nQ
1182,Richard Sanchez,richard.sanchez.1182@example.com,V1RSp7CsBH
1183,Robert Rodriguez,robert.rodriguez.1183@example.com,UXUUxzG3C1
1184,James Jones,james.jones.1184@example.com,LX0nHZKsWU
1185,Mary Sanchez,mary.sanchez.1185@example.com,ymVySmmypF
1186,Daniel Davis,daniel.davis.1186@example.com,49R6d1nVa1
1187,Joseph Smith,joseph.smith.1187@example.com,Jwxjn95les
1188,Jennifer Ramirez,jennifer.ramirez.1188@example.com,u9ePcDhuX2
1189,Steven Martin,steven.martin.1189@example.com,NUhABqyzY4
1190,Kevin Garcia,kevin.garcia.1190@example.com,BZwuYPa2Bf
1191,Michelle Thomas,michelle.thomas.1191@example.com,mPadI3MSVX
1192,Steven Jones,steven.jones.1192@example.com,AB53jKmDlm
1193,Donald Perez,donald.perez.1193@example.com,RzP0jN0Luq
1194,Jennifer Lee,jennifer.lee.1194@example.com,jUF4aIw9cA
1195,John Sanchez,john.sanchez.1195@example.com,pRXk5PyGNu
1196,Donald White,donald.white.1196@example.com,BELKe8RWx4
1197,Kimberly Garcia,kimberly.garcia.1197@example.com,BewXsoDhEA
1198,Anthony Johnson,anthony.johnson.1198@example.com,IsOq9KY8NC
1199,Kimberly Williams,kimberly.williams.1199@example.com,h09VW7HyCf
1200,Karen Clark,karen.clark.1200@example.com,fJ0Dqrf5VS
1201,James Wilson,james.wilson.1201@example.com,e2ywoMY4QT
1202,Donna Walker,donna.walker.1202@example.com,8z8nQ8qf2z
1203,Elizabeth Rodriguez,elizabeth.rodriguez.1203@example.com,CQgh0IfS2H
1204,Thomas Johnson,thomas.johnson.1204@example.com,5HFeWg6eVM
1205,Andrew Anderson,andrew.anderson.1205@example.com,g4c28w1UkB
1206,Joshua Jackson,joshua.jackson.1206@example.com,1w26t7VJtH
1207,Elizabeth Walker,elizabeth.walker.1207@example.com,bi7RaO4RmH
1208,Mary Ramirez,mary.ramirez.1208@example.com,zzhdv0k6SO
1209,Michelle Garcia,michelle.garcia.1209@example.com,rXwhT2AiwJ
1210,Paul Martin,paul.martin.1210@example.com,7DHKiGAdPb
1211,Patricia Taylor,patricia.taylor.1211@example.com,ZLACrcftQn
1212,Margaret Rodriguez,margaret.rodriguez.1212@example.com,TQmV35qVZ7
1213,Kevin Rodriguez,kevin.rodriguez.1213@example.com,WaAkcOVW20
1214,Susan Walker,susan.walker.1214@example.com,xwDeN2srOE
1215,Steven Clark,steven.clark.1215@example.com,n1b5uwiK0H
1216,Barbara Miller,barbara.miller.1216@example.com,ucaT5j4TaO
1217,Joshua Jones,joshua.jones.1217@example.com,fY1AvjfqRt
1218,Steven Jackson,steven.jackson.1218@example.com,vuTC85FVYs
1219,Donna Ramirez,donna.ramirez.1219@example.com,eYOEYGgmpv
1220,Anthony Walker,anthony.walker.1220@example.com,90gXOrr32i
1221,Charles Taylor,charles.taylor.1221@example.com,zkjadjDvyj
1222,Lisa Lewis,lisa.lewis.1222@example.com,wbzNQkGeKz
1223,Robert Robinson,robert.robinson.1223@example.com,U2e1RvYuMn
1224,Patricia Harris,patricia.harris.1224@example.com,b7AN4ykw1I
1225,Margaret Hernandez,margaret.hernandez.1225@example.com,1eKOnMGvMC
1226,Donna Jackson,donna.jackson.1226@example.com,Oea0wmRUPl
1227,Betty Taylor,betty.taylor.1227@example.com,9YAEz5Xjox
1228,Matthew Gonzalez,matthew.gonzalez.1228@example.com,bIdjKq5Uw4
1229,Mary Garcia,mary.garcia.1229@example.com,S1wg7wj218
1230,Richard Ramirez,richard.ramirez.1230@example.com,urV30w8Zbc
1231,Emily Thomas,emily.thomas.1231@example.com,cqhGX6dlA9
1232,Michael Clark,michael.clark.1232@example.com,KYa2yGDPEg
1233,Barbara Jones,barbara.jones.1233@example.com,TH1d4Xisvi
1234,Linda Wilson,linda.wilson.1234@example.com,EnBpm5hEJq
1235,Michelle Jackson,michelle.jackson.1235@example.com,t47nQcdjrL
1236,Joseph Brown,joseph.brown.1236@example.com,WnAWlTE0yG
1237,Mark Smith,mark.smith.1237@example.com,2Zn37k8Z45
1238,Charles Hernandez,charles.hernandez.1238@example.com,lUjGzCDVLW
1239,Daniel Rodriguez,daniel.rodriguez.1239@example.com,84QFXsdo0b
1240,Charles Clark,charles.clark.1240@example.com,WI1PBh8oBa
1241,Karen Lee,karen.lee.1241@example.com,jNNQFtxPx5
1242,Patricia Harris,patricia.harris.1242@example.com,uUCUI9jlDt
1243,Emily Lewis,emily.lewis.1243@example.com,9ra6PvzBHu
1244,Joseph Miller,joseph.miller.1244@example.com,5nZZIUNo12
1245,Donald Walker,donald.walker.1245@example.com,Vjr0UvBgcB
1246,William Martinez,william.martinez.1246@example.com,FX6C9C61nf
1247,David Rodriguez,david.rodriguez.1247@example.com,jDz87dtfYf
1248,Betty Miller,betty.miller.1248@example.com,Jr3n0Vvuxq
1249,Sarah Thompson,sarah.thompson.1249@example.com,cVZYz4a4zE
1250,Patricia Miller,patricia.miller.1250@example.com,fvCbYgSv7I
1251,David Young,david.young.1251@example.com,25dtYQiqyt
1252,Joshua Taylor,joshua.taylor.1252@example.com,dbRpt1RYNY
1253,Susan Robinson,susan.robinson.1253@example.com,ULjFKqZ3fV
1254,Karen Lopez,karen.lopez.1254@example.com,n5WCYYG0tu
1255,Patricia Hernandez,patricia.hernandez.1255@example.com,2KT0HjtAAs
1256,Robert Harris,robert.harris.1256@example.com,LK9S1bgsNf
1257,Thomas Thompson,thomas.thompson.1257@example.com,8ehUmThVNw
1258,Susan Brown,susan.brown.1258@example.com,Cgf7sbYDtA
1259,Kevin Gonzalez,kevin.gonzalez.1259@example.com,QUAESPa8sA
1260,Michael Taylor,michael.taylor.1260@example.com,fjSVgDTFTD
1261,Andrew Lopez,andrew.lopez.1261@example.com,0dVvFf9U1U
1262,Margaret Jackson,margaret.jackson.1262@example.com,9B1faanyyO
1263,Joseph Moore,joseph.moore.1263@example.com,qH9gzQt9yx
1264,Mary Thomas,mary.thomas.1264@example.com,2QZnmC64Mi
1265,Steven Moore,steven.moore.1265@example.com,qPZH78oaRx
1266,Barbara Johnson,barbara.johnson.1266@example.com,h1jSv1m3EL
1267,Michael Martin,michael.martin.1267@example.com,LZSbG9mCf0
1268,John Lopez,john.lopez.1268@example.com,wWo7yevu8J
1269,Lisa Johnson,lisa.johnson.1269@example.com,Nybins1eJf
1270,Anthony Gonzalez,anthony.gonzalez.1270@example.com,ETWwu76kEs
1271,Matthew Jones,matthew.jones.1271@example.com,QeWsmWVPsr
1272,Kevin Martin,kevin.martin.1272@example.com,zCgfVfoNlK
1273,John Clark,john.clark.1273@example.com,nykzpsuQkD
1274,Matthew Clark,matthew.clark.1274@example.com,UQnikLczRs
1275,Margaret Young,margaret.young.1275@example.com,ZVFirwRr6O
1276,Sarah Jackson,sarah.jackson.1276@example.com,yaIPqursM0
1277,Patricia Wilson,patricia.wilson.1277@example.com,NUNn8Ww6bL
1278,James Wilson,james.wilson.1278@example.com,g2FXBeSekM
1279,Margaret Davis,margaret.davis.1279@example.com,x3LlW5E7bW
1280,James Thomas,james.thomas.1280@example.com,xz9CT2M9Zw
1281,Mark Anderson,mark.anderson.1281@example.com,8qEnlZo4P4
1282,Anthony Wilson,anthony.wilson.1282@example.com,m6HQX0IOTw
1283,Donna Brown,donna.brown.1283@example.com,nroOvze9fC
1284,Steven Thomas,steven.thomas.1284@example.com,TjgazV7sUN
1285,Thomas Perez,thomas.perez.1285@example.com,PuKPgofKoT
1286,Richard Jackson,richard.jackson.1286@example.com,E3Y587QOev
1287,Matthew Miller,matthew.miller.1287@example.com,ViB0eyY0Xv
1288,Kimberly Thompson,kimberly.thompson.1288@example.com,flNE4U0nV2
1289,Susan Garcia,susan.garcia.1289@example.com,ZC2eo5rsdt
1290,Barbara Ramirez,barbara.ramirez.1290@example.com,ESJOGwnVIO
1291,Mark Wilson,mark.wilson.1291@example.com,pioXJeYTIM
1292,Barbara Davis,barbara.davis.1292@example.com,blof9RbMUr
1293,Sandra Brown,sandra.brown.1293@example.com,j2HiDMvdkE
1294,Susan Garcia,susan.garcia.1294@example.com,mqcs5W0Qvc
1295,Matthew Williams,matthew.williams.1295@example.com,sXyxYTsFMd
1296,Joseph Williams,joseph.williams.1296@example.com,0IMlBxTkbV
1297,John Clark,john.clark.1297@example.com,8D6pUQ8WAX
1298,Robert Harris,robert.harris.1298@example.com,ce0Z2Md21i
1299,Emily Brown,emily.brown.1299@example.com,tZOtutGgMp
1300,Kimberly Lewis,kimberly.lewis.1300@example.com,UqRLQxuOXJ
1301,Ashley Johnson,ashley.johnson.1301@example.com,9WJLhi7LHx
1302,Sandra Harris,sandra.harris.1302@example.com,0etTR1GmfG
1303,Joseph Johnson,joseph.johnson.1303@example.com,QgHLn9Ertw
1304,Betty Martin,betty.martin.1304@example.com,6qfct1bpe2
1305,Joseph Lopez,joseph.lopez.1305@example.com,pSKQWPLeCj
1306,Jessica Davis,jessica.davis.1306@example.com,u15LTJjhuu
1307,David Harris,david.harris.1307@example.com,PbnLqlPAMN
1308,Joseph Williams,joseph.williams.1308@example.com,Z30P3XDwTu
1309,Joseph Walker,joseph.walker.1309@example.com,Ta1JYscFhi
1310,Karen Robinson,karen.robinson.1310@example.com,4R240JE7WT
1311,James Clark,james.clark.1311@example.com,wNrtjYd33v
1312,Michael Walker,michael.walker.1312@example.com,Pn40cWFccv
1313,James Ramirez,james.ramirez.1313@example.com,y65ou0hYWo
1314,James Young,james.young.1314@example.com,jQB0Pti9Js
1315,Elizabeth Smith,elizabeth.smith.1315@example.com,HALWpBkegX
1316,Michael Robinson,michael.robinson.1316@example.com,l5zzeFOYQU
1317,Karen Wilson,karen.wilson.1317@example.com,V4Gs0eBUrc
1318,Betty Rodriguez,betty.rodriguez.1318@example.com,M9r8uwNh7Q
1319,Kevin Garcia,kevin.garcia.1319@example.com,NHQQYvzxtZ
1320,Sandra Sanchez,sandra.sanchez.1320@example.com,9dkyfc5I2v
1321,Barbara Harris,barbara.harris.1321@example.com,OEx8W1TJU7
1322,Daniel Davis,daniel.davis.1322@example.com,CqlMe8eoGl
1323,Matthew Walker,matthew.walker.1323@example.com,FpkJRY7ndb
1324,Kimberly Hernandez,kimberly.hernandez.1324@example.com,HCj9wW8t2b
1325,Anthony Anderson,anthony.anderson.1325@example.com,CBUh6mNmTG
1326,John Lopez,john.lopez.1326@example.com,fLtp439uPf
1327,Joshua Robinson,joshua.robinson.1327@example.com,mScWeAJJGo
1328,Daniel Ramirez,daniel.ramirez.1328@example.com,EFVDwePX8b
1329,Donna Martinez,donna.martinez.1329@example.com,786KrauibU
1330,Sarah Robinson,sarah.robinson.1330@example.com,iezQAb1BRE
1331,Robert Anderson,robert.anderson.1331@example.com,zmpoUOwzy3
1332,Jennifer Taylor,jennifer.taylor.1332@example.com,BY6lWIEI5s
1333,Andrew Smith,andrew.smith.1333@example.com,n19FbY1uYm
1334,Anthony Moore,anthony.moore.1334@example.com,sWnD4iK41T
1335,Margaret Anderson,margaret.anderson.1335@example.com,sei4WSU5h0
1336,Daniel Lee,daniel.lee.1336@example.com,OQzGST4AyF
1337,David Hernandez,david.hernandez.1337@example.com,w8FTi4BQGb
1338,Jennifer Young,jennifer.young.1338@example.com,pEC2zo35yC
1339,Lisa Young,lisa.young.1339@example.com,SEt3xdh4tF
1340,Sandra Perez,sandra.perez.1340@example.com,0YyLPPC9o2
1341,John Thompson,john.thompson.1341@example.com,u0L5MzcnXa
1342,Matthew Brown,matthew.brown.1342@example.com,ZHzRZSZKrF
1343,Kimberly Perez,kimberly.perez.1343@example.com,tMpeo4KRPE
1344,Donna Walker,donna.walker.1344@example.com,YbNGFaLt82
1345,Anthony Thomas,anthony.thomas.1345@example.com,GgnCBZctT9
1346,Thomas Rodriguez,thomas.rodriguez.1346@example.com,LRxSqOeGBp
1347,Nancy Gonzalez,nancy.gonzalez.1347@example.com,wUPIWM73ZI
1348,Daniel Ramirez,daniel.ramirez.1348@example.com,UqijFmGpyB
1349,Anthony Walker,anthony.walker.1349@example.com,fhvV9QMKF7
1350,Kevin White,kevin.white.1350@example.com,OC2u7yX0VZ
1351,Mark Lee,mark.lee.1351@example.com,XlI74ZNx0R
1352,Charles Wilson,charles.wilson.1352@example.com,T5mtxN7zWd
1353,John Lee,john.lee.1353@example.com,YJbSE59kAl
1354,Karen Miller,karen.miller.1354@example.com,iHDTZI19tg
1355,Robert Lopez,robert.lopez.1355@example.com,wUcWXgNTaR
1356,Kevin Taylor,kevin.taylor.1356@example.com,Hxi1XnIGhU
1357,Jessica Smith,jessica.smith.1357@example.com,3qaL3njX8r
1358,Patricia Moore,patricia.moore.1358@example.com,3dyVtHak1c
1359,Charles Jones,charles.jones.1359@example.com,QEOMh6SFm9
1360,Thomas Sanchez,thomas.sanchez.1360@example.com,zpqecnnSey
1361,Elizabeth Garcia,elizabeth.garcia.1361@example.com,QmCH25dVjb
1362,Daniel Gonzalez,daniel.gonzalez.1362@example.com,xGNJ6GqjBM
1363,Mark Sanchez,mark.sanchez.1363@example.com,yoVJoI8yfA
1364,Donald Brown,donald.brown.1364@example.com,Tubw1hzuHh
1365,Anthony Walker,anthony.walker.1365@example.com,UDgibN1Hdb
1366,Barbara Martin,barbara.martin.1366@example.com,afL7B6n7e5
1367,Joseph Jones,joseph.jones.1367@example.com,hNqKm5xTDX
1368,Michael Gonzalez,michael.gonzalez.1368@example.com,3BtNTXbYMx
1369,Margaret Perez,margaret.perez.1369@example.com,oIbGmD1MRa
1370,Robert Clark,robert.clark.1370@example.com,14yGvgTBPu
1371,Anthony Anderson,anthony.anderson.1371@example.com,dgpweIGSov
1372,Sandra Taylor,sandra.taylor.1372@example.com,wxTRk4dcfx
1373,Nancy Wilson,nancy.wilson.1373@example.com,yB7zLIQAoG
1374,John Harris,john.harris.1374@example.com,w0rXWWemGD
1375,James Taylor,james.taylor.1375@example.com,VslLOjBG3k
1376,Charles Ramirez,charles.ramirez.1376@example.com,2JqXOGj01v
1377,John Lee,john.lee.1377@example.com,C6TAMYxsPn
1378,John Young,john.young.1378@example.com,xuoc7SUjW1
1379,Michelle Lewis,michelle.lewis.1379@example.com,yixghaG981
1380,Patricia Johnson,patricia.johnson.1380@example.com,imbuzvyYlw
1381,Sandra Johnson,sandra.johnson.1381@example.com,sbbIYMgExG
1382,Paul Sanchez,paul.sanchez.1382@example.com,zos0WMWDqx
1383,Mark Jackson,mark.jackson.1383@example.com,RTe0ap9I5Q
1384,Donald Thomas,donald.thomas.1384@example.com,5C3GBCihF6
1385,Nancy Anderson,nancy.anderson.1385@example.com,cokCix75KF
1386,Kevin Johnson,kevin.johnson.1386@example.com,scxbjdEufd
1387,Patricia Ramirez,patricia.ramirez.1387@example.com,XXB0oeg9E8
1388,Nancy Smith,nancy.smith.1388@example.com,RJhvcdITX6
1389,James Clark,james.clark.1389@example.com,GOKKESEwyq
1390,Elizabeth Clark,elizabeth.clark.1390@example.com,HxGlF3DDZW
1391,Ashley Thomas,ashley.thomas.1391@example.com,ZYjfJfx5cb
1392,Sarah Martin,sarah.martin.1392@example.com,cae2Q8bkUr
1393,Barbara Lewis,barbara.lewis.1393@example.com,vuq3agEu6r
1394,Linda Jackson,linda.jackson.1394@example.com,TUUZ6EZaT1
1395,Kevin Jones,kevin.jones.1395@example.com,m1EWvNIc0u
1396,Barbara Rodriguez,barbara.rodriguez.1396@example.com,mcqYSCBLrG
1397,Emily Anderson,emily.anderson.1397@example.com,4eUO2xwIkJ
1398,Ashley Young,ashley.young.1398@example.com,cf1qNswF1k
1399,Joshua Harris,joshua.harris.1399@example.com,JAafXkSGTL
1400,Sandra Lopez,sandra.lopez.1400@example.com,C25hL8u3Fz
1401,Barbara Martinez,barbara.martinez.1401@example.com,H84uMNFBzh
1402,Susan Lewis,susan.lewis.1402@example.com,UBUxxVt2zz
1403,Donald Sanchez,donald.sanchez.1403@example.com,cr3e2LfQ3g
1404,Kimberly Martin,kimberly.martin.1404@example.com,cA56PxfsVb
1405,Daniel Perez,daniel.perez.1405@example.com,EjtoScNMvh
1406,Patricia Taylor,patricia.taylor.1406@example.com,GAWSL7jkmI
1407,Joshua Martin,joshua.martin.1407@example.com,ArEqp1e6NR
1408,Linda Rodriguez,linda.rodriguez.1408@example.com,KpqquyQST7
1409,Patricia Williams,patricia.williams.1409@example.com,3JOoEbogJC
1410,Mark Martin,mark.martin.1410@example.com,eqccH3GTer
1411,Barbara Lopez,barbara.lopez.1411@example.com,rcFz0ykFWE
1412,Matthew Sanchez,matthew.sanchez.1412@example.com,7CEDyANQiV
1413,Linda Thomas,linda.thomas.1413@example.com,TU1wJfzqbF
1414,Joshua Robinson,joshua.robinson.1414@example.com,dVgWiXCQfR
1415,Joseph Miller,joseph.miller.1415@example.com,CsmQKKecwB
1416,Ashley Martinez,ashley.martinez.1416@example.com,lrxgHiUD3h
1417,Betty Clark,betty.clark.1417@example.com,wH6aAR6yBQ
1418,Michelle Miller,michelle.miller.1418@example.com,wpGeUhc2f2
1419,Paul Davis,paul.davis.1419@example.com,eBiSqpHoJM
1420,James Lee,james.lee.1420@example.com,OEVRv5GenG
1421,Anthony Gonzalez,anthony.gonzalez.1421@example.com,ArdUX9OHAj
1422,Emily Ramirez,emily.ramirez.1422@example.com,mbLw4PyeVP
1423,Anthony Young,anthony.young.1423@example.com,qC5SDCwi7C
1424,Nancy Hernandez,nancy.hernandez.1424@example.com,Av1KNVptd8
1425,Joseph Perez,joseph.perez.1425@example.com,kjVkUXYgtP
1426,Robert Rodriguez,robert.rodriguez.1426@example.com,GHxqxkHru2
1427,Jennifer Johnson,jennifer.johnson.1427@example.com,ND3iW14LLL
1428,Charles Brown,charles.brown.1428@example.com,bMozN3lFnE
1429,Daniel Williams,daniel.williams.1429@example.com,7WYc44Y2bF
1430,Elizabeth Rodriguez,elizabeth.rodriguez.1430@example.com,ZdDIqytlsZ
1431,Patricia Clark,patricia.clark.1431@example.com,k1gRD7Rwp9
1432,Donna Martinez,donna.martinez.1432@example.com,DfegbhiFX2
1433,Jessica Anderson,jessica.anderson.1433@example.com,hq7ffoSTo1
1434,Daniel Brown,daniel.brown.1434@example.com,TUehGubyOm
1435,Ashley Young,ashley.young.1435@example.com,ic9AhaxfO9
1436,David Johnson,david.johnson.1436@example.com,NzgaPNBFvT
1437,Robert Johnson,robert.johnson.1437@example.com,qaJpkYG36h
1438,Emily White,emily.white.1438@example.com,93kGgWPMIY
1439,Joseph Lewis,joseph.lewis.1439@example.com,M3Hzb7UAvL
1440,Sarah Miller,sarah.miller.1440@example.com,d0hHtG0faO
1441,Emily Young,emily.young.1441@example.com,AChNteuv1z
1442,Emily Walker,emily.walker.1442@example.com,q1ZCW6pNVE
1443,Donald Martin,donald.martin.1443@example.com,MFo0Eq2B1M
1444,Ashley Rodriguez,ashley.rodriguez.1444@example.com,mkyxx8mFDf
1445,Karen Martinez,karen.martinez.1445@example.com,lQ8eTMyTuF
1446,Michelle Hernandez,michelle.hernandez.1446@example.com,QvsDERzp3W
1447,Lisa Garcia,lisa.garcia.1447@example.com,KusUgUiSFJ
1448,Patricia Young,patricia.young.1448@example.com,2zVtq6btn1
1449,Matthew Perez,matthew.perez.1449@example.com,RjyvNNEt2y
1450,Emily Davis,emily.davis.1450@example.com,8YHuiaz0Ns
1451,David Davis,david.davis.1451@example.com,2LZAmTYv37
1452,Kimberly Ramirez,kimberly.ramirez.1452@example.com,fzZRJZf4Cy
1453,Andrew Thompson,andrew.thompson.1453@example.com,5ztKm3AMhO
1454,Paul Young,paul.young.1454@example.com,Jo6MT6nlWO
1455,Andrew Ramirez,andrew.ramirez.1455@example.com,Wh2qbdPcNL
1456,Michael Smith,michael.smith.1456@example.com,cxDu68xwhQ
1457,David Wilson,david.wilson.1457@example.com,SBgDiaixlL
1458,John Rodriguez,john.rodriguez.1458@example.com,9ltRTOms56
1459,Thomas Ramirez,thomas.ramirez.1459@example.com,FK6hxsxYZS
1460,Ashley Gonzalez,ashley.gonzalez.1460@example.com,dQmQK8wo1d
1461,Donald White,donald.white.1461@example.com,GyfeDBprGw
1462,Thomas Clark,thomas.clark.1462@example.com,ywJiRi3zcR
1463,Mark Lewis,mark.lewis.1463@example.com,8YLxD6rbFT
1464,James Thomas,james.thomas.1464@example.com,sSHgk1TF3P
1465,Karen Moore,karen.moore.1465@example.com,AsCBHFZEZS
1466,Sandra Brown,sandra.brown.1466@example.com,kOqqQPoEhN
1467,Richard Johnson,richard.johnson.1467@example.com,0JaoYilAcM
1468,Barbara Wilson,barbara.wilson.1468@example.com,En17pCOL9V
1469,Patricia Anderson,patricia.anderson.1469@example.com,Y8mRCAPgCs
1470,Sandra Brown,sandra.brown.1470@example.com,vJTyFN7deH
1471,Betty Garcia,betty.garcia.1471@example.com,KRnpQhqwUe
1472,Paul Lopez,paul.lopez.1472@example.com,aD3AkFQ3sn
1473,Michelle Sanchez,michelle.sanchez.1473@example.com,NSSh4IgHwx
1474,Steven Lee,steven.lee.1474@example.com,tIiU42RSfc
1475,Paul Moore,paul.moore.1475@example.com,m0eJWV6jKT
1476,Linda Lewis,linda.lewis.1476@example.com,T9PRFj7FDH
1477,Michelle Gonzalez,michelle.gonzalez.1477@example.com,xqLeJJiFqp
1478,Ashley Hernandez,ashley.hernandez.1478@example.com,PAZnpnyhZ1
1479,Matthew Clark,matthew.clark.1479@example.com,N9cT3ilSD0
1480,Robert Brown,robert.brown.1480@example.com,hb2uXWQY8S
1481,Jennifer Davis,jennifer.davis.1481@example.com,Sp12Q45WIt
1482,Elizabeth Robinson,elizabeth.robinson.1482@example.com,jqoZ7OYFzV
1483,Elizabeth Rodriguez,elizabeth.rodriguez.1483@example.com,s1q4UAhg6l
1484,Jennifer Clark,jennifer.clark.1484@example.com,mVXqf0wwtf
1485,Sandra Young,sandra.young.1485@example.com,A1b96IDuQ0
1486,Linda Hernandez,linda.hernandez.1486@example.com,OosKey5TkL
1487,Kimberly Lee,kimberly.lee.1487@example.com,HnD8huhDvD
1488,Charles Thompson,charles.thompson.1488@example.com,KwdssW8cR7
1489,Karen Smith,karen.smith.1489@example.com,mU6DvOioE0
1490,Paul White,paul.white.1490@example.com,22BvMFyU4E
1491,Kimberly Perez,kimberly.perez.1491@example.com,uxcqRlGJ8f
1492,Ashley Gonzalez,ashley.gonzalez.1492@example.com,JQcFMNNjRm
1493,Robert Martin,robert.martin.1493@example.com,MSFvbYMVeZ
1494,Robert Garcia,robert.garcia.1494@example.com,B2mblyFHN2
1495,Ashley Thomas,ashley.thomas.1495@example.com,nhFCuUzdXJ
1496,Karen Ramirez,karen.ramirez.1496@example.com,oVYkEflaRy
1497,Donna Anderson,donna.anderson.1497@example.com,zD99YBankA
1498,Daniel Perez,daniel.perez.1498@example.com,3wHG5YA16d
1499,David Sanchez,david.sanchez.1499@example.com,ZFcRb3XNSd
1500,Susan Clark,susan.clark.1500@example.com,56al2t6t6t
1501,Elizabeth Hernandez,elizabeth.hernandez.1501@example.com,2PAGTvQV8m
1502,Elizabeth White,elizabeth.white.1502@example.com,3qzhZqPvMs
1503,Kevin Gonzalez,kevin.gonzalez.1503@example.com,45LxZvjOyw
1504,Kimberly Lee,kimberly.lee.1504@example.com,p0uuctMSxG
1505,Betty Wilson,betty.wilson.1505@example.com,NbBnkLLrlz
1506,Patricia Hernandez,patricia.hernandez.1506@example.com,hunwEejZqq
1507,William Ramirez,william.ramirez.1507@example.com,qGXyMb4dJd
1508,Margaret Martin,margaret.martin.1508@example.com,GA3tbbpPEn
1509,Anthony Sanchez,anthony.sanchez.1509@example.com,fAW0NxbTHc
1510,Paul White,paul.white.1510@example.com,eGS4PZapCR
1511,Jessica Lopez,jessica.lopez.1511@example.com,NtxlJdQEvj
1512,Barbara Gonzalez,barbara.gonzalez.1512@example.com,594RgV3xom
1513,Ashley Davis,ashley.davis.1513@example.com,EAluqXwX6t
1514,Donna Garcia,donna.garcia.1514@example.com,fElBQKKLCo
1515,John Jones,john.jones.1515@example.com,9TS5vjzuaP
1516,Patricia Lee,patricia.lee.1516@example.com,vbzlM61WPb
1517,Jessica Harris,jessica.harris.1517@example.com,DBbdiyArXe
1518,John Williams,john.williams.1518@example.com,S1QE1xcKzc
1519,Sarah White,sarah.white.1519@example.com,OGx7wrM3As
1520,Nancy Brown,nancy.brown.1520@example.com,ezjBlAMGhF
1521,Nancy Garcia,nancy.garcia.1521@example.com,TuaJSrYqbN
1522,Jennifer Miller,jennifer.miller.1522@example.com,xL3m4pTiNw
1523,Jennifer Thompson,jennifer.thompson.1523@example.com,dgkvHguVi6
1524,Susan Thomas,susan.thomas.1524@example.com,gnwGy8Nefy
1525,Richard Jones,richard.jones.1525@example.com,m88Y8ulX32
1526,Nancy Sanchez,nancy.sanchez.1526@example.com,MNAZWiINob
1527,Daniel Martin,daniel.martin.1527@example.com,cJsxqlm7jE
1528,Nancy Anderson,nancy.anderson.1528@example.com,PaGPEY6P6o
1529,Nancy Sanchez,nancy.sanchez.1529@example.com,clrntAlxiQ
1530,Susan Moore,susan.moore.1530@example.com,0NN8b51Itu
1531,Betty Robinson,betty.robinson.1531@example.com,evjf8A7ryD
1532,Elizabeth Martin,elizabeth.martin.1532@example.com,huHz9BMYzA
1533,John Brown,john.brown.1533@example.com,relSEIxuuI
1534,Anthony Thompson,anthony.thompson.1534@example.com,gfVAEXkG8U
1535,Barbara Lee,barbara.lee.1535@example.com,BCawGzgJAD
1536,James Lee,james.lee.1536@example.com,mwXGYfCwmT
1537,Kimberly Jones,kimberly.jones.1537@example.com,zxJDY3G8N0
1538,Charles Moore,charles.moore.1538@example.com,b8Gx2cwEzO
1539,Anthony Lee,anthony.lee.1539@example.com,BmXpDTEJUr
1540,Elizabeth Thompson,elizabeth.thompson.1540@example.com,iFPgUcuHZr
1541,Sandra Harris,sandra.harris.1541@example.com,zMxU7SSSCA
1542,Kimberly Brown,kimberly.brown.1542@example.com,H5nokC1KdF
1543,Joseph Martinez,joseph.martinez.1543@example.com,FOqX0YvNhJ
1544,Betty Walker,betty.walker.1544@example.com,hnuUAX6Lf0
1545,Paul Thompson,paul.thompson.1545@example.com,HJSvel22e2
1546,Elizabeth Taylor,elizabeth.taylor.1546@example.com,lERUlbiWAM
1547,Donna Jackson,donna.jackson.1547@example.com,PUcHthuQRa
1548,David Hernandez,david.hernandez.1548@example.com,Yp13kiLBHc
1549,Elizabeth Thomas,elizabeth.thomas.1549@example.com,gomVOG8VG2
1550,Donald Harris,donald.harris.1550@example.com,d0P2MJU7PO
1551,Daniel Miller,daniel.miller.1551@example.com,GAJkvfIMHV
1552,Linda Hernandez,linda.hernandez.1552@example.com,hZHrNt7SSe
1553,Elizabeth Perez,elizabeth.perez.1553@example.com,iA3KFN7nAu
1554,Joshua Gonzalez,joshua.gonzalez.1554@example.com,w9zsg86BzW
1555,Michelle Martin,michelle.martin.1555@example.com,bKtmGE9Edm
1556,Mark Perez,mark.perez.1556@example.com,AaDBwkc0KN
1557,Mark Smith,mark.smith.1557@example.com,Isr62Fh7zt
1558,Susan Williams,susan.williams.1558@example.com,NfFNt5ASVM
1559,Susan Jackson,susan.jackson.1559@example.com,dbspvl8Ed1
1560,Patricia Young,patricia.young.1560@example.com,QD6ak5QSd6
1561,Susan White,susan.white.1561@example.com,poPwuMRa57
1562,William Walker,william.walker.1562@example.com,4BO53pchfh
1563,Barbara Davis,barbara.davis.1563@example.com,3ePJDuhpHf
1564,Michael Moore,michael.moore.1564@example.com,3OhQvCfi0f
1565,Susan Taylor,susan.taylor.1565@example.com,QqqyuRYx5x
1566,Charles Brown,charles.brown.1566@example.com,yf9tDjAASE
1567,Patricia Smith,patricia.smith.1567@example.com,50XTDFqdET
1568,Joseph Sanchez,joseph.sanchez.1568@example.com,091LMpcQuu
1569,James Clark,james.clark.1569@example.com,e3VvxGy6Ik
1570,Linda Thomas,linda.thomas.1570@example.com,aE7e3MEt1X
1571,David Lewis,david.lewis.1571@example.com,vpeXUjOPO8
1572,Steven Garcia,steven.garcia.1572@example.com,Bx0pISkTfW
1573,Barbara Harris,barbara.harris.1573@example.com,l708RkyhOE
1574,Andrew Lopez,andrew.lopez.1574@example.com,v1R6Mr7ENh
1575,Steven Anderson,steven.anderson.1575@example.com,6zzeEuCgxY
1576,Anthony Robinson,anthony.robinson.1576@example.com,VStH6s8Ue8
1577,Matthew Perez,matthew.perez.1577@example.com,zpSQ1cl2IM
1578,Michael Thomas,michael.thomas.1578@example.com,KrTCLkUmoZ
1579,Betty White,betty.white.1579@example.com,iTW28UG7SI
1580,Paul Moore,paul.moore.1580@example.com,xfx3Ef3sRW
1581,Matthew Anderson,matthew.anderson.1581@example.com,PcGEdM1jY5
1582,David Young,david.young.1582@example.com,c3r3vhSN7v
1583,John Lee,john.lee.1583@example.com,jffRN0nsG7
1584,Joseph Miller,joseph.miller.1584@example.com,KBuORsu6sX
1585,Emily Martin,emily.martin.1585@example.com,DEfRtN4uBS
1586,Margaret Lewis,margaret.lewis.1586@example.com,8CjPqIvFsB
1587,Susan Johnson,susan.johnson.1587@example.com,EHeo7ZoBmK
1588,Donna Thompson,donna.thompson.1588@example.com,nVic8KaoZX
1589,Joshua Smith,joshua.smith.1589@example.com,UWM6y9DjPs
1590,Steven Gonzalez,steven.gonzalez.1590@example.com,ggnsoJvoz8
1591,John Jackson,john.jackson.1591@example.com,Aod7pecxXR
1592,Daniel Williams,daniel.williams.1592@example.com,zOnNEhUZIO
1593,Michael Johnson,michael.johnson.1593@example.com,lVrvMzBSB4
1594,Mark Walker,mark.walker.1594@example.com,oHR4BsiNxo
1595,Anthony Sanchez,anthony.sanchez.1595@example.com,BPEk9Bp6if
1596,David Hernandez,david.hernandez.1596@example.com,MDX8tpmRMY
1597,Joseph Thomas,joseph.thomas.1597@example.com,23o8bF0oDo
1598,Ashley Moore,ashley.moore.1598@example.com,1ap6g0xj3A
1599,Donald Thompson,donald.thompson.1599@example.com,Zf0Pj4IGxM
1600,Betty Walker,betty.walker.1600@example.com,nNNHcI7Byp
1601,Michael Johnson,michael.johnson.1601@example.com,6IU4mY0P1k
1602,Linda Martinez,linda.martinez.1602@example.com,TPQukpbOdt
1603,Linda Anderson,linda.anderson.1603@example.com,poQgBFlW0k
1604,Nancy Robinson,nancy.robinson.1604@example.com,xlHJ35s56j
1605,John Young,john.young.1605@example.com,Oj0KyfqWHT
1606,Richard Clark,richard.clark.1606@example.com,r1t0PcKKZo
1607,James Ramirez,james.ramirez.1607@example.com,UEzo78kw36
1608,Lisa Jackson,lisa.jackson.1608@example.com,VRn0rtrDqm
1609,Betty Clark,betty.clark.1609@example.com,L0vfPB0rYr
1610,Matthew Robinson,matthew.robinson.1610@example.com,4qr8XhzEsC
1611,Betty Martinez,betty.martinez.1611@example.com,e9E9KAPpv0
1612,Mary Clark,mary.clark.1612@example.com,RjHAOKJK3o
1613,Michelle Robinson,michelle.robinson.1613@example.com,vQW3URF04R
1614,William Clark,william.clark.1614@example.com,d3sgUzgn5t
1615,William Sanchez,william.sanchez.1615@example.com,r9YSly65Ng
1616,Joseph Taylor,joseph.taylor.1616@example.com,m1FICu2K6B
1617,Susan Young,susan.young.1617@example.com,g5uqzkLdLA
1618,Daniel Robinson,daniel.robinson.1618@example.com,9xNTJ3oJaY
1619,Elizabeth Jones,elizabeth.jones.1619@example.com,8xXW7UnPSw
1620,Emily Young,emily.young.1620@example.com,NDgaFANNEF
1621,Elizabeth Jones,elizabeth.jones.1621@example.com,R2ft9hSlVX
1622,Charles Hernandez,charles.hernandez.1622@example.com,wic2LLtnQQ
1623,Elizabeth Wilson,elizabeth.wilson.1623@example.com,JFu1bOIE2u
1624,Patricia Brown,patricia.brown.1624@example.com,iO2dHNlVgq
1625,Mary Martinez,mary.martinez.1625@example.com,0c8Qej5y82
1626,Patricia Davis,patricia.davis.1626@example.com,Pe4Fx3rlWc
1627,Donald Thomas,donald.thomas.1627@example.com,itq6woVRoH
1628,Karen Martin,karen.martin.1628@example.com,1QFcsBZw1n
1629,James Ramirez,james.ramirez.1629@example.com,o6gn4KRrgr
1630,Charles Brown,charles.brown.1630@example.com,MNyD6chG3m
1631,Sandra Williams,sandra.williams.1631@example.com,jrYszPbnMM
1632,Andrew Anderson,andrew.anderson.1632@example.com,eebqq4G0yH
1633,Kevin White,kevin.white.1633@example.com,FRPltiUCsW
1634,Donald Smith,donald.smith.1634@example.com,qpZhCmNM3O
1635,Susan Johnson,susan.johnson.1635@example.com,np8WP0NAcw
1636,Jessica Miller,jessica.miller.1636@example.com,q1y68Vsx6S
1637,Elizabeth Thompson,elizabeth.thompson.1637@example.com,9I80DcMaj4
1638,Karen Rodriguez,karen.rodriguez.1638@example.com,kMz4iV2Xmo
1639,Margaret Ramirez,margaret.ramirez.1639@example.com,mLTNL2AbD4
1640,Daniel Rodriguez,daniel.rodriguez.1640@example.com,WAiyd6VvTL
1641,Kevin Anderson,kevin.anderson.1641@example.com,rSuYscuX0x
1642,Daniel Jones,daniel.jones.1642@example.com,H1U1CtF4Mz
1643,Kevin Wilson,kevin.wilson.1643@example.com,DxD4EpVCEv
1644,James Lopez,james.lopez.1644@example.com,cn3EIDW6vx
1645,James Thomas,james.thomas.1645@example.com,4ij2JRcrWA
1646,Mary Taylor,mary.taylor.1646@example.com,ArEDnGTxtV
1647,Joshua Moore,joshua.moore.1647@example.com,ijsDNt9K0W
1648,Lisa Robinson,lisa.robinson.1648@example.com,oVJT5Gd5Yz
1649,Thomas Robinson,thomas.robinson.1649@example.com,KY24T2xm39
1650,Donna White,donna.white.1650@example.com,lOENOvRNaj
1651,Patricia Perez,patricia.perez.1651@example.com,J5XX2qbgnt
1652,Charles Martin,charles.martin.1652@example.com,oNx5bj2k56
1653,Michelle Lopez,michelle.lopez.1653@example.com,q0N5E66Wb3
1654,Donna Robinson,donna.robinson.1654@example.com,JSIRfzJL3A
1655,Kimberly Lewis,kimberly.lewis.1655@example.com,VloCssMCdG
1656,Robert Robinson,robert.robinson.1656@example.com,q8qiRjV2qr
1657,Nancy Miller,nancy.miller.1657@example.com,3BPZc6AeOG
1658,Lisa Martinez,lisa.martinez.1658@example.com,dn9qRglUel
1659,Joseph Robinson,joseph.robinson.1659@example.com,F8lIcB7Hel
1660,Susan Thomas,susan.thomas.1660@example.com,wu3c8qFVwH
1661,Charles Ramirez,charles.ramirez.1661@example.com,OuxR7jEeuU
1662,Joshua Garcia,joshua.garcia.1662@example.com,t1ckTUeg5h
1663,Sandra Jones,sandra.jones.1663@example.com,CeMztWPlfU
1664,Karen Thomas,karen.thomas.1664@example.com,W5x0GJvla2
1665,Sandra Perez,sandra.perez.1665@example.com,CgdmnvrYVz
1666,David Thompson,david.thompson.1666@example.com,fKaZXZzwrK
1667,Emily Martin,emily.martin.1667@example.com,UE7RBGL3C8
1668,Joseph Jackson,joseph.jackson.1668@example.com,CXl79owjoe
1669,David Robinson,david.robinson.1669@example.com,npyczo9iK7
1670,Ashley Robinson,ashley.robinson.1670@example.com,cp4DMr7AsC
1671,Jessica Moore,jessica.moore.1671@example.com,TJSezUPWd4
1672,Lisa Hernandez,lisa.hernandez.1672@example.com,GD0eWG7BiT
1673,Paul Sanchez,paul.sanchez.1673@example.com,a7vSeUmjUo
1674,William Jackson,william.jackson.1674@example.com,Drk9yB7qaI
1675,Linda White,linda.white.1675@example.com,Cqg4K6yHy7
1676,Matthew Taylor,matthew.taylor.1676@example.com,ubumnRIjyN
1677,Betty Lewis,betty.lewis.1677@example.com,PlGWa4Bjld
1678,Joseph Brown,joseph.brown.1678@example.com,MfVugqZNu7
1679,Barbara Brown,barbara.brown.1679@example.com,O6YTRYbPPg
1680,Elizabeth Lee,elizabeth.lee.1680@example.com,kJw7JgZlYs
1681,David Walker,david.walker.1681@example.com,04GjlCMolP
1682,Betty Hernandez,betty.hernandez.1682@example.com,RbFxnGw3Hm
1683,Joshua Smith,joshua.smith.1683@example.com,340OrawOWH
1684,John Wilson,john.wilson.1684@example.com,MF9jHNBxnG
1685,John Thompson,john.thompson.1685@example.com,qbU24d5Lb3
1686,James Ramirez,james.ramirez.1686@example.com,u7yksy9Ulf
1687,Robert Smith,robert.smith.1687@example.com,rab595s2BD
1688,Betty Moore,betty.moore.1688@example.com,aSVopbw5OO
1689,Lisa Young,lisa.young.1689@example.com,mU8KXKs25u
1690,Daniel Brown,daniel.brown.1690@example.com,zIxdAyteW6
1691,Ashley Walker,ashley.walker.1691@example.com,SePulh7AVj
1692,Ashley Brown,ashley.brown.1692@example.com,W6Ixr0jefK
1693,Ashley Taylor,ashley.taylor.1693@example.com,tITK8BPaF1
1694,Lisa Jackson,lisa.jackson.1694@example.com,mjh2m1CPEM
1695,Ashley Robinson,ashley.robinson.1695@example.com,cwQHGXl71d
1696,Andrew Clark,andrew.clark.1696@example.com,FxHapwwfIS
1697,Emily White,emily.white.1697@example.com,nTiYJWcVcw
1698,Donna Smith,donna.smith.1698@example.com,Ykr41UTtdI
1699,Jennifer Lopez,jennifer.lopez.1699@example.com,kkNm9lyx1f
1700,Nancy Young,nancy.young.1700@example.com,pxuKMuY6B2
1701,Joseph Perez,joseph.perez.1701@example.com,kXSWF5fgib
1702,Thomas Anderson,thomas.anderson.1702@example.com,fSTL3rxmdI
1703,Jessica Martin,jessica.martin.1703@example.com,GKIdvKNkZj
1704,Emily Lee,emily.lee.1704@example.com,mvXZcGcwcB
1705,Donald Ramirez,donald.ramirez.1705@example.com,c7sZaxuKjF
1706,Joseph Davis,joseph.davis.1706@example.com,oOfUZv2oPr
1707,Andrew Harris,andrew.harris.1707@example.com,Hovg2ur4DB
1708,Kimberly Wilson,kimberly.wilson.1708@example.com,AjwPlNl6Df
1709,Margaret Thompson,margaret.thompson.1709@example.com,eRpwsxjtKK
1710,Nancy Perez,nancy.perez.1710@example.com,BPZSiCGC1b
1711,Michael Miller,michael.miller.1711@example.com,OlAVcUemTq
1712,Jessica Rodriguez,jessica.rodriguez.1712@example.com,5BKC2g0RVk
1713,Anthony Jones,anthony.jones.1713@example.com,5xZvF1nodg
1714,Thomas Davis,thomas.davis.1714@example.com,3wsYiKx8ey
1715,Donna Gonzalez,donna.gonzalez.1715@example.com,oN3ZULSTta
1716,Michael Hernandez,michael.hernandez.1716@example.com,B8eS0YmHrQ
1717,Margaret Hernandez,margaret.hernandez.1717@example.com,tnowadPmrT
1718,Kevin Davis,kevin.davis.1718@example.com,Vf8LojKHY8
1719,Susan Perez,susan.perez.1719@example.com,V1eLvMbGfY
1720,Karen Ramirez,karen.ramirez.1720@example.com,xOWspcr8o4
1721,Sandra Taylor,sandra.taylor.1721@example.com,duw0QVjpEi
1722,Thomas Anderson,thomas.anderson.1722@example.com,61naw0aeGr
1723,Paul Taylor,paul.taylor.1723@example.com,me1OGfkNsp
1724,Sarah Davis,sarah.davis.1724@example.com,RzZMZlrPSj
1725,Nancy Jackson,nancy.jackson.1725@example.com,Wu6mtydiLL
1726,William Jackson,william.jackson.1726@example.com,Z8RQw55sCW
1727,William Jackson,william.jackson.1727@example.com,TtwXzNBJeb
1728,Anthony Lewis,anthony.lewis.1728@example.com,c1ISA4mWp1
1729,Steven Clark,steven.clark.1729@example.com,kZDfy5YQqx
1730,Mark Wilson,mark.wilson.1730@example.com,N9BcoUvay5
1731,John Hernandez,john.hernandez.1731@example.com,qSMc1maqsZ
1732,Charles Williams,charles.williams.1732@example.com,CvNpIgCI6L
1733,Karen Wilson,karen.wilson.1733@example.com,CEUSfHjUFr
1734,Jennifer Moore,jennifer.moore.1734@example.com,g3YS5crDpH
1735,Karen Williams,karen.williams.1735@example.com,MpD9mnNz47
1736,Paul Martinez,paul.martinez.1736@example.com,ouv86nswFn
1737,Michelle Hernandez,michelle.hernandez.1737@example.com,6v2JSSHtKn
1738,Anthony White,anthony.white.1738@example.com,EwNRoIWalW
1739,Anthony Taylor,anthony.taylor.1739@example.com,kqjZ7uc4dj
1740,Ashley Walker,ashley.walker.1740@example.com,PyaidA0PQG
1741,Thomas Lopez,thomas.lopez.1741@example.com,r9KYgBRRBd
1742,Ashley Harris,ashley.harris.1742@example.com,h8ICMd72t5
1743,Betty White,betty.white.1743@example.com,fAsJPd3jJZ
1744,Linda Johnson,linda.johnson.1744@example.com,103y1q544A
1745,James Clark,james.clark.1745@example.com,MVeEFkXL4k
1746,Robert Thomas,robert.thomas.1746@example.com,SWABzZspsB
1747,Emily Walker,emily.walker.1747@example.com,aO2mJ1RYXD
1748,Steven Martin,steven.martin.1748@example.com,e8KDZCH343
1749,Mary Hernandez,mary.hernandez.1749@example.com,E2gqN3GSDE
1750,Emily Clark,emily.clark.1750@example.com,TVljWO0w01
1751,Thomas Gonzalez,thomas.gonzalez.1751@example.com,ToLUtVzxEI
1752,Joshua Martin,joshua.martin.1752@example.com,2wpEWqGdES
1753,Donald Martinez,donald.martinez.1753@example.com,IrwLjfdoYi
1754,Charles Martin,charles.martin.1754@example.com,HER9XTrtOX
1755,Barbara White,barbara.white.1755@example.com,QvwuEDr8Wj
1756,Sarah Martin,sarah.martin.1756@example.com,uBUhmZJj7b
1757,Robert Thomas,robert.thomas.1757@example.com,iERadDbIMS
1758,Jessica Ramirez,jessica.ramirez.1758@example.com,ck0m0MYzG1
1759,William Miller,william.miller.1759@example.com,aiGyPn6nV3
1760,Donald Jackson,donald.jackson.1760@example.com,J0j5Kev2WM
1761,Joshua Williams,joshua.williams.1761@example.com,m4r4xYeiag
1762,Joseph Anderson,joseph.anderson.1762@example.com,G0T7BMmhsR
1763,Ashley Clark,ashley.clark.1763@example.com,iKJcOSUoS6
1764,Daniel Young,daniel.young.1764@example.com,KnuOEuwH04
1765,Jessica Young,jessica.young.1765@example.com,IT3byz7EtO
1766,Charles White,charles.white.1766@example.com,B4h7VQ8swK
1767,Michael Robinson,michael.robinson.1767@example.com,kW6LVj8OCS
1768,Joseph Davis,joseph.davis.1768@example.com,OpEefV8Cxg
1769,Mary Wilson,mary.wilson.1769@example.com,SvCn5LHyAs
1770,Jessica Lewis,jessica.lewis.1770@example.com,ZJ9iHn3BLY
1771,Donna Gonzalez,donna.gonzalez.1771@example.com,3TfkK6hxBw
1772,Susan Garcia,susan.garcia.1772@example.com,AnmTL6f7DY
1773,Karen Thomas,karen.thomas.1773@example.com,aIBLh8xrwV
1774,Charles Martinez,charles.martinez.1774@example.com,d8KHNnwPMM
1775,Karen Jones,karen.jones.1775@example.com,dxKysDHglN
1776,Mary Brown,mary.brown.1776@example.com,1p0yhi7Not
1777,Jennifer Lopez,jennifer.lopez.1777@example.com,ODYsl2BD92
1778,John Johnson,john.johnson.1778@example.com,EHvSSsdXL1
1779,Joshua Williams,joshua.williams.1779@example.com,E6PGbbUJIb
1780,Mary Thompson,mary.thompson.1780@example.com,t5tvtcsBmE
1781,Charles Lee,charles.lee.1781@example.com,8lrLIKv7zD
1782,Daniel Ramirez,daniel.ramirez.1782@example.com,cVhByS42TF
1783,Robert Hernandez,robert.hernandez.1783@example.com,sTKQfO33U5
1784,John Hernandez,john.hernandez.1784@example.com,C2N7tYdWdM
1785,Andrew Johnson,andrew.johnson.1785@example.com,cQ1A6QDQ3U
1786,Sandra Anderson,sandra.anderson.1786@example.com,JvAAqB4oph
1787,Thomas Thomas,thomas.thomas.1787@example.com,50s3tErEPg
1788,David Young,david.young.1788@example.com,RzeHTLXqGc
1789,Michelle Young,michelle.young.1789@example.com,1A41IwmJn5
1790,Kimberly Taylor,kimberly.taylor.1790@example.com,eKs2zx0bOa
1791,Jessica Young,jessica.young.1791@example.com,PLJdzrxEyY
1792,Thomas Gonzalez,thomas.gonzalez.1792@example.com,aFGHZuQK9B
1793,Joshua Clark,joshua.clark.1793@example.com,zuTSKMmsjw
1794,Ashley Williams,ashley.williams.1794@example.com,CAo1r1GRjv
1795,David Perez,david.perez.1795@example.com,gXRcAZaOpR
1796,Joseph Jackson,joseph.jackson.1796@example.com,B6DUAPwda8
1797,Nancy Moore,nancy.moore.1797@example.com,FiqmABYPIk
1798,Lisa Thompson,lisa.thompson.1798@example.com,P4xH7OpqjH
1799,Lisa Thompson,lisa.thompson.1799@example.com,0O9Kml0NEe
1800,Donna Davis,donna.davis.1800@example.com,Y3362MP8aL
1801,Jessica Rodriguez,jessica.rodriguez.1801@example.com,L6Vbgjf3rR
1802,Michael Martin,michael.martin.1802@example.com,Hzj3bBQpmi
1803,Paul Lewis,paul.lewis.1803@example.com,GNqOK7nNNg
1804,Linda Thomas,linda.thomas.1804@example.com,AvlYkcu2Xh
1805,Sandra Williams,sandra.williams.1805@example.com,AqiVMfvysI
1806,Joseph Robinson,joseph.robinson.1806@example.com,jrLFDxBPi6
1807,David Johnson,david.johnson.1807@example.com,XB511gjPXL
1808,Donna Jackson,donna.jackson.1808@example.com,2SjP4MM1IY
1809,Emily Davis,emily.davis.1809@example.com,kruNNdir9L
1810,Donna Johnson,donna.johnson.1810@example.com,Jy6m43zmYf
1811,Kevin Robinson,kevin.robinson.1811@example.com,SBK4UQQRHk
1812,John Johnson,john.johnson.1812@example.com,000h2AI8dK
1813,Kevin Lopez,kevin.lopez.1813@example.com,vzpuyQsCXO
1814,Paul Rodriguez,paul.rodriguez.1814@example.com,GG7z3y86sh
1815,Richard Rodriguez,richard.rodriguez.1815@example.com,QEx1TSyA3p
1816,Mark Thomas,mark.thomas.1816@example.com,kebbKCt8bR
1817,Paul Miller,paul.miller.1817@example.com,oUXA33hRAl
1818,Patricia Ramirez,patricia.ramirez.1818@example.com,wJp3KHLGo7
1819,Jennifer Gonzalez,jennifer.gonzalez.1819@example.com,7ZkoilPksm
1820,Sarah Johnson,sarah.johnson.1820@example.com,q22fj43edJ
1821,Anthony Walker,anthony.walker.1821@example.com,vkL5KCVPPX
1822,Michael Clark,michael.clark.1822@example.com,Iy0MU7kUd3
1823,Susan Walker,susan.walker.1823@example.com,11NwXnhC7Z
1824,Charles Thompson,charles.thompson.1824@example.com,ne5v2N8qes
1825,Sandra Sanchez,sandra.sanchez.1825@example.com,mITcgVd06t
1826,David Moore,david.moore.1826@example.com,TfQek340Df
1827,Kevin Wilson,kevin.wilson.1827@example.com,CV035PTIi7
1828,Michael Thompson,michael.thompson.1828@example.com,0Y2rqaXp8z
1829,Donna Gonzalez,donna.gonzalez.1829@example.com,ghHHhnT5BC
1830,Michael Ramirez,michael.ramirez.1830@example.com,IUgpAOYkuZ
1831,Barbara Brown,barbara.brown.1831@example.com,9nxtmK6DsU
1832,William Hernandez,william.hernandez.1832@example.com,365VIyNoS7
1833,Margaret Lee,margaret.lee.1833@example.com,b7ZSyRwjbp
1834,Lisa Perez,lisa.perez.1834@example.com,ZfY07HBPkj
1835,Ashley Rodriguez,ashley.rodriguez.1835@example.com,OtKukwHL7p
1836,Kimberly Clark,kimberly.clark.1836@example.com,YHVP7hh8lR
1837,Betty Johnson,betty.johnson.1837@example.com,ZomBjvULBz
1838,Margaret Garcia,margaret.garcia.1838@example.com,fC9zNMsiAJ
1839,Jessica Thomas,jessica.thomas.1839@example.com,Y2WBddOEfg
1840,David Jones,david.jones.1840@example.com,bMWV0hRPfO
1841,Betty Smith,betty.smith.1841@example.com,dleL0Lealf
1842,Donna Robinson,donna.robinson.1842@example.com,cYysz4secZ
1843,Steven Rodriguez,steven.rodriguez.1843@example.com,sBjxJHgfKe
1844,David Johnson,david.johnson.1844@example.com,xSRaq63AZn
1845,William Clark,william.clark.1845@example.com,0e0f6Kc0KW
1846,Thomas Taylor,thomas.taylor.1846@example.com,daoM0GzbIF
1847,Betty Ramirez,betty.ramirez.1847@example.com,6cr3OFvJVW
1848,Margaret Harris,margaret.harris.1848@example.com,VPMn7c4Gx9
1849,Donald Jackson,donald.jackson.1849@example.com,yExdMsIIGW
1850,Mary Anderson,mary.anderson.1850@example.com,eIstuuy4bP
1851,Patricia Miller,patricia.miller.1851@example.com,hmeKAEaT04
1852,Jessica Johnson,jessica.johnson.1852@example.com,JPsgEVfGRK
1853,Mary Walker,mary.walker.1853@example.com,bUS2o0Nxod
1854,Andrew Johnson,andrew.johnson.1854@example.com,i4TsgwZy4r
1855,Emily Martinez,emily.martinez.1855@example.com,S1gdZTQ8OV
1856,Margaret Martin,margaret.martin.1856@example.com,E92oxEH1W7
1857,Emily Sanchez,emily.sanchez.1857@example.com,2AqRnp48Zn
1858,James Gonzalez,james.gonzalez.1858@example.com,jRf6h7NG0x
1859,Donna Walker,donna.walker.1859@example.com,OKz5dON63b
1860,Nancy Thomas,nancy.thomas.1860@example.com,MsqAmMoxbi
1861,Thomas Lopez,thomas.lopez.1861@example.com,tEQiUZxeln
1862,Thomas Rodriguez,thomas.rodriguez.1862@example.com,NMsra2vRLf
1863,John Lewis,john.lewis.1863@example.com,IQ9SbUyUSE
1864,Thomas Martin,thomas.martin.1864@example.com,7ggnuMGUCv
1865,Barbara Anderson,barbara.anderson.1865@example.com,v8kdMNatIz
1866,John Lopez,john.lopez.1866@example.com,QiPKl16qrn
1867,Mary Smith,mary.smith.1867@example.com,nwYaJ5QKO8
1868,Barbara Lopez,barbara.lopez.1868@example.com,Oq7mAYHQbA
1869,Susan Robinson,susan.robinson.1869@example.com,xS8sDCrYYq
1870,Joshua Lee,joshua.lee.1870@example.com,DH0S5K0lyJ
1871,Joshua Anderson,joshua.anderson.1871@example.com,jTORLgkfaS
1872,Betty Lewis,betty.lewis.1872@example.com,ZtuyxbGklY
1873,William Rodriguez,william.rodriguez.1873@example.com,UwwGqAHKN6
1874,Betty Lee,betty.lee.1874@example.com,hkY1sxauo0
1875,Michelle Garcia,michelle.garcia.1875@example.com,f2VoCS14Zm
1876,Jessica Gonzalez,jessica.gonzalez.1876@example.com,TIJyYjU3KX
1877,Andrew Martin,andrew.martin.1877@example.com,cTnHa6DBFI
1878,Jessica Smith,jessica.smith.1878@example.com,z7H3VJAODE
1879,Michelle Rodriguez,michelle.rodriguez.1879@example.com,xiHTwHSmW8
1880,David Ramirez,david.ramirez.1880@example.com,Bkmfq5GpRk
1881,Margaret Clark,margaret.clark.1881@example.com,KY8rw9tQi3
1882,Kevin Thompson,kevin.thompson.1882@example.com,yfrgcetRJz
1883,Nancy Thomas,nancy.thomas.1883@example.com,ZyUFcFFvcW
1884,Daniel Harris,daniel.harris.1884@example.com,9WmbU90URn
1885,Mark Jackson,mark.jackson.1885@example.com,BlpmOkZQ0k
1886,Emily Thompson,emily.thompson.1886@example.com,FoizKmWpJa
1887,Charles Taylor,charles.taylor.1887@example.com,m3V2Hr8t4N
1888,Donald Williams,donald.williams.1888@example.com,bUKP1qRWhr
1889,Patricia Taylor,patricia.taylor.1889@example.com,nudCWPuKe6
1890,Sandra Lee,sandra.lee.1890@example.com,PWYYIm164e
1891,Nancy Moore,nancy.moore.1891@example.com,ypwu2StYKR
1892,John Taylor,john.taylor.1892@example.com,xjhqoXcIC5
1893,Matthew Sanchez,matthew.sanchez.1893@example.com,c6Zq34hs6W
1894,Steven Thompson,steven.thompson.1894@example.com,UQd17GcsRd
1895,Mary Taylor,mary.taylor.1895@example.com,rjEugtAxSN
1896,Ashley Garcia,ashley.garcia.1896@example.com,iVAQq1t2eZ
1897,Karen Hernandez,karen.hernandez.1897@example.com,ftK1LgGzn7
1898,Andrew Rodriguez,andrew.rodriguez.1898@example.com,dso7J17i9b
1899,Anthony Jones,anthony.jones.1899@example.com,97W13f1MeW
1900,Matthew Clark,matthew.clark.1900@example.com,sBBtdYDzyI
1901,Linda Garcia,linda.garcia.1901@example.com,ratr97TDZA
1902,Robert Garcia,robert.garcia.1902@example.com,tW7nTwyDd5
1903,Anthony Harris,anthony.harris.1903@example.com,76ua63xRql
1904,Donald Perez,donald.perez.1904@example.com,Pabm3wrbU0
1905,Michelle Taylor,michelle.taylor.1905@example.com,lPsAWqLhh9
1906,Donna Davis,donna.davis.1906@example.com,g6QKbn4z87
1907,Charles Brown,charles.brown.1907@example.com,rvlH3EoOmy
1908,Michael Wilson,michael.wilson.1908@example.com,9RUZ76Z0Sy
1909,Mark Davis,mark.davis.1909@example.com,hq4JaJrQfW
1910,Donna Williams,donna.williams.1910@example.com,q2cwjBe1TY
1911,Richard Lewis,richard.lewis.1911@example.com,44RsS9lq5A
1912,Steven Lee,steven.lee.1912@example.com,0ShQumNufU
1913,Emily Jones,emily.jones.1913@example.com,mYz64LNBSC
1914,Kevin Martin,kevin.martin.1914@example.com,f2Vrp0WjHj
1915,William Young,william.young.1915@example.com,sLGm0ODDlm
1916,William Garcia,william.garcia.1916@example.com,1XzdMHvbgh
1917,Susan White,susan.white.1917@example.com,SJ4qcZzAMn
1918,Charles Harris,charles.harris.1918@example.com,kwcMHQfmpc
1919,Donald Williams,donald.williams.1919@example.com,Swr8YTwYHy
1920,Paul Smith,paul.smith.1920@example.com,GeMKQc8aKZ
1921,Emily Gonzalez,emily.gonzalez.1921@example.com,jmF9H2tWEs
1922,Elizabeth Anderson,elizabeth.anderson.1922@example.com,4HDuLB6hPi
1923,Andrew Perez,andrew.perez.1923@example.com,R0jSGKpj6A
1924,James Clark,james.clark.1924@example.com,pF7lOUiFQr
1925,Steven Wilson,steven.wilson.1925@example.com,bzi68Bxk9b
1926,Karen Martinez,karen.martinez.1926@example.com,KgNncPo4dq
1927,Joshua Rodriguez,joshua.rodriguez.1927@example.com,xFflckfYak
1928,Sarah Young,sarah.young.1928@example.com,TpcGkgOnEp
1929,Kimberly Taylor,kimberly.taylor.1929@example.com,ThPPFl9mrO
1930,Steven Garcia,steven.garcia.1930@example.com,oE6xZVORrZ
1931,Donald Harris,donald.harris.1931@example.com,1bfgvdWpZX
1932,Michelle Gonzalez,michelle.gonzalez.1932@example.com,MuWKqUOYew
1933,Ashley Thompson,ashley.thompson.1933@example.com,3leyXpcGnG
1934,Thomas Wilson,thomas.wilson.1934@example.com,07exdChQM5
1935,David Johnson,david.johnson.1935@example.com,pU7tBI22LX
1936,Susan Walker,susan.walker.1936@example.com,w9giUf80ga
1937,Donna Brown,donna.brown.1937@example.com,UutFtWJXQU
1938,Mark Brown,mark.brown.1938@example.com,rQwyc7BBJf
1939,Daniel White,daniel.white.1939@example.com,UDPQtGZ8Ir
1940,Sandra Lewis,sandra.lewis.1940@example.com,RY1URQ35TA
1941,Andrew Martin,andrew.martin.1941@example.com,RJEjwOBHuv
1942,Betty Johnson,betty.johnson.1942@example.com,eaSFhzEriX
1943,Jennifer Walker,jennifer.walker.1943@example.com,ajCT4dwtGv
1944,Emily Smith,emily.smith.1944@example.com,VLwBTDPku4
1945,Steven Sanchez,steven.sanchez.1945@example.com,brNY2ow2eW
1946,Robert Davis,robert.davis.1946@example.com,MF5GTVsUpn
1947,Richard White,richard.white.1947@example.com,bZKh60LoTV
1948,Donald Lee,donald.lee.1948@example.com,WL8FtDL6a9
1949,Paul Lewis,paul.lewis.1949@example.com,kbChW8fnIL
1950,Susan Hernandez,susan.hernandez.1950@example.com,109Avz6CQx
1951,Ashley Martinez,ashley.martinez.1951@example.com,YSxr04dJXs
1952,Donald Lee,donald.lee.1952@example.com,7xLSKGLZSr
1953,Joshua Sanchez,joshua.sanchez.1953@example.com,N6NPVjTVXn
1954,Ashley Anderson,ashley.anderson.1954@example.com,YNIKZ204nY
1955,Donald Johnson,donald.johnson.1955@example.com,vRmYnkd5Tg
1956,William Sanchez,william.sanchez.1956@example.com,54nItOk0uY
1957,Michael Thomas,michael.thomas.1957@example.com,aVbl2bChtI
1958,Andrew Martin,andrew.martin.1958@example.com,wnbHBx9xrr
1959,Margaret Miller,margaret.miller.1959@example.com,cPpC5CUtGQ
1960,Karen Garcia,karen.garcia.1960@example.com,Z2XWB0KZql
1961,Nancy Gonzalez,nancy.gonzalez.1961@example.com,cTtAyCLfVp
1962,Lisa Lopez,lisa.lopez.1962@example.com,TAQVwQmiAA
1963,Jessica Garcia,jessica.garcia.1963@example.com,X4VQKzicfu
1964,William Harris,william.harris.1964@example.com,o7eWKwbocE
1965,Daniel Garcia,daniel.garcia.1965@example.com,4H7g8yHdJs
1966,Michelle Sanchez,michelle.sanchez.1966@example.com,Z1CLXBrjDT
1967,Margaret Young,margaret.young.1967@example.com,AlotIjY6oz
1968,Sarah Wilson,sarah.wilson.1968@example.com,zL6pfbPEgS
1969,Paul Perez,paul.perez.1969@example.com,56TIkgXrzk
1970,Thomas Ramirez,thomas.ramirez.1970@example.com,UCAo3OOwLr
1971,Sandra Garcia,sandra.garcia.1971@example.com,Oei96OlvtV
1972,Steven Martin,steven.martin.1972@example.com,vEfokCD72h
1973,Ashley Miller,ashley.miller.1973@example.com,F0YlaoEyFS
1974,Jessica Lopez,jessica.lopez.1974@example.com,G7ptdW5we3
1975,Mary Ramirez,mary.ramirez.1975@example.com,wiALiqaSNB
1976,Jennifer Miller,jennifer.miller.1976@example.com,C3bYTawoZA
1977,Jessica Gonzalez,jessica.gonzalez.1977@example.com,Msf2kvwaGi
1978,Joseph Robinson,joseph.robinson.1978@example.com,prIHEjrZO1
1979,Elizabeth Harris,elizabeth.harris.1979@example.com,GxRhFNKIk3
1980,Donald Smith,donald.smith.1980@example.com,8EhgeLLaiJ
1981,Barbara Lee,barbara.lee.1981@example.com,1kMUCI3fzx
1982,Matthew Lee,matthew.lee.1982@example.com,YLN98MrILP
1983,Kimberly Sanchez,kimberly.sanchez.1983@example.com,EV4UOmppXe
1984,Kimberly Thomas,kimberly.thomas.1984@example.com,jNFgXC5dft
1985,Sarah Lewis,sarah.lewis.1985@example.com,ueCzwngwNT
1986,Donna Lee,donna.lee.1986@example.com,OkwUvjpUlY
1987,Sandra Anderson,sandra.anderson.1987@example.com,o56Fy74zUI
1988,Michael Gonzalez,michael.gonzalez.1988@example.com,V5Kd4yeiOw
1989,Susan Jones,susan.jones.1989@example.com,H9vdV3veJt
1990,Michael Lewis,michael.lewis.1990@example.com,RN7fiufkcW
1991,Andrew Lopez,andrew.lopez.1991@example.com,8K0rDIo1wl
1992,Joshua Lewis,joshua.lewis.1992@example.com,Y39INvQqit
1993,Patricia Rodriguez,patricia.rodriguez.1993@example.com,qtz6CbADFI
1994,Kimberly Jones,kimberly.jones.1994@example.com,PMK814KJSU
1995,Betty Williams,betty.williams.1995@example.com,33k4FbsrJL
1996,Betty Jackson,betty.jackson.1996@example.com,jV8VC3zvtq
1997,Linda Rodriguez,linda.rodriguez.1997@example.com,lFcPSkbgJu
1998,Donald Jones,donald.jones.1998@example.com,q8IRvEhgLg
1999,Lisa Walker,lisa.walker.1999@example.com,ReZ9Q8IsCB
2000,Elizabeth Smith,elizabeth.smith.2000@example.com,OfLzgnJqtN
2001,Jessica Lee,jessica.lee.2001@example.com,PAvuyJMnDY
2002,Ashley White,ashley.white.2002@example.com,6bsATbRH16
2003,Anthony Miller,anthony.miller.2003@example.com,eO2ctDG2jU
2004,Susan Robinson,susan.robinson.2004@example.com,7j4x36TCrJ
2005,William Williams,william.williams.2005@example.com,2NfLK3GEBt
2006,Emily Walker,emily.walker.2006@example.com,Od35O6Tk5d
2007,John Taylor,john.taylor.2007@example.com,VWwi7jnvl3
2008,Matthew Williams,matthew.williams.2008@example.com,Qwfgn0xr2V
2009,Sandra Johnson,sandra.johnson.2009@example.com,vN510CRQMU
2010,Paul Rodriguez,paul.rodriguez.2010@example.com,dlZ8iqhfoI
2011,Margaret Rodriguez,margaret.rodriguez.2011@example.com,8xqSxa0rU1
2012,Emily Robinson,emily.robinson.2012@example.com,2WFWR7Q35z
2013,Jessica Clark,jessica.clark.2013@example.com,EenyuUedlf
2014,Margaret Thompson,margaret.thompson.2014@example.com,D6cJDJ2Vr2
2015,Michelle Smith,michelle.smith.2015@example.com,7wGLtJXpRs
2016,Charles Thompson,charles.thompson.2016@example.com,FISauhyxMS
2017,Michael Walker,michael.walker.2017@example.com,gPzANdfXEY
2018,Jennifer Lee,jennifer.lee.2018@example.com,QprBQh7Lbg
2019,Thomas Perez,thomas.perez.2019@example.com,Dfen85AEVW
2020,Kevin Wilson,kevin.wilson.2020@example.com,41qWtKQyy3
2021,Kimberly Miller,kimberly.miller.2021@example.com,1VhHvMTnBD
2022,Ashley Johnson,ashley.johnson.2022@example.com,lU4TBjvs6T
2023,Linda Robinson,linda.robinson.2023@example.com,5tgCElE9pW
2024,Paul Robinson,paul.robinson.2024@example.com,xYxqbDWJF8
2025,John Anderson,john.anderson.2025@example.com,hTavZxIJvq
2026,Elizabeth Brown,elizabeth.brown.2026@example.com,PtV1iW1WUn
2027,Sarah Williams,sarah.williams.2027@example.com,6Ek05USeli
2028,Michael Lee,michael.lee.2028@example.com,eGAqRhDWxW
2029,Patricia Taylor,patricia.taylor.2029@example.com,GjGi9lK7aI
2030,Joseph Sanchez,joseph.sanchez.2030@example.com,yJKrMqOiz3
2031,Ashley Young,ashley.young.2031@example.com,IW9LA9Uprl
2032,Steven Anderson,steven.anderson.2032@example.com,b3LORUd58W
2033,Ashley Perez,ashley.perez.2033@example.com,OMrLj2QtOb
2034,Thomas Sanchez,thomas.sanchez.2034@example.com,CTEbyvtdSz
2035,Andrew Gonzalez,andrew.gonzalez.2035@example.com,ARpCKaYwLq
2036,William Wilson,william.wilson.2036@example.com,0PJDBUASa5
2037,John Miller,john.miller.2037@example.com,ce1PN6uYgy
2038,Sarah Lewis,sarah.lewis.2038@example.com,6rvRG29jJF
2039,Paul Thomas,paul.thomas.2039@example.com,oVxrvcmbKN
2040,Thomas Lopez,thomas.lopez.2040@example.com,NnHovEgfa5
2041,Steven Williams,steven.williams.2041@example.com,3q96IGqsGx
2042,Mary Walker,mary.walker.2042@example.com,e0FC2JwaAF
2043,Elizabeth Walker,elizabeth.walker.2043@example.com,jI60LTaqhV
2044,Richard Anderson,richard.anderson.2044@example.com,7HPdDQ6R38
2045,Paul Moore,paul.moore.2045@example.com,t8Ka5glItH
2046,Donna Taylor,donna.taylor.2046@example.com,Szxb1SJEpp
2047,Sarah Lee,sarah.lee.2047@example.com,P3ZJJucOHZ
2048,Donna Thompson,donna.thompson.2048@example.com,6s1tFzgdkH
2049,Linda Clark,linda.clark.2049@example.com,XE0LSRVQQf
2050,Margaret Anderson,margaret.anderson.2050@example.com,7rjhsgdSi9
2051,Sarah Sanchez,sarah.sanchez.2051@example.com,QVtXbdlS01
2052,Daniel Ramirez,daniel.ramirez.2052@example.com,fQBimx8cAZ
2053,Steven Ramirez,steven.ramirez.2053@example.com,dWPQwzyqdP
2054,Charles Anderson,charles.anderson.2054@example.com,QXysbiziVO
2055,Robert Jones,robert.jones.2055@example.com,OCAEQNpiqm
2056,Betty Lopez,betty.lopez.2056@example.com,hifunGIXsJ
2057,Karen Lee,karen.lee.2057@example.com,9MgXqLre5F
2058,Steven Robinson,steven.robinson.2058@example.com,57IFnwH55k
2059,Donald Young,donald.young.2059@example.com,f50zYtPiHj
2060,Ashley White,ashley.white.2060@example.com,dBRajxKgy7
2061,Joseph Lee,joseph.lee.2061@example.com,MTXCt18ruP
2062,Nancy Miller,nancy.miller.2062@example.com,ZnRyf1Kbv4
2063,Robert White,robert.white.2063@example.com,Ya8mbcAk7H
2064,Ashley Jackson,ashley.jackson.2064@example.com,lD7frtFChm
2065,Linda Martinez,linda.martinez.2065@example.com,cikDUD2RdZ
2066,Susan Sanchez,susan.sanchez.2066@example.com,eqar94twuI
2067,Andrew Taylor,andrew.taylor.2067@example.com,9FsS6gppEG
2068,Kevin Johnson,kevin.johnson.2068@example.com,cHlOXqvvAS
2069,Mary Miller,mary.miller.2069@example.com,OscsQDghf3
2070,Margaret Perez,margaret.perez.2070@example.com,Wx8tLl3Tf7
2071,Paul Sanchez,paul.sanchez.2071@example.com,oZAcDXmunu
2072,James Hernandez,james.hernandez.2072@example.com,oM2h8POMmc
2073,Emily Rodriguez,emily.rodriguez.2073@example.com,WCkBa3wfQM
2074,Sarah Moore,sarah.moore.2074@example.com,XSfQzLRuIJ
2075,Margaret Robinson,margaret.robinson.2075@example.com,i9WggodbGj
2076,Sarah Anderson,sarah.anderson.2076@example.com,lVEXnV5A3I
2077,Susan Gonzalez,susan.gonzalez.2077@example.com,fta7oex0IL
2078,John Garcia,john.garcia.2078@example.com,IW5HjbMdGv
2079,Mary Lewis,mary.lewis.2079@example.com,p18gFyIAiw
2080,Anthony Smith,anthony.smith.2080@example.com,k9iZ7WZHbE
2081,Susan Gonzalez,susan.gonzalez.2081@example.com,PDdzPdXE9M
2082,Charles Young,charles.young.2082@example.com,GglNFyaOcK
2083,James Gonzalez,james.gonzalez.2083@example.com,j2X5LRQHmy
2084,Nancy Thompson,nancy.thompson.2084@example.com,o94ctf1Ac5
2085,Donald Miller,donald.miller.2085@example.com,V5gtbJj6vc
2086,Jessica Smith,jessica.smith.2086@example.com,Hd5CzOMoV2
2087,Betty Clark,betty.clark.2087@example.com,ogYu9IwwHt
2088,Elizabeth Jackson,elizabeth.jackson.2088@example.com,y7adzumQJc
2089,Lisa Brown,lisa.brown.2089@example.com,KHRbwWOOE9
2090,Richard Robinson,richard.robinson.2090@example.com,WRQeWGQMtU
2091,Charles Anderson,charles.anderson.2091@example.com,HsaBVYrFaw
2092,Karen Garcia,karen.garcia.2092@example.com,X3mzcmrXd1
2093,Donald Davis,donald.davis.2093@example.com,vTP7jT1nPN
2094,Matthew Thompson,matthew.thompson.2094@example.com,aw5YZtCqr8
2095,Thomas Lewis,thomas.lewis.2095@example.com,yCbyuWfmjq
2096,James Garcia,james.garcia.2096@example.com,bPhhlNlhQe
2097,Betty Thomas,betty.thomas.2097@example.com,OP6hCxgxuB
2098,Linda Martinez,linda.martinez.2098@example.com,WTGT0rxYgg
2099,Joseph Thomas,joseph.thomas.2099@example.com,2mhvxXZ6gA
2100,Barbara Jackson,barbara.jackson.2100@example.com,To2FonAx1n
2101,Michelle Hernandez,michelle.hernandez.2101@example.com,k4kOj57j2F
2102,Susan Gonzalez,susan.gonzalez.2102@example.com,1wOK1cUk6P
2103,Donald Wilson,donald.wilson.2103@example.com,FWrUYsTuA7
2104,Andrew Young,andrew.young.2104@example.com,Z0pXd5M0SX
2105,Susan Rodriguez,susan.rodriguez.2105@example.com,Kq027jKCJL
2106,Joshua Lee,joshua.lee.2106@example.com,lvjczSqUFC
2107,Mark Walker,mark.walker.2107@example.com,dj10kSczMJ
2108,Matthew Harris,matthew.harris.2108@example.com,6stv9YXOfo
2109,Sarah Perez,sarah.perez.2109@example.com,Y3vSQmQ5Uu
2110,Joshua Taylor,joshua.taylor.2110@example.com,mhp7P4gsf0
2111,Donald Miller,donald.miller.2111@example.com,eNLgi3EcWx
2112,David Rodriguez,david.rodriguez.2112@example.com,DVMNVFEC4a
2113,James Young,james.young.2113@example.com,LX6vaUdye1
2114,Emily Sanchez,emily.sanchez.2114@example.com,GRbWs1fXrz
2115,Barbara Davis,barbara.davis.2115@example.com,QL1Lm3dTeh
2116,Steven Moore,steven.moore.2116@example.com,yMjmyqVI4a
2117,Susan Perez,susan.perez.2117@example.com,DFxCmxPVWI
2118,Kimberly Gonzalez,kimberly.gonzalez.2118@example.com,SNIP5UfT4d
2119,Jennifer Rodriguez,jennifer.rodriguez.2119@example.com,OTHwWjmDMm
2120,Anthony Taylor,anthony.taylor.2120@example.com,p2oa9AEGMI
2121,Donna Rodriguez,donna.rodriguez.2121@example.com,SqJQxKj5HL
2122,Michelle Perez,michelle.perez.2122@example.com,U8W8OPVloN
2123,Thomas White,thomas.white.2123@example.com,QAJ7CLknrr
2124,Patricia Robinson,patricia.robinson.2124@example.com,QuBt1EiKIU
2125,Mary Jones,mary.jones.2125@example.com,oR5AG9anA4
2126,Margaret Clark,margaret.clark.2126@example.com,vAQMs8VxpD
2127,Nancy Lewis,nancy.lewis.2127@example.com,aaFUKNYpq2
2128,Jessica Lopez,jessica.lopez.2128@example.com,L4jU0vqsSC
2129,Daniel Smith,daniel.smith.2129@example.com,eqDX2RE18V
2130,Robert Davis,robert.davis.2130@example.com,utR6GJZ3vC
2131,Matthew Martin,matthew.martin.2131@example.com,CQ83wjkjtf
2132,David Sanchez,david.sanchez.2132@example.com,0hVE05ujg6
2133,Michelle Jackson,michelle.jackson.2133@example.com,1eOokyXM0P
2134,Richard Robinson,richard.robinson.2134@example.com,cxRET3kyMw
2135,Joshua Garcia,joshua.garcia.2135@example.com,0IDMxOpy1w
2136,David Williams,david.williams.2136@example.com,4efhisfsCW
2137,Donna Jackson,donna.jackson.2137@example.com,mE76UO0JD4
2138,Daniel Miller,daniel.miller.2138@example.com,0xBp9T8R2a
2139,Michelle Hernandez,michelle.hernandez.2139@example.com,d8ONcCNGpz
2140,Sandra Moore,sandra.moore.2140@example.com,6DolfBOoCi
2141,Mary Walker,mary.walker.2141@example.com,oyDWwqVQm5
2142,Andrew Miller,andrew.miller.2142@example.com,dNoxHHmMgJ
2143,Betty Williams,betty.williams.2143@example.com,vYrVkePo2Y
2144,Richard Williams,richard.williams.2144@example.com,YCwfkFrVsY
2145,Andrew Davis,andrew.davis.2145@example.com,Q9Ysx6WrbZ
2146,Ashley Martinez,ashley.martinez.2146@example.com,IvD7UAzp6z
2147,Donald Jones,donald.jones.2147@example.com,feokAutJ6q
2148,Kimberly Brown,kimberly.brown.2148@example.com,cZFNM2IVxG
2149,Joseph Lee,joseph.lee.2149@example.com,RgfgvnF3gh
2150,Lisa Davis,lisa.davis.2150@example.com,WIZpGF7oN0
2151,Steven Williams,steven.williams.2151@example.com,fReyFIJHbj
2152,Susan Harris,susan.harris.2152@example.com,E4881PtgwU
2153,Daniel Wilson,daniel.wilson.2153@example.com,QVO0Eub401
2154,Emily Martin,emily.martin.2154@example.com,uyvNnDoOIS
2155,Margaret Jackson,margaret.jackson.2155@example.com,yfa2nlWPwr
2156,Richard Walker,richard.walker.2156@example.com,IS29d0fAa9
2157,Jessica Thompson,jessica.thompson.2157@example.com,32k4ajgpqS
2158,Michael Smith,michael.smith.2158@example.com,8U2CuueQR7
2159,Jessica Lopez,jessica.lopez.2159@example.com,Y0gYbobSPd
2160,Kimberly Jackson,kimberly.jackson.2160@example.com,hFBPACAj6N
2161,Kimberly Davis,kimberly.davis.2161@example.com,GmYIwmda03
2162,Charles Johnson,charles.johnson.2162@example.com,9W4w9EkeqE
2163,Jennifer Lewis,jennifer.lewis.2163@example.com,u4AYfCBLgp
2164,Mark Johnson,mark.johnson.2164@example.com,nyjfXAKeyf
2165,Robert Garcia,robert.garcia.2165@example.com,RfgHCT4WNk
2166,James Davis,james.davis.2166@example.com,vyf3aYHMu3
2167,Emily Garcia,emily.garcia.2167@example.com,TpBt0G0Hed
2168,Kevin Jones,kevin.jones.2168@example.com,ob3deWvtbz
2169,Paul Thompson,paul.thompson.2169@example.com,OMBWhEgpFf
2170,David Rodriguez,david.rodriguez.2170@example.com,45YwMeIxsQ
2171,Donna Jackson,donna.jackson.2171@example.com,YsPNjiD8Or
2172,Jennifer Anderson,jennifer.anderson.2172@example.com,bcNG6jUqmf
2173,Thomas Perez,thomas.perez.2173@example.com,EoDH2vN9G6
2174,Linda Davis,linda.davis.2174@example.com,Dt8nFYKUXJ
2175,Margaret Moore,margaret.moore.2175@example.com,VFT10C7Fuc
2176,John Moore,john.moore.2176@example.com,YgRCCqgCEl
2177,Betty Jones,betty.jones.2177@example.com,TtLlCariHn
2178,Richard Johnson,richard.johnson.2178@example.com,NupC1XQFcr
2179,Charles Miller,charles.miller.2179@example.com,ZfNU1Joqpi
2180,Andrew Miller,andrew.miller.2180@example.com,Zp48vyNiRD
2181,Susan Martinez,susan.martinez.2181@example.com,QEKzV9AApv
2182,Charles Davis,charles.davis.2182@example.com,hAOcc3gOgE
2183,Paul Rodriguez,paul.rodriguez.2183@example.com,5LjoZSigai
2184,Susan Thomas,susan.thomas.2184@example.com,QKApQ2JuPb
2185,John Perez,john.perez.2185@example.com,lJR7tmeZ62
2186,Steven Robinson,steven.robinson.2186@example.com,1mr8lp9N4Z
2187,Ashley Martin,ashley.martin.2187@example.com,J7tt9znp7n
2188,Charles Rodriguez,charles.rodriguez.2188@example.com,YnOP977SZr
2189,Mark Lewis,mark.lewis.2189@example.com,YRSZ5I8xw6
2190,Sarah Lewis,sarah.lewis.2190@example.com,grSLhbSRGk
2191,Donald Perez,donald.perez.2191@example.com,f66HhK0y4x
2192,Mark Thomas,mark.thomas.2192@example.com,z3dJV7t2Zx
2193,Sarah Miller,sarah.miller.2193@example.com,IFN33MVuc5
2194,Margaret Williams,margaret.williams.2194@example.com,NQg2dGQ6JP
2195,Jessica Rodriguez,jessica.rodriguez.2195@example.com,uQKQjh3S7S
2196,Betty Clark,betty.clark.2196@example.com,kkeIdJE5f4
2197,Betty Robinson,betty.robinson.2197@example.com,npZm4MGFhm
2198,Mark Ramirez,mark.ramirez.2198@example.com,Mr5Zbru5iq
2199,Linda Sanchez,linda.sanchez.2199@example.com,RWB6pnKsGG
2200,Robert Perez,robert.perez.2200@example.com,pvwsQ8OGFd
2201,Robert Rodriguez,robert.rodriguez.2201@example.com,TZlQeEdFv7
2202,Nancy Robinson,nancy.robinson.2202@example.com,Pz1DyccRPY
2203,Michelle Johnson,michelle.johnson.2203@example.com,rzE67roVWF
2204,Charles Thomas,charles.thomas.2204@example.com,a9QVwL0hYv
2205,Ashley Hernandez,ashley.hernandez.2205@example.com,Bn5IbFPvIY
2206,Mary Martinez,mary.martinez.2206@example.com,dsdvnm4mW2
2207,Linda Martinez,linda.martinez.2207@example.com,QXswnmlKr1
2208,Sarah Wilson,sarah.wilson.2208@example.com,pMsYzrOY3w
2209,David Thomas,david.thomas.2209@example.com,4yw41dcEyV
2210,William Martin,william.martin.2210@example.com,BW9lQyWMLN
2211,Elizabeth Lopez,elizabeth.lopez.2211@example.com,eT15JOkVg2
2212,Mark Taylor,mark.taylor.2212@example.com,SovEGzUpkv
2213,Joshua Lopez,joshua.lopez.2213@example.com,S5UEkHiZ96
2214,Richard Miller,richard.miller.2214@example.com,Z7C4q1ocM3
2215,Patricia Young,patricia.young.2215@example.com,AVt00MLBi4
2216,Linda Smith,linda.smith.2216@example.com,jtR7cbfUl3
2217,Ashley Taylor,ashley.taylor.2217@example.com,xA4QGdzBXH
2218,Barbara Smith,barbara.smith.2218@example.com,KVjwdHZ97p
2219,Jessica Garcia,jessica.garcia.2219@example.com,9uUgfA8G8N
2220,Mark Clark,mark.clark.2220@example.com,ju3vxU1WXw
2221,Paul Jackson,paul.jackson.2221@example.com,fLkuQrm6tS
2222,Donald Brown,donald.brown.2222@example.com,dTIQ7VF2DI
2223,Lisa Martin,lisa.martin.2223@example.com,C2mG38i3a0
2224,William Taylor,william.taylor.2224@example.com,R0KMQesmRo
2225,David Taylor,david.taylor.2225@example.com,bp8t1CRDR8
2226,Kimberly Garcia,kimberly.garcia.2226@example.com,tJcE9wbydp
2227,Kevin Robinson,kevin.robinson.2227@example.com,8dsKHhRQZc
2228,Matthew Robinson,matthew.robinson.2228@example.com,2rw7R2lgou
2229,Richard Brown,richard.brown.2229@example.com,WhioZCnwjO
2230,Jennifer Martin,jennifer.martin.2230@example.com,CYw71HIus2
2231,Barbara Miller,barbara.miller.2231@example.com,kw30WWW8XY
2232,Donna Harris,donna.harris.2232@example.com,vIYZ0DWTyE
2233,Charles Sanchez,charles.sanchez.2233@example.com,S5lfIDJasK
2234,Richard Garcia,richard.garcia.2234@example.com,OrskMsCumO
2235,Donna Thomas,donna.thomas.2235@example.com,gP3Eebd3HU
2236,Karen Robinson,karen.robinson.2236@example.com,nTv80dt5UB
2237,Steven Anderson,steven.anderson.2237@example.com,ypd9BSRN4S
2238,Ashley Robinson,ashley.robinson.2238@example.com,e2uC1LCD90
2239,Charles Hernandez,charles.hernandez.2239@example.com,vozyxGWVSR
2240,Michelle Davis,michelle.davis.2240@example.com,BLm8gB7WqJ
2241,Kimberly Lewis,kimberly.lewis.2241@example.com,Dz80VrQEn1
2242,Jessica Martin,jessica.martin.2242@example.com,v9K9JMFzYR
2243,Linda Anderson,linda.anderson.2243@example.com,akatFR8YRY
2244,Anthony Martinez,anthony.martinez.2244@example.com,ktgVjBzQl3
2245,Barbara Rodriguez,barbara.rodriguez.2245@example.com,kbRJrqAfdY
2246,Betty Anderson,betty.anderson.2246@example.com,emEf0BtbI7
2247,Barbara Rodriguez,barbara.rodriguez.2247@example.com,un1s9rIpE1
2248,Michelle Walker,michelle.walker.2248@example.com,QrQAS9FKHA
2249,Robert Harris,robert.harris.2249@example.com,ccmC5HNlxG
2250,Lisa Martinez,lisa.martinez.2250@example.com,QLk211LSW5
2251,Joshua Thomas,joshua.thomas.2251@example.com,opSyuAQpWR
2252,Betty Johnson,betty.johnson.2252@example.com,xAlQR2QG4W
2253,Donald Young,donald.young.2253@example.com,f8U1WM8yyl
2254,Richard Martinez,richard.martinez.2254@example.com,icy4DRNvIP
2255,Steven Martin,steven.martin.2255@example.com,Stu330hwML
2256,Michael Clark,michael.clark.2256@example.com,QRD7ENXijP
2257,Sandra Young,sandra.young.2257@example.com,rT2fUoj50j
2258,Ashley Jones,ashley.jones.2258@example.com,79Lx9hkbtn
2259,Kimberly Wilson,kimberly.wilson.2259@example.com,McL6ajCYJW
2260,Michelle Garcia,michelle.garcia.2260@example.com,MaIhqgy43C
2261,Jessica Perez,jessica.perez.2261@example.com,tmECpZSoDB
2262,Linda Sanchez,linda.sanchez.2262@example.com,tzaVyPaAMD
2263,Paul Lee,paul.lee.2263@example.com,48wywYqaSX
2264,Joseph Lopez,joseph.lopez.2264@example.com,CDXLjv4eSF
2265,James Jackson,james.jackson.2265@example.com,NbbAsVuM2s
2266,Kimberly Taylor,kimberly.taylor.2266@example.com,QM7SlJcbiw
2267,Robert Rodriguez,robert.rodriguez.2267@example.com,wzVZWuijOl
2268,Thomas Harris,thomas.harris.2268@example.com,TIqQijHALq
2269,Ashley Thompson,ashley.thompson.2269@example.com,mc2VVKGClK
2270,Ashley Clark,ashley.clark.2270@example.com,77Xgb6rh8p
2271,Daniel Thomas,daniel.thomas.2271@example.com,fzkHGWnozW
2272,Mark Walker,mark.walker.2272@example.com,4wGXMTwaVi
2273,Ashley Ramirez,ashley.ramirez.2273@example.com,dtAqFsQFuA
2274,Jessica Jones,jessica.jones.2274@example.com,pUu8zVB304
2275,Barbara Wilson,barbara.wilson.2275@example.com,TsPOy03epI
2276,Ashley Young,ashley.young.2276@example.com,oeRe5nQxCg
2277,Daniel Lee,daniel.lee.2277@example.com,hywTRw3aFP
2278,Kevin Taylor,kevin.taylor.2278@example.com,TM3ljhdoKN
2279,Donna Lee,donna.lee.2279@example.com,IHCCGMpyUN
2280,Joseph Thomas,joseph.thomas.2280@example.com,U9owYy0NTy
2281,Michelle Williams,michelle.williams.2281@example.com,rcRBdArp4I
2282,Donald Brown,donald.brown.2282@example.com,W9AAMEN3vF
2283,Barbara Jones,barbara.jones.2283@example.com,3YohuczuYr
2284,Michelle Wilson,michelle.wilson.2284@example.com,zj0v0PZwgY
2285,Barbara Wilson,barbara.wilson.2285@example.com,bz7eCXukKp
2286,James Miller,james.miller.2286@example.com,HjaM3aQMyV
2287,James Garcia,james.garcia.2287@example.com,8kpGuwbBEL
2288,Linda Garcia,linda.garcia.2288@example.com,1zbbWVeTw4
2289,Elizabeth Young,elizabeth.young.2289@example.com,3nyANy7vPr
2290,Elizabeth Miller,elizabeth.miller.2290@example.com,xRe9UpoX6i
2291,Joseph Clark,joseph.clark.2291@example.com,GOLUtUk2dU
2292,Nancy Harris,nancy.harris.2292@example.com,cQVOxI77Dd
2293,Donald Hernandez,donald.hernandez.2293@example.com,07WD8wst0A
2294,Donna Anderson,donna.anderson.2294@example.com,yG1Vou9pOS
2295,Mary Harris,mary.harris.2295@example.com,lRZMuD7JIs
2296,Michelle Moore,michelle.moore.2296@example.com,vjJqp623GZ
2297,Mark Hernandez,mark.hernandez.2297@example.com,N0OkSRgfdp
2298,Michelle Young,michelle.young.2298@example.com,Cv49s8rA0F
2299,Betty Perez,betty.perez.2299@example.com,8jHcTOfKCU
2300,Betty Rodriguez,betty.rodriguez.2300@example.com,MRDD7ukf9x
2301,Betty Perez,betty.perez.2301@example.com,2AXATh8L5l
2302,Patricia Jones,patricia.jones.2302@example.com,wqNnYeUISV
2303,Richard Rodriguez,richard.rodriguez.2303@example.com,TxdZ1Xqbya
2304,Daniel Ramirez,daniel.ramirez.2304@example.com,1PKpTAwtBT
2305,Jessica Wilson,jessica.wilson.2305@example.com,rSi8hKWAW8
2306,Sandra Johnson,sandra.johnson.2306@example.com,S2ygBAl8AE
2307,Jennifer Garcia,jennifer.garcia.2307@example.com,nEAHNxuyo6
2308,Susan Jones,susan.jones.2308@example.com,Ujvap4JR1y
2309,Jessica Robinson,jessica.robinson.2309@example.com,HBgLTa6GJp
2310,Michael Martin,michael.martin.2310@example.com,5g5yV9CP57
2311,Michael Young,michael.young.2311@example.com,Xt0vaU0kTE
2312,Mark Garcia,mark.garcia.2312@example.com,8EYXIIIXrb
2313,Sandra Wilson,sandra.wilson.2313@example.com,76W41mXpR1
2314,Emily Wilson,emily.wilson.2314@example.com,T4LfXKUkyx
2315,Sandra Martinez,sandra.martinez.2315@example.com,ZvPW0W3agT
2316,Thomas Martin,thomas.martin.2316@example.com,7RSPWCyr9O
2317,Jessica Martin,jessica.martin.2317@example.com,4cJbvSsOzL
2318,Linda Rodriguez,linda.rodriguez.2318@example.com,1HlPPGrokf
2319,Richard Lee,richard.lee.2319@example.com,sV1DlE3z4U
2320,David Hernandez,david.hernandez.2320@example.com,AFQm6mQHRx
2321,Sandra Rodriguez,sandra.rodriguez.2321@example.com,eQHerCqSZF
2322,Andrew Williams,andrew.williams.2322@example.com,umHbnK0t2R
2323,Margaret Jackson,margaret.jackson.2323@example.com,L1k9NWQD4s
2324,Sarah Lopez,sarah.lopez.2324@example.com,iMNIPq1AJW
2325,Patricia Jackson,patricia.jackson.2325@example.com,U8eQOUU48G
2326,Steven Brown,steven.brown.2326@example.com,twWIHuxjmb
2327,James Lewis,james.lewis.2327@example.com,fKPk16eTVq
2328,Mark Perez,mark.perez.2328@example.com,iUacc2592p
2329,Mark White,mark.white.2329@example.com,3OShslHMvt
2330,Matthew Garcia,matthew.garcia.2330@example.com,55gXa9hxmg
2331,Margaret Anderson,margaret.anderson.2331@example.com,pnECcxbLmY
2332,Charles Thomas,charles.thomas.2332@example.com,16t90cAQTa
2333,Andrew Thompson,andrew.thompson.2333@example.com,qAD2RWto13
2334,Linda Jackson,linda.jackson.2334@example.com,TNOYD4UIS3
2335,Daniel White,daniel.white.2335@example.com,aN4mG0gXXR
2336,Donald Perez,donald.perez.2336@example.com,rtbN4EqEUn
2337,Thomas Gonzalez,thomas.gonzalez.2337@example.com,o12cuyhiqM
2338,Donald Jackson,donald.jackson.2338@example.com,ahvoJc0NBG
2339,Betty Johnson,betty.johnson.2339@example.com,MESblgYL0Z
2340,Sandra Rodriguez,sandra.rodriguez.2340@example.com,dW2djvxMmq
2341,Paul Gonzalez,paul.gonzalez.2341@example.com,MNX7XztxBs
2342,Andrew Lopez,andrew.lopez.2342@example.com,4nCZIoTHzX
2343,Michelle Robinson,michelle.robinson.2343@example.com,mP4AzqnGJS
2344,Robert Lee,robert.lee.2344@example.com,vmxZGQK1G2
2345,Robert Hernandez,robert.hernandez.2345@example.com,7RSN4BG99O
2346,Richard Sanchez,richard.sanchez.2346@example.com,Awfkt5sBdi
2347,Susan Smith,susan.smith.2347@example.com,xKOMmiqacu
2348,Donald Perez,donald.perez.2348@example.com,g9Ylw3HExc
2349,Joseph Anderson,joseph.anderson.2349@example.com,1oeMpr98Je
2350,Paul Hernandez,paul.hernandez.2350@example.com,BKtb7yyFIn
2351,John Johnson,john.johnson.2351@example.com,3Wwu384Nia
2352,Mark Davis,mark.davis.2352@example.com,meXMYe1ZAV
2353,Nancy White,nancy.white.2353@example.com,3DJ0dL6xYq
2354,Donna Martinez,donna.martinez.2354@example.com,MbpW4NU8EA
2355,Patricia Taylor,patricia.taylor.2355@example.com,P86QYEDDB0
2356,Jessica Ramirez,jessica.ramirez.2356@example.com,OzsOzQwhIV
2357,Donna Sanchez,donna.sanchez.2357@example.com,g1ZTfEhKPT
2358,Linda Wilson,linda.wilson.2358@example.com,gPrg8C7tXL
2359,Charles Walker,charles.walker.2359@example.com,Da1CIfGank
2360,Kimberly Taylor,kimberly.taylor.2360@example.com,asPTph88kg
2361,Daniel Lee,daniel.lee.2361@example.com,4oQBDB4CZG
2362,Susan White,susan.white.2362@example.com,jvec0tlrfd
2363,Steven Garcia,steven.garcia.2363@example.com,PjkHCXwZ5S
2364,John Brown,john.brown.2364@example.com,hqjThDsuUp
2365,Jessica Johnson,jessica.johnson.2365@example.com,PElSuNc6FV
2366,William Wilson,william.wilson.2366@example.com,caPEXr86VZ
2367,David Lopez,david.lopez.2367@example.com,l0NQfbUeaF
2368,Donald Hernandez,donald.hernandez.2368@example.com,PB9qKb9hqg
2369,Mary Johnson,mary.johnson.2369@example.com,D7zW2nsjUN
2370,William Brown,william.brown.2370@example.com,nDyXeuO6KD
2371,Barbara Wilson,barbara.wilson.2371@example.com,VwMSjMSa0w
2372,James Jackson,james.jackson.2372@example.com,1Ude74MyTn
2373,Ashley Lewis,ashley.lewis.2373@example.com,Pd2cFuANei
2374,Mark Jones,mark.jones.2374@example.com,uqIeoFhH8l
2375,Charles Williams,charles.williams.2375@example.com,OXPQ9NTtqc
2376,Andrew Gonzalez,andrew.gonzalez.2376@example.com,jQlrDbWlXS
2377,Paul Robinson,paul.robinson.2377@example.com,XNaSL5VLH4
2378,Michelle Ramirez,michelle.ramirez.2378@example.com,8GjzExy7Yk
2379,Steven Walker,steven.walker.2379@example.com,OW6tY33zRl
2380,Daniel Wilson,daniel.wilson.2380@example.com,OyptxfUZpQ
2381,Michael Walker,michael.walker.2381@example.com,slxatvMgMw
2382,Mary Taylor,mary.taylor.2382@example.com,xTvYqIonY7
2383,Joseph Walker,joseph.walker.2383@example.com,xYONXXqZtf
2384,Lisa White,lisa.white.2384@example.com,iTn99DUgVD
2385,Donna Harris,donna.harris.2385@example.com,UGIE9z5cld
2386,Karen Sanchez,karen.sanchez.2386@example.com,49MxeOtigc
2387,Joshua Miller,joshua.miller.2387@example.com,0kQLzIVGrY
2388,Elizabeth Thomas,elizabeth.thomas.2388@example.com,MvY8bDInDc
2389,Richard Sanchez,richard.sanchez.2389@example.com,r4MmnRbCC1
2390,James Walker,james.walker.2390@example.com,VobyvE7BQf
2391,Kevin Perez,kevin.perez.2391@example.com,QG3HvAazNy
2392,William White,william.white.2392@example.com,BSTZBRQazg
2393,Ashley Taylor,ashley.taylor.2393@example.com,G2fuXhiy9p
2394,Anthony Davis,anthony.davis.2394@example.com,PG9cKXzIfQ
2395,Sandra Lopez,sandra.lopez.2395@example.com,oKBvg47Hlw
2396,Michelle Miller,michelle.miller.2396@example.com,OGdI1hWGoX
2397,Richard Young,richard.young.2397@example.com,qlMHHEDaHe
2398,Jessica Gonzalez,jessica.gonzalez.2398@example.com,2FZJ7fJOMg
2399,Nancy Thomas,nancy.thomas.2399@example.com,yqKFwfmV8G
2400,William Hernandez,william.hernandez.2400@example.com,nEmqMp5UfR
2401,Sarah Martinez,sarah.martinez.2401@example.com,UuVJSA8BXc
2402,Andrew Johnson,andrew.johnson.2402@example.com,B1ErqgjVOE
2403,Thomas Martin,thomas.martin.2403@example.com,p63YrKH10p
2404,John Wilson,john.wilson.2404@example.com,5J7ImN578s
2405,Richard Martinez,richard.martinez.2405@example.com,tKHCdfz2DZ
2406,Barbara Robinson,barbara.robinson.2406@example.com,9L8u3GF43b
2407,Mark Moore,mark.moore.2407@example.com,EoUxKfxnDN
2408,Robert Ramirez,robert.ramirez.2408@example.com,ceY0sUlhpA
2409,Kimberly Moore,kimberly.moore.2409@example.com,YA9fmRxawt
2410,Joshua Sanchez,joshua.sanchez.2410@example.com,9UqQay6kly
2411,Steven Jones,steven.jones.2411@example.com,PvbiWZ8WEN
2412,Anthony Jones,anthony.jones.2412@example.com,NBMhzONp0r
2413,James Walker,james.walker.2413@example.com,zbNRDBeoYy
2414,Linda Williams,linda.williams.2414@example.com,wEwBNfttQh
2415,Joseph Johnson,joseph.johnson.2415@example.com,hEAasDbYS4
2416,Richard Walker,richard.walker.2416@example.com,yuVCPek0jj
2417,William Miller,william.miller.2417@example.com,0ndCXsupVD
2418,Richard Robinson,richard.robinson.2418@example.com,jQ3U4qajpC
2419,Donald Thomas,donald.thomas.2419@example.com,2gD0Gmf5xR
2420,Elizabeth Young,elizabeth.young.2420@example.com,om2UfUUq3f
2421,Thomas Miller,thomas.miller.2421@example.com,tNLbvhL0Q9
2422,Mary Ramirez,mary.ramirez.2422@example.com,7jQ9kdDUzx
2423,Linda Taylor,linda.taylor.2423@example.com,NjoOf78Swi
2424,Nancy Perez,nancy.perez.2424@example.com,YpThxR548r
2425,Daniel Sanchez,daniel.sanchez.2425@example.com,VtfkuK4bR4
2426,Anthony Davis,anthony.davis.2426@example.com,X873cJCezV
2427,Robert Thomas,robert.thomas.2427@example.com,McKJF7Xi8A
2428,Lisa Martin,lisa.martin.2428@example.com,otSsIReBKI
2429,Linda Martinez,linda.martinez.2429@example.com,QmCnxp2Pmk
2430,Joshua Thomas,joshua.thomas.2430@example.com,Aw3VV803fD
2431,Michael Taylor,michael.taylor.2431@example.com,GxGnJOWipq
2432,Susan Rodriguez,susan.rodriguez.2432@example.com,j9xvZDKlFI
2433,Anthony Jackson,anthony.jackson.2433@example.com,20elVhN1Eu
2434,Charles Robinson,charles.robinson.2434@example.com,CY6xChL71F
2435,Susan Johnson,susan.johnson.2435@example.com,Gi9hxQx8RP
2436,Michael Thomas,michael.thomas.2436@example.com,Mxv5gy4ENK
2437,Emily Taylor,emily.taylor.2437@example.com,zGoA7BQzbB
2438,Patricia Hernandez,patricia.hernandez.2438@example.com,xm9vuM8iaV
2439,Joshua Jones,joshua.jones.2439@example.com,uo6uP0lLFg
2440,Andrew Walker,andrew.walker.2440@example.com,UC5I7X3DB1
2441,William Robinson,william.robinson.2441@example.com,bfnhV26hwd
2442,Richard Miller,richard.miller.2442@example.com,m5J0jbmG8P
2443,Joshua Johnson,joshua.johnson.2443@example.com,m1XwUgrvCN
2444,Elizabeth Perez,elizabeth.perez.2444@example.com,6DRyEqoh0d
2445,Elizabeth Martinez,elizabeth.martinez.2445@example.com,YSUAkm6DVM
2446,Paul Rodriguez,paul.rodriguez.2446@example.com,g8kXaXSCdY
2447,Margaret Smith,margaret.smith.2447@example.com,1EQE4Tjt2Z
2448,William Lee,william.lee.2448@example.com,vFO2aG9zgI
2449,Mary Smith,mary.smith.2449@example.com,4jgI0buPk8
2450,David Hernandez,david.hernandez.2450@example.com,mdthBnO9ic
2451,Joseph Robinson,joseph.robinson.2451@example.com,suxYgmnF3n
2452,Kevin Miller,kevin.miller.2452@example.com,9YzTW4uNxG
2453,Thomas Hernandez,thomas.hernandez.2453@example.com,MtMyaZ4VVN
2454,Andrew Miller,andrew.miller.2454@example.com,HzwkiOe5LN
2455,Donald Jones,donald.jones.2455@example.com,TIAjLT7lgX
2456,Michelle Lewis,michelle.lewis.2456@example.com,6eWUzXCEV0
2457,Joseph Ramirez,joseph.ramirez.2457@example.com,QumvxWnhoH
2458,Steven Rodriguez,steven.rodriguez.2458@example.com,GkUGU9eQQU
2459,Andrew Wilson,andrew.wilson.2459@example.com,SFThj0lCVc
2460,Nancy Walker,nancy.walker.2460@example.com,xTqHdt1D2O
2461,James Jackson,james.jackson.2461@example.com,9hR8D4P95F
2462,Sandra Young,sandra.young.2462@example.com,umh2e6HQyn
2463,Sandra Clark,sandra.clark.2463@example.com,htjJevTtst
2464,Mary Rodriguez,mary.rodriguez.2464@example.com,cqID1TceU6
2465,Jessica Young,jessica.young.2465@example.com,ZHzWb5g72y
2466,Susan Jackson,susan.jackson.2466@example.com,zN0wqh229i
2467,Barbara Taylor,barbara.taylor.2467@example.com,jo3BfyyoXL
2468,Nancy Anderson,nancy.anderson.2468@example.com,5GQiWbIaoI
2469,John Lopez,john.lopez.2469@example.com,xPRTzHkQ7U
2470,Nancy Jackson,nancy.jackson.2470@example.com,6L5VPxbJ0Q
2471,Sandra Lopez,sandra.lopez.2471@example.com,kp8Yomxlti
2472,Mark Miller,mark.miller.2472@example.com,s9BYFDfaOC
2473,Kevin Thomas,kevin.thomas.2473@example.com,2pojAs53Yu
2474,Donald Garcia,donald.garcia.2474@example.com,OV5dhXoNeY
2475,Richard Anderson,richard.anderson.2475@example.com,vcXbznrZ9m
2476,Ashley Thompson,ashley.thompson.2476@example.com,ZCw5JOeur5
2477,Donald Davis,donald.davis.2477@example.com,46uYqTitZZ
2478,Elizabeth Robinson,elizabeth.robinson.2478@example.com,2ITTixqu90
2479,Matthew Smith,matthew.smith.2479@example.com,UncBZGT1bB
2480,Paul Sanchez,paul.sanchez.2480@example.com,8TCK9me1D4
2481,Andrew Miller,andrew.miller.2481@example.com,szjvXa65p3
2482,Patricia Ramirez,patricia.ramirez.2482@example.com,35Uc2i0m7c
2483,Linda Clark,linda.clark.2483@example.com,mC7bqjRSMx
2484,Joshua Thompson,joshua.thompson.2484@example.com,VmGHfDh8NL
2485,Paul Johnson,paul.johnson.2485@example.com,K81MWwWTP8
2486,William Jackson,william.jackson.2486@example.com,7vadzQpwYf
2487,William Smith,william.smith.2487@example.com,wLAHJhclU4
2488,Barbara Brown,barbara.brown.2488@example.com,b8aGufqcoi
2489,David Anderson,david.anderson.2489@example.com,fBJdM1z2Iq
2490,Anthony Anderson,anthony.anderson.2490@example.com,PT6euYFdOc
2491,Thomas Williams,thomas.williams.2491@example.com,fbtZy2ht98
2492,Sarah Garcia,sarah.garcia.2492@example.com,759WecfRlY
2493,David Young,david.young.2493@example.com,fGrnZ7i38i
2494,Joseph Garcia,joseph.garcia.2494@example.com,HuTmuNCxdi
2495,Joshua Lopez,joshua.lopez.2495@example.com,L4AkRSQBXQ
2496,Richard Lee,richard.lee.2496@example.com,ybYSQmboEY
2497,James Lewis,james.lewis.2497@example.com,Ru399MZnRs
2498,Mark Rodriguez,mark.rodriguez.2498@example.com,GMCwWV580B
2499,Karen Gonzalez,karen.gonzalez.2499@example.com,6HzzbGFJUA
2500,Mark Thomas,mark.thomas.2500@example.com,dUGO4U5rR3
2501,Steven Garcia,steven.garcia.2501@example.com,CLhQLBjh5v
2502,Richard Brown,richard.brown.2502@example.com,ly1L4SasrL
2503,Andrew Johnson,andrew.johnson.2503@example.com,6t7O9DnwvX
2504,Matthew Martin,matthew.martin.2504@example.com,pK0ZO2DHE7
2505,Jennifer Taylor,jennifer.taylor.2505@example.com,0hDFZeTbnU
2506,Jennifer Martinez,jennifer.martinez.2506@example.com,BREl13z8gP
2507,Sarah Perez,sarah.perez.2507@example.com,mriwPlmuQV
2508,Steven Walker,steven.walker.2508@example.com,j8EvMT1yJy
2509,Matthew Thomas,matthew.thomas.2509@example.com,esgB3hqPyo
2510,Michelle Sanchez,michelle.sanchez.2510@example.com,qkfxvTVbQP
2511,Karen Ramirez,karen.ramirez.2511@example.com,GZY3pQZ5n9
2512,Robert Williams,robert.williams.2512@example.com,HQov8008yO
2513,Richard Perez,richard.perez.2513@example.com,19w8Iyfn1M
2514,Kevin Robinson,kevin.robinson.2514@example.com,Z4Tmqi6P2F
2515,Robert Clark,robert.clark.2515@example.com,HGNiXDFTgQ
2516,Betty Harris,betty.harris.2516@example.com,L7FslEIbSx
2517,Mary Lee,mary.lee.2517@example.com,B9lx6ZcjPr
2518,Patricia Anderson,patricia.anderson.2518@example.com,baGTT7pQDb
2519,Anthony Jackson,anthony.jackson.2519@example.com,bQM4cdOFtF
2520,Steven Gonzalez,steven.gonzalez.2520@example.com,hC5hQr5iz5
2521,Mark Moore,mark.moore.2521@example.com,LsiMalJJ2p
2522,Nancy Anderson,nancy.anderson.2522@example.com,r5xaEKKb2y
2523,Steven Rodriguez,steven.rodriguez.2523@example.com,vQ5I40IUmj
2524,Karen Moore,karen.moore.2524@example.com,L2Xf872WVz
2525,Jennifer Hernandez,jennifer.hernandez.2525@example.com,JxrMSxsVTq
2526,Joshua Taylor,joshua.taylor.2526@example.com,FOzdjQBTww
2527,Michelle Lee,michelle.lee.2527@example.com,ICouYvVYKj
2528,Robert Young,robert.young.2528@example.com,8WhUEDjWRq
2529,Karen Rodriguez,karen.rodriguez.2529@example.com,6tv7fjTXU8
2530,Ashley Harris,ashley.harris.2530@example.com,vQA8EaQurY
2531,Andrew Robinson,andrew.robinson.2531@example.com,iaaCJDSmPU
2532,Daniel Miller,daniel.miller.2532@example.com,C7YodkTEUu
2533,Barbara Taylor,barbara.taylor.2533@example.com,6op4U3DbS2
2534,Nancy Robinson,nancy.robinson.2534@example.com,SjuVSoskwS
2535,Richard Davis,richard.davis.2535@example.com,CMNlMH0atm
2536,Mark Smith,mark.smith.2536@example.com,ad0Kvxd9Nu
2537,Steven Ramirez,steven.ramirez.2537@example.com,w2apbJXjjz
2538,Jennifer Moore,jennifer.moore.2538@example.com,dzZxnvRQLx
2539,Sandra Lopez,sandra.lopez.2539@example.com,zwjJd3cqVz
2540,Mark Hernandez,mark.hernandez.2540@example.com,FQeBP1Hggf
2541,Ashley Williams,ashley.williams.2541@example.com,hkOtLEVGIT
2542,Betty Hernandez,betty.hernandez.2542@example.com,tRbaSWrCal
2543,Patricia Harris,patricia.harris.2543@example.com,73lyhHYfms
2544,Jessica Hernandez,jessica.hernandez.2544@example.com,ZNHO4brUPG
2545,Kevin Ramirez,kevin.ramirez.2545@example.com,OLfn0VhxZ5
2546,Nancy Martin,nancy.martin.2546@example.com,iYLDwy8JbD
2547,Betty Rodriguez,betty.rodriguez.2547@example.com,SVHjRiFowQ
2548,Thomas Garcia,thomas.garcia.2548@example.com,0AdkQHZOMR
2549,Paul Jackson,paul.jackson.2549@example.com,9SlJhUKUga
2550,John Ramirez,john.ramirez.2550@example.com,1bVQOKE4if
2551,Robert Martin,robert.martin.2551@example.com,wzPVEhrlSe
2552,Mark Moore,mark.moore.2552@example.com,NONbfy2DZS
2553,Betty Jones,betty.jones.2553@example.com,2Bx0lMwmGT
2554,Michael Hernandez,michael.hernandez.2554@example.com,A4Ug03vQj5
2555,Donald Moore,donald.moore.2555@example.com,A8L2NDwcfT
2556,Mark Sanchez,mark.sanchez.2556@example.com,RmU4LB6Wne
2557,Daniel Perez,daniel.perez.2557@example.com,0QjRiHlkjT
2558,Kimberly Young,kimberly.young.2558@example.com,yP3zgFEjA4
2559,Steven White,steven.white.2559@example.com,vCQuofRIRg
2560,Linda Walker,linda.walker.2560@example.com,L1m2NjsUG4
2561,David Sanchez,david.sanchez.2561@example.com,yQKQBUoip4
2562,Jessica Walker,jessica.walker.2562@example.com,wmJJqMK1e7
2563,Ashley Smith,ashley.smith.2563@example.com,8j6sFLl0T6
2564,Patricia Walker,patricia.walker.2564@example.com,T5PacvUlHH
2565,Patricia Young,patricia.young.2565@example.com,Qb3wnoWQNx
2566,Mary Martin,mary.martin.2566@example.com,klS0YE22Ck
2567,Steven Ramirez,steven.ramirez.2567@example.com,16nBLMjYIs
2568,Andrew Rodriguez,andrew.rodriguez.2568@example.com,DB9HGnqV7M
2569,Sandra Lewis,sandra.lewis.2569@example.com,evPoHQoHbI
2570,Donna Hernandez,donna.hernandez.2570@example.com,9PhPuX5nIH
2571,Susan Miller,susan.miller.2571@example.com,VqyV82QxOM
2572,Anthony Robinson,anthony.robinson.2572@example.com,AuymZ4dH9q
2573,Sandra Gonzalez,sandra.gonzalez.2573@example.com,F9GL22az92
2574,Sarah Sanchez,sarah.sanchez.2574@example.com,I7FmJemB1h
2575,Betty Martinez,betty.martinez.2575@example.com,oF5zr00eVb
2576,Linda Gonzalez,linda.gonzalez.2576@example.com,hw3qSnd9G9
2577,Andrew Jackson,andrew.jackson.2577@example.com,Pwhabz1zEP
2578,Jessica Robinson,jessica.robinson.2578@example.com,hicrmjpehF
2579,Daniel Lopez,daniel.lopez.2579@example.com,vfDqpnbirN
2580,Emily Sanchez,emily.sanchez.2580@example.com,lyoponVR1R
2581,Michelle Gonzalez,michelle.gonzalez.2581@example.com,6XSPxhQD9i
2582,David Smith,david.smith.2582@example.com,5Xi9MLy4d7
2583,Lisa Rodriguez,lisa.rodriguez.2583@example.com,a3GMXMpoEU
2584,Sandra Wilson,sandra.wilson.2584@example.com,Y2NE1RpbZn
2585,Sandra Robinson,sandra.robinson.2585@example.com,Ek4UVjLJKS
2586,Lisa Martin,lisa.martin.2586@example.com,nlfRaCGCtz
2587,Donald Lopez,donald.lopez.2587@example.com,TJntcpM9zb
2588,Mark Gonzalez,mark.gonzalez.2588@example.com,KFIFbx5WQs
2589,Donna Davis,donna.davis.2589@example.com,M5x2Aw8J2K
2590,Kevin Williams,kevin.williams.2590@example.com,ibzoQSCxWu
2591,Emily Williams,emily.williams.2591@example.com,etGlXwnoyb
2592,Thomas Anderson,thomas.anderson.2592@example.com,iS2AmV1iYS
2593,Betty White,betty.white.2593@example.com,nGAfFYO3bI
2594,Kevin Clark,kevin.clark.2594@example.com,gVwErBV21V
2595,Linda Taylor,linda.taylor.2595@example.com,NDlifY1ZIv
2596,Ashley Harris,ashley.harris.2596@example.com,WzCAnphxMf
2597,Mary Wilson,mary.wilson.2597@example.com,XYS5UnNRYC
2598,Paul Rodriguez,paul.rodriguez.2598@example.com,JByp6CEark
2599,Susan Clark,susan.clark.2599@example.com,Ass27kqzqc
2600,Charles Wilson,charles.wilson.2600@example.com,CdVNMkjJzQ
2601,Daniel Miller,daniel.miller.2601@example.com,R9dw1xqiQ1
2602,Paul Moore,paul.moore.2602@example.com,RVdBc1z59N
2603,Sandra Martin,sandra.martin.2603@example.com,P2P8VtwIxv
2604,Anthony Thomas,anthony.thomas.2604@example.com,khK59MlVFD
2605,Daniel Gonzalez,daniel.gonzalez.2605@example.com,WDXSvRFG2n
2606,Lisa Moore,lisa.moore.2606@example.com,HteR6WhFRU
2607,Paul Thomas,paul.thomas.2607@example.com,2UW08mxsJa
2608,John Harris,john.harris.2608@example.com,o6EZ4HORwX
2609,Joshua Miller,joshua.miller.2609@example.com,AMkCBRQYpX
2610,Michelle Thomas,michelle.thomas.2610@example.com,6xYtPShPFE
2611,Thomas Anderson,thomas.anderson.2611@example.com,qEI9scIDx4
2612,Steven Sanchez,steven.sanchez.2612@example.com,U9MmUX6Pkx
2613,Kimberly Garcia,kimberly.garcia.2613@example.com,atcQvAZJR5
2614,Charles Taylor,charles.taylor.2614@example.com,Tu6UaVV2uX
2615,Lisa Taylor,lisa.taylor.2615@example.com,Rz96wMfpkC
2616,Linda Moore,linda.moore.2616@example.com,p05BIcRNyx
2617,Lisa Jackson,lisa.jackson.2617@example.com,8Ux2IC3BRo
2618,James Ramirez,james.ramirez.2618@example.com,zk7pNwyR9h
2619,Steven Moore,steven.moore.2619@example.com,lobeeu7SSa
2620,John Ramirez,john.ramirez.2620@example.com,tSco2y5R2e
2621,Elizabeth Lee,elizabeth.lee.2621@example.com,6O71BnLGvl
2622,Betty Jones,betty.jones.2622@example.com,cEWt0vk2hw
2623,Daniel White,daniel.white.2623@example.com,0L2KgIFhsO
2624,Karen Brown,karen.brown.2624@example.com,uWUSEEOobG
2625,Richard Miller,richard.miller.2625@example.com,TsKBNB5wOr
2626,Lisa Ramirez,lisa.ramirez.2626@example.com,02QNpEOUWZ
2627,Nancy Jackson,nancy.jackson.2627@example.com,ASblygqaB3
2628,Richard Taylor,richard.taylor.2628@example.com,P8evs0IspI
2629,Robert Ramirez,robert.ramirez.2629@example.com,oUMGKsiKAv
2630,Daniel Garcia,daniel.garcia.2630@example.com,UMA6vIB0Qv
2631,Anthony Clark,anthony.clark.2631@example.com,4RdXC9T11l
2632,Kevin Rodriguez,kevin.rodriguez.2632@example.com,ZGKi444gyU
2633,Donna Williams,donna.williams.2633@example.com,ggWZ6PxR4u
2634,William Wilson,william.wilson.2634@example.com,rWL4Haw747
2635,Matthew White,matthew.white.2635@example.com,6FwGVr0Gls
2636,Matthew White,matthew.white.2636@example.com,Z7caoHnsvu
2637,Linda Perez,linda.perez.2637@example.com,CtB3eLhQ6r
2638,Richard Thompson,richard.thompson.2638@example.com,0QWzUcPxhz
2639,Michelle Perez,michelle.perez.2639@example.com,Wgrk6jVJD4
2640,Joseph Brown,joseph.brown.2640@example.com,6M15HNnrsp
2641,Mark Hernandez,mark.hernandez.2641@example.com,4WYquooIJN
2642,Andrew Ramirez,andrew.ramirez.2642@example.com,ylinVMqAuw
2643,Karen Moore,karen.moore.2643@example.com,S7rjbArhGx
2644,Mark Harris,mark.harris.2644@example.com,0lUGilA4wi
2645,Michael Sanchez,michael.sanchez.2645@example.com,SoT7JHfhOf
2646,Kevin Garcia,kevin.garcia.2646@example.com,sao2gOoBir
2647,Michael Perez,michael.perez.2647@example.com,Gg2rUQnb0y
2648,Kevin Moore,kevin.moore.2648@example.com,AZKJEmWMBD
2649,Thomas Hernandez,thomas.hernandez.2649@example.com,ZWi7w5iISl
2650,Jennifer Clark,jennifer.clark.2650@example.com,Ty4Cam27VS
2651,John Sanchez,john.sanchez.2651@example.com,o4GwOa1y1v
2652,Kevin Thompson,kevin.thompson.2652@example.com,yshUSRAsHY
2653,Nancy Wilson,nancy.wilson.2653@example.com,EVJRLeq69z
2654,Susan Jones,susan.jones.2654@example.com,ikbh8wPwWv
2655,Mary Harris,mary.harris.2655@example.com,wEvWlpZv6I
2656,Thomas Young,thomas.young.2656@example.com,FtfZYCGL7b
2657,Donald Johnson,donald.johnson.2657@example.com,kt2Pvqm3QG
2658,Lisa Miller,lisa.miller.2658@example.com,ZJ8ndKeVGi
2659,Joseph Thompson,joseph.thompson.2659@example.com,Kd0NFpVlEu
2660,Kimberly Harris,kimberly.harris.2660@example.com,V5Gu1moPGL
2661,Margaret Smith,margaret.smith.2661@example.com,uTADPOf6h9
2662,Steven Ramirez,steven.ramirez.2662@example.com,enGdsgFDtt
2663,Charles Anderson,charles.anderson.2663@example.com,zkwK2xGXlV
2664,Barbara Clark,barbara.clark.2664@example.com,kUGMVrxpQQ
2665,Susan Sanchez,susan.sanchez.2665@example.com,ePEOj9B6yV
2666,Mark Walker,mark.walker.2666@example.com,GN57LsoqDG
2667,Susan Sanchez,susan.sanchez.2667@example.com,daMK3sfU9r
2668,Anthony Wilson,anthony.wilson.2668@example.com,GBvSvLrYrj
2669,Andrew Martinez,andrew.martinez.2669@example.com,35IvnAv46s
2670,James Hernandez,james.hernandez.2670@example.com,wxU0HMTEW0
2671,Joshua Robinson,joshua.robinson.2671@example.com,oUmESG5Xix
2672,Jennifer Martinez,jennifer.martinez.2672@example.com,gLo3JQd60q
2673,Thomas Anderson,thomas.anderson.2673@example.com,IpCViRLkKf
2674,William Ramirez,william.ramirez.2674@example.com,xllqLzqFrM
2675,Elizabeth Sanchez,elizabeth.sanchez.2675@example.com,LWMo7AwOnH
2676,Margaret Martinez,margaret.martinez.2676@example.com,7ZDmFet3XS
2677,William Clark,william.clark.2677@example.com,7Rz3GLhHrB
2678,Joshua Robinson,joshua.robinson.2678@example.com,W1i4sqAAhU
2679,Paul Robinson,paul.robinson.2679@example.com,BQ3vmCBBsF
2680,Daniel Wilson,daniel.wilson.2680@example.com,8K5KafbrQj
2681,Anthony Gonzalez,anthony.gonzalez.2681@example.com,aDSXhOUbkO
2682,Daniel White,daniel.white.2682@example.com,OanPlrYfLg
2683,Michelle Walker,michelle.walker.2683@example.com,IWZSR3qdbW
2684,Robert Moore,robert.moore.2684@example.com,bnevw4WEfE
2685,Linda Ramirez,linda.ramirez.2685@example.com,xmfca2f5Gj
2686,Elizabeth Thompson,elizabeth.thompson.2686@example.com,MSb1RrpJ9x
2687,Mark Miller,mark.miller.2687@example.com,HSgELTsKYb
2688,James Jackson,james.jackson.2688@example.com,NY4kBjqBcG
2689,Michael Brown,michael.brown.2689@example.com,WLh85jXKlF
2690,Charles Thomas,charles.thomas.2690@example.com,qotwqRueOj
2691,Anthony Williams,anthony.williams.2691@example.com,6XTJJbKHDG
2692,Andrew Garcia,andrew.garcia.2692@example.com,s9tnmdqooR
2693,Joshua Brown,joshua.brown.2693@example.com,BrHyaXu3Od
2694,Margaret Lee,margaret.lee.2694@example.com,mbsgJBQACP
2695,Elizabeth Anderson,elizabeth.anderson.2695@example.com,wiaMm5IltM
2696,David Thompson,david.thompson.2696@example.com,9kWPDbQYic
2697,Donna Wilson,donna.wilson.2697@example.com,vRD00yjajd
2698,Mark Robinson,mark.robinson.2698@example.com,TurbIi21w2
2699,Steven Smith,steven.smith.2699@example.com,lVAfCoS16I
2700,Susan Lopez,susan.lopez.2700@example.com,28Aa0F62Ex
2701,Nancy Martinez,nancy.martinez.2701@example.com,gjgkxa3DzK
2702,Susan Garcia,susan.garcia.2702@example.com,OLho7ESQVD
2703,David Lopez,david.lopez.2703@example.com,eXE6OvpLgn
2704,Lisa Perez,lisa.perez.2704@example.com,ORzc73DqCr
2705,Kevin Robinson,kevin.robinson.2705@example.com,Vc4hjeeYXT
2706,Richard Rodriguez,richard.rodriguez.2706@example.com,T3qthEm0VP
2707,Linda Jones,linda.jones.2707@example.com,bPRF1UOcb4
2708,Paul Young,paul.young.2708@example.com,q7DvJ9fwCd
2709,Sarah Gonzalez,sarah.gonzalez.2709@example.com,uMlE7PmjIW
2710,Sandra Gonzalez,sandra.gonzalez.2710@example.com,ZTycUMUpnV
2711,Susan Thomas,susan.thomas.2711@example.com,BVgbsdAIvg
2712,Mark Brown,mark.brown.2712@example.com,RGNznN3NZu
2713,Joshua Davis,joshua.davis.2713@example.com,vq78W8ZU8E
2714,Matthew Jones,matthew.jones.2714@example.com,W3cd5Tf5tF
2715,Mark Miller,mark.miller.2715@example.com,V5duUWroJP
2716,Charles Gonzalez,charles.gonzalez.2716@example.com,4WzD0LYc5P
2717,Donna Gonzalez,donna.gonzalez.2717@example.com,wbXAtBQk1P
2718,James Jones,james.jones.2718@example.com,rOJbBtOvpo
2719,Robert Moore,robert.moore.2719@example.com,dVlzXJkjKK
2720,Lisa Brown,lisa.brown.2720@example.com,gOHhNCC8S7
2721,Donald Williams,donald.williams.2721@example.com,7mkdTD7lhJ
2722,Jennifer Miller,jennifer.miller.2722@example.com,Opch9DorB6
2723,Donna Garcia,donna.garcia.2723@example.com,sGdfdcvmgL
2724,James White,james.white.2724@example.com,ISB0eDNXIo
2725,Patricia Thompson,patricia.thompson.2725@example.com,lm8Rme7B7q
2726,Daniel Thomas,daniel.thomas.2726@example.com,ixR0Qa8Rye
2727,Margaret Wilson,margaret.wilson.2727@example.com,dCYR4TAUny
2728,Elizabeth Davis,elizabeth.davis.2728@example.com,99FmQOqQLa
2729,Sandra Lopez,sandra.lopez.2729@example.com,0gD2harTkT
2730,Linda Anderson,linda.anderson.2730@example.com,wv0rAVwiRG
2731,Barbara Thomas,barbara.thomas.2731@example.com,7kKqyg9l8P
2732,Charles Rodriguez,charles.rodriguez.2732@example.com,gJR8LQL6hx
2733,Joseph Rodriguez,joseph.rodriguez.2733@example.com,zFLmtK3MDb
2734,Margaret Davis,margaret.davis.2734@example.com,lDtXJBhXWk
2735,Andrew Wilson,andrew.wilson.2735@example.com,y8RqZIGrfo
2736,Nancy Harris,nancy.harris.2736@example.com,5YBPBLYQhy
2737,Mary Ramirez,mary.ramirez.2737@example.com,MwPAMWTGEi
2738,Charles Gonzalez,charles.gonzalez.2738@example.com,QHRXCJFVF3
2739,Karen Williams,karen.williams.2739@example.com,l3Xfl8jesM
2740,Paul Johnson,paul.johnson.2740@example.com,CK2ZV6iU9T
2741,Margaret Garcia,margaret.garcia.2741@example.com,yKuON6Mh9G
2742,Patricia White,patricia.white.2742@example.com,Pdm7pRSPyu
2743,Emily Lewis,emily.lewis.2743@example.com,zhWOsowUML
2744,Mary Walker,mary.walker.2744@example.com,enyXdSdf2t
2745,Anthony Moore,anthony.moore.2745@example.com,UN1NNEK1xT
2746,Thomas Moore,thomas.moore.2746@example.com,lTInAipv1E
2747,Karen Brown,karen.brown.2747@example.com,L8VsoWqBS3
2748,Lisa Hernandez,lisa.hernandez.2748@example.com,0bUYacBhMv
2749,Steven Garcia,steven.garcia.2749@example.com,H1VwpQIC9p
2750,Nancy Moore,nancy.moore.2750@example.com,ekPhptibvR
2751,Joseph Gonzalez,joseph.gonzalez.2751@example.com,6FLEaETY4c
2752,Linda Robinson,linda.robinson.2752@example.com,Lpmrty1hk5
2753,Elizabeth Ramirez,elizabeth.ramirez.2753@example.com,yCqJnynnhm
2754,Betty Miller,betty.miller.2754@example.com,EnjKs1Uny0
2755,Linda Davis,linda.davis.2755@example.com,nqXFwBUuZX
2756,William Walker,william.walker.2756@example.com,k6TKRDtJcH
2757,Donna Thompson,donna.thompson.2757@example.com,OP9cHHNOiK
2758,Ashley Miller,ashley.miller.2758@example.com,uwJeEyQ9ZB
2759,Karen Clark,karen.clark.2759@example.com,Mc1R4TOXB9
2760,Robert Wilson,robert.wilson.2760@example.com,GoCfswhvCS
2761,Karen Garcia,karen.garcia.2761@example.com,Pu4w3k3Z82
2762,Kevin Rodriguez,kevin.rodriguez.2762@example.com,qjozAxg2gT
2763,Sandra Thompson,sandra.thompson.2763@example.com,O19ZHmCcYy
2764,Nancy Lee,nancy.lee.2764@example.com,aJok4g04X9
2765,Donald Wilson,donald.wilson.2765@example.com,GLILjWao8C
2766,John Thomas,john.thomas.2766@example.com,fK570i4cXg
2767,Elizabeth Smith,elizabeth.smith.2767@example.com,puZhYlrVVM
2768,William Lee,william.lee.2768@example.com,3AfQQhVzw8
2769,Jessica Martin,jessica.martin.2769@example.com,Fe3xCjK0ne
2770,Sarah Jones,sarah.jones.2770@example.com,g8eU1hJ8id
2771,Ashley Perez,ashley.perez.2771@example.com,E5lltvxWfM
2772,Mary Perez,mary.perez.2772@example.com,EhMX59opaV
2773,John Harris,john.harris.2773@example.com,ie5pndt4du
2774,Patricia Jackson,patricia.jackson.2774@example.com,rSbbWgfFB4
2775,William Martinez,william.martinez.2775@example.com,y7yW7a35VV
2776,Kevin Harris,kevin.harris.2776@example.com,fRyYmzqwFV
2777,Michelle Gonzalez,michelle.gonzalez.2777@example.com,xowcI9lWRm
2778,Elizabeth Lewis,elizabeth.lewis.2778@example.com,XHjLxHhIH5
2779,Ashley Garcia,ashley.garcia.2779@example.com,53eMk2OUzq
2780,Donald Clark,donald.clark.2780@example.com,NNioFaErDy
2781,Joshua Jackson,joshua.jackson.2781@example.com,wfpR9s8gTZ
2782,Anthony Clark,anthony.clark.2782@example.com,YKhGdhEFHM
2783,Karen Robinson,karen.robinson.2783@example.com,tEidqu2q72
2784,Susan Martinez,susan.martinez.2784@example.com,dOrnzWRxGB
2785,Margaret Thompson,margaret.thompson.2785@example.com,NI1xWAIByr
2786,Richard Young,richard.young.2786@example.com,OrgPua33UA
2787,Barbara Jones,barbara.jones.2787@example.com,z4tGrUrKhb
2788,Michael Thompson,michael.thompson.2788@example.com,PGKGKClq8h
2789,David Wilson,david.wilson.2789@example.com,E6At6hK7NL
2790,Karen Thomas,karen.thomas.2790@example.com,hNYxLzMZWD
2791,Steven Garcia,steven.garcia.2791@example.com,FdeGN9nK94
2792,Richard Smith,richard.smith.2792@example.com,JR5i7kaVHM
2793,Emily Thompson,emily.thompson.2793@example.com,xHsZfY8ILo
2794,Kimberly Robinson,kimberly.robinson.2794@example.com,5f2HUpW9bV
2795,Linda Brown,linda.brown.2795@example.com,IwrcZpJH1J
2796,William Thompson,william.thompson.2796@example.com,dzvsV8qtY1
2797,Matthew Sanchez,matthew.sanchez.2797@example.com,r0PcXPpIZD
2798,Matthew Thomas,matthew.thomas.2798@example.com,GCpoYYXhDY
2799,Anthony Johnson,anthony.johnson.2799@example.com,00gfXHfbvl
2800,John Smith,john.smith.2800@example.com,H41VPCOhBl
2801,Thomas Walker,thomas.walker.2801@example.com,ApRe5W697n
2802,David Williams,david.williams.2802@example.com,BJ3XOl0zR6
2803,Donna Ramirez,donna.ramirez.2803@example.com,B4nAtZyBIk
2804,Mary Johnson,mary.johnson.2804@example.com,4kk300oHZ7
2805,Barbara Jackson,barbara.jackson.2805@example.com,3vQeSz5wds
2806,Susan Walker,susan.walker.2806@example.com,kklH0stSpb
2807,Sarah Davis,sarah.davis.2807@example.com,IEls783Xsn
2808,Mary Anderson,mary.anderson.2808@example.com,mr20u011Ja
2809,Donna Brown,donna.brown.2809@example.com,QwSOuL3oyT
2810,Steven Robinson,steven.robinson.2810@example.com,qaCMq5uwm3
2811,Richard Moore,richard.moore.2811@example.com,qvxFmk1FzA
2812,Betty Sanchez,betty.sanchez.2812@example.com,Hys7XwIysE
2813,Charles Martin,charles.martin.2813@example.com,OCX5K2ZqBb
2814,Donna Davis,donna.davis.2814@example.com,GNyhquZnxN
2815,James Gonzalez,james.gonzalez.2815@example.com,rRKStdyDYH
2816,Sarah Wilson,sarah.wilson.2816@example.com,ogXDeGCvH3
2817,Kevin Davis,kevin.davis.2817@example.com,CY4scydNYi
2818,Emily Lewis,emily.lewis.2818@example.com,3tB24RZeZk
2819,Elizabeth Clark,elizabeth.clark.2819@example.com,LpiQhrzN71
2820,Thomas Thomas,thomas.thomas.2820@example.com,MIobaYu7aP
2821,Nancy Jackson,nancy.jackson.2821@example.com,E7aHYXX3Bc
2822,Lisa Thompson,lisa.thompson.2822@example.com,p91KrBYoTe
2823,Anthony Jones,anthony.jones.2823@example.com,90vmPwgJmy
2824,Elizabeth Taylor,elizabeth.taylor.2824@example.com,lRBJQMcq22
2825,Kimberly Jackson,kimberly.jackson.2825@example.com,gyeUMHMBj5
2826,Elizabeth Johnson,elizabeth.johnson.2826@example.com,omYwaVU0GR
2827,Emily Miller,emily.miller.2827@example.com,ogJChWX1r9
2828,Donna Sanchez,donna.sanchez.2828@example.com,GzUfCZ3wtS
2829,Charles Davis,charles.davis.2829@example.com,fQK5BiemP6
2830,Susan Young,susan.young.2830@example.com,0OqZjcZGJm
2831,Lisa Lopez,lisa.lopez.2831@example.com,ykTnw7z9AD
2832,David Smith,david.smith.2832@example.com,yXAw8PVCnB
2833,Ashley Sanchez,ashley.sanchez.2833@example.com,kkfVhKwjZX
2834,Kevin Davis,kevin.davis.2834@example.com,pDwMBZFtwO
2835,Nancy Jackson,nancy.jackson.2835@example.com,k5wMoSg2sG
2836,Linda Lewis,linda.lewis.2836@example.com,B1Hl3osIQN
2837,Paul Robinson,paul.robinson.2837@example.com,WRTHeFx4sd
2838,Kimberly Martinez,kimberly.martinez.2838@example.com,k2ykusRpVg
2839,Steven Ramirez,steven.ramirez.2839@example.com,Pp5HCPtaxs
2840,Charles Clark,charles.clark.2840@example.com,XKGQ8Zk0uk
2841,Mark Miller,mark.miller.2841@example.com,XUrB9ZR97s
2842,Daniel Lee,daniel.lee.2842@example.com,6BfZXMxdVb
2843,David Thomas,david.thomas.2843@example.com,oxDyTooSK9
2844,Nancy Thomas,nancy.thomas.2844@example.com,amrppy0KkN
2845,Andrew Lewis,andrew.lewis.2845@example.com,uI2TiG0T5E
2846,Michelle Lee,michelle.lee.2846@example.com,SjJEuRIpLV
2847,Ashley Taylor,ashley.taylor.2847@example.com,lckvldfGPH
2848,Barbara Martinez,barbara.martinez.2848@example.com,j1CazCJPMp
2849,Joseph Davis,joseph.davis.2849@example.com,jTtCBEGc4o
2850,Joseph Jones,joseph.jones.2850@example.com,4cV134AthO
2851,Lisa Smith,lisa.smith.2851@example.com,VUhZKmhAGm
2852,Kimberly Clark,kimberly.clark.2852@example.com,9PwAx2bk8l
2853,Daniel Harris,daniel.harris.2853@example.com,UF3OrvjbX3
2854,Elizabeth Rodriguez,elizabeth.rodriguez.2854@example.com,7G8Cytqu11
2855,Karen Taylor,karen.taylor.2855@example.com,cLVDj0XzM7
2856,Thomas Johnson,thomas.johnson.2856@example.com,INsnGpmCQT
2857,Paul Robinson,paul.robinson.2857@example.com,8YaVChgFqt
2858,Elizabeth Walker,elizabeth.walker.2858@example.com,Rt3gkwiw7A
2859,Ashley Robinson,ashley.robinson.2859@example.com,4LHF3aCddG
2860,Donna Sanchez,donna.sanchez.2860@example.com,OYD7N5OxI8
2861,Margaret Martinez,margaret.martinez.2861@example.com,6eyVzZfUj2
2862,Karen Perez,karen.perez.2862@example.com,rP5t3YHzoC
2863,Susan Martinez,susan.martinez.2863@example.com,MlryHZJKdI
2864,Margaret Jones,margaret.jones.2864@example.com,qYAFu8DoQi
2865,Paul Moore,paul.moore.2865@example.com,4PgXxnBrAs
2866,Mary Gonzalez,mary.gonzalez.2866@example.com,f5ouBU2yoV
2867,Jessica Lopez,jessica.lopez.2867@example.com,ayjclTD4Xi
2868,Michael Lee,michael.lee.2868@example.com,q7HwJGB7vq
2869,Betty White,betty.white.2869@example.com,aHNo0if5Bb
2870,Karen Jackson,karen.jackson.2870@example.com,gTWfgPmEFO
2871,Robert Hernandez,robert.hernandez.2871@example.com,3S0lUZylPf
2872,Daniel Johnson,daniel.johnson.2872@example.com,MiH9XNsE3E
2873,Charles Ramirez,charles.ramirez.2873@example.com,ifkRVIS3ON
2874,Steven Perez,steven.perez.2874@example.com,EdNfaB6KxT
2875,Emily Thomas,emily.thomas.2875@example.com,vrJilJtCwl
2876,Robert White,robert.white.2876@example.com,bg1iJBbSVk
2877,Richard Moore,richard.moore.2877@example.com,A42f1m7QzF
2878,Kevin White,kevin.white.2878@example.com,Zq6FDjf0D9
2879,Lisa Moore,lisa.moore.2879@example.com,8FNsNbNL9J
2880,Elizabeth Davis,elizabeth.davis.2880@example.com,pFMFCS3fEx
2881,Sarah Davis,sarah.davis.2881@example.com,OaEPfUZpek
2882,William Smith,william.smith.2882@example.com,EhpJPCRhVo
2883,Sarah Thomas,sarah.thomas.2883@example.com,9QzvYuhiks
2884,Jessica Moore,jessica.moore.2884@example.com,ikVortdSEN
2885,Charles Robinson,charles.robinson.2885@example.com,VJsZrEd6vh
2886,Joseph Rodriguez,joseph.rodriguez.2886@example.com,S8OuiyjjSr
2887,Betty Williams,betty.williams.2887@example.com,GNG2N9rKlJ
2888,Linda Clark,linda.clark.2888@example.com,jNbu8Y37CC
2889,Donna Hernandez,donna.hernandez.2889@example.com,SsuhmdfDfA
2890,John Young,john.young.2890@example.com,3uMvSd0Qgf
2891,Sandra Martinez,sandra.martinez.2891@example.com,VaNKbZUDJy
2892,Paul Perez,paul.perez.2892@example.com,dao51jmtbU
2893,Charles Johnson,charles.johnson.2893@example.com,wdsV6LLwPc
2894,Barbara Sanchez,barbara.sanchez.2894@example.com,7IGehF9Tbo
2895,Charles Harris,charles.harris.2895@example.com,gMRrJOG87A
2896,Charles Lewis,charles.lewis.2896@example.com,iFDL6WxU5M
2897,William Wilson,william.wilson.2897@example.com,DQPUZAPcuk
2898,David Miller,david.miller.2898@example.com,yaJkC89xoO
2899,Thomas Martin,thomas.martin.2899@example.com,VTagKIulgM
2900,Joseph Rodriguez,joseph.rodriguez.2900@example.com,tDMXVDEamG
2901,Paul Thompson,paul.thompson.2901@example.com,MbMjlrOZD8
2902,William Robinson,william.robinson.2902@example.com,Zwgry3IKGf
2903,Thomas Lewis,thomas.lewis.2903@example.com,kJnY9hK4HA
2904,Michelle Lee,michelle.lee.2904@example.com,3jk5RIiVjX
2905,Barbara Brown,barbara.brown.2905@example.com,l9CEFRNmbq
2906,Donald Jackson,donald.jackson.2906@example.com,zUmMk1WGfJ
2907,Nancy Lewis,nancy.lewis.2907@example.com,m4xowsubxE
2908,John Rodriguez,john.rodriguez.2908@example.com,QvkwU5f8TP
2909,Kimberly Smith,kimberly.smith.2909@example.com,RdSGcHXFS1
2910,James Ramirez,james.ramirez.2910@example.com,sf3eJBfJXi
2911,Charles Lee,charles.lee.2911@example.com,xoDxddw5zq
2912,William Lee,william.lee.2912@example.com,1TTxS50m4G
2913,Karen Williams,karen.williams.2913@example.com,drkBTTVilu
2914,Michael Sanchez,michael.sanchez.2914@example.com,yTFbzZHfCv
2915,Elizabeth Martin,elizabeth.martin.2915@example.com,G0wWPTwqfe
2916,Patricia Clark,patricia.clark.2916@example.com,UPUf6ybjvT
2917,Michelle Thompson,michelle.thompson.2917@example.com,k0MHFKEb3C
2918,Daniel Ramirez,daniel.ramirez.2918@example.com,OerKdMlCR3
2919,Susan Lewis,susan.lewis.2919@example.com,Kgm6RRPujO
2920,Ashley Garcia,ashley.garcia.2920@example.com,wV1lCzf1Nx
2921,John Martinez,john.martinez.2921@example.com,HF7XVTCS21
2922,Robert Lee,robert.lee.2922@example.com,QPchl97Fld
2923,Elizabeth Brown,elizabeth.brown.2923@example.com,Vhk7TLd9mt
2924,Thomas Williams,thomas.williams.2924@example.com,HFfaaGA1qq
2925,William Moore,william.moore.2925@example.com,LH4yqLwtu9
2926,Charles Lee,charles.lee.2926@example.com,ZM9wrhvc0Z
2927,Kimberly Harris,kimberly.harris.2927@example.com,4vOGwl2VX2
2928,Matthew Anderson,matthew.anderson.2928@example.com,NV0SSqcYqY
2929,Andrew Lopez,andrew.lopez.2929@example.com,cK9sIV17R2
2930,Susan Johnson,susan.johnson.2930@example.com,PZchjNh3Vu
2931,Jessica Brown,jessica.brown.2931@example.com,CSbhfRiASh
2932,Linda Williams,linda.williams.2932@example.com,NZDRpkXCqR
2933,Margaret Jones,margaret.jones.2933@example.com,bUo9WEesmo
2934,Michelle Sanchez,michelle.sanchez.2934@example.com,kddhiZplMV
2935,Sandra Martinez,sandra.martinez.2935@example.com,YpNv9zEGBM
2936,Richard Brown,richard.brown.2936@example.com,4Ukcsp5lib
2937,Thomas Lopez,thomas.lopez.2937@example.com,a4oG2TP2WO
2938,Mark Brown,mark.brown.2938@example.com,6KTyexpr9X
2939,Kimberly Brown,kimberly.brown.2939@example.com,abTMPfhXb7
2940,William Sanchez,william.sanchez.2940@example.com,WJcp3cfUjz
2941,Emily Thompson,emily.thompson.2941@example.com,rYIzQisJax
2942,Barbara Davis,barbara.davis.2942@example.com,XnqIjQdLqs
2943,James Robinson,james.robinson.2943@example.com,u5LFhoMFcT
2944,Joseph Smith,joseph.smith.2944@example.com,t0rc8TPgUD
2945,Sandra Thompson,sandra.thompson.2945@example.com,kHcbHaC2YR
2946,Margaret Williams,margaret.williams.2946@example.com,Ufs2JCr2BL
2947,Sarah Gonzalez,sarah.gonzalez.2947@example.com,UVfgE3BUht
2948,Betty Smith,betty.smith.2948@example.com,3HKoo1758r
2949,David Walker,david.walker.2949@example.com,q79tuCWjwr
2950,Paul Wilson,paul.wilson.2950@example.com,L1WkFMyL8L
2951,Margaret Wilson,margaret.wilson.2951@example.com,G5qDeg8KHV
2952,Margaret Jones,margaret.jones.2952@example.com,R247CM2co0
2953,Jessica Smith,jessica.smith.2953@example.com,u7wC9Esb1v
2954,John Sanchez,john.sanchez.2954@example.com,CCgU60gaQ1
2955,Anthony Anderson,anthony.anderson.2955@example.com,LJ1R2fK4qI
2956,Anthony Martinez,anthony.martinez.2956@example.com,bHNTvtfGIW
2957,Mary Walker,mary.walker.2957@example.com,6YRqxVVG64
2958,Emily Jackson,emily.jackson.2958@example.com,NAcdFzh8b5
2959,Patricia Martinez,patricia.martinez.2959@example.com,AOv90wQTzk
2960,Donald Thompson,donald.thompson.2960@example.com,BwmpB0K9Hn
2961,Donald Smith,donald.smith.2961@example.com,K6YxcGzn1a
2962,Joseph White,joseph.white.2962@example.com,F3dIEFVOwq
2963,Linda Jackson,linda.jackson.2963@example.com,sa4Kd1ZAqr
2964,Michael Robinson,michael.robinson.2964@example.com,AKWpcjot7f
2965,Matthew Harris,matthew.harris.2965@example.com,qSps276AdB
2966,Andrew Garcia,andrew.garcia.2966@example.com,xHdkrglcDe
2967,Anthony Brown,anthony.brown.2967@example.com,ewLdSor1Kw
2968,Joshua Anderson,joshua.anderson.2968@example.com,9mlbyvLEGT
2969,Donald Young,donald.young.2969@example.com,7aD9vs6nDX
2970,John Thompson,john.thompson.2970@example.com,iQvOq8dcrg
2971,Daniel Gonzalez,daniel.gonzalez.2971@example.com,KR9navhbkL
2972,Anthony Young,anthony.young.2972@example.com,gdUNL9a2eE
2973,Robert Gonzalez,robert.gonzalez.2973@example.com,5urY09aivf
2974,Betty Wilson,betty.wilson.2974@example.com,WjJk9ysDzy
2975,Nancy Perez,nancy.perez.2975@example.com,L0erf75l4p
2976,Jessica Hernandez,jessica.hernandez.2976@example.com,zgJh5sh359
2977,Steven Martinez,steven.martinez.2977@example.com,6koZPA5ljW
2978,Donald Wilson,donald.wilson.2978@example.com,oSFHWWECLY
2979,Kimberly Jackson,kimberly.jackson.2979@example.com,DC5EZExjmO
2980,Paul Sanchez,paul.sanchez.2980@example.com,epgCXS8joT
2981,Barbara Ramirez,barbara.ramirez.2981@example.com,VYue8H4VVg
2982,Nancy Garcia,nancy.garcia.2982@example.com,tiONGZyG7v
2983,Emily Johnson,emily.johnson.2983@example.com,KaiJImWVSs
2984,Charles Lee,charles.lee.2984@example.com,kkcAdfNHHc
2985,Emily Wilson,emily.wilson.2985@example.com,AXtQunVGAi
2986,Kevin Lewis,kevin.lewis.2986@example.com,T9mBe5JO1s
2987,Susan Brown,susan.brown.2987@example.com,e5iOEnWtxO
2988,Margaret Perez,margaret.perez.2988@example.com,2JpdIE7jc3
2989,Robert Miller,robert.miller.2989@example.com,yJYnPQBT26
2990,Robert Lopez,robert.lopez.2990@example.com,TEvlOZqHTc
2991,Karen Young,karen.young.2991@example.com,XB0D8mpZnV
2992,Nancy Wilson,nancy.wilson.2992@example.com,K0uPG1WOFo
2993,Andrew Lopez,andrew.lopez.2993@example.com,LHVTjJDeYR
2994,Steven Perez,steven.perez.2994@example.com,kY3ma0LuhP
2995,David Clark,david.clark.2995@example.com,cUUfv4K0bv
2996,Patricia Harris,patricia.harris.2996@example.com,Scu9Nt1fn4
2997,Betty Walker,betty.walker.2997@example.com,OPLr0SDzlB
2998,David Hernandez,david.hernandez.2998@example.com,x5hYDPmPiu
2999,Anthony Anderson,anthony.anderson.2999@example.com,QhB7os2LY2
3000,Matthew Thompson,matthew.thompson.3000@example.com,U2g73n7829
3001,Lisa Ramirez,lisa.ramirez.3001@example.com,m1QhmM3UCs
3002,Kevin White,kevin.white.3002@example.com,QPgxzndgOZ
3003,Donald Martinez,donald.martinez.3003@example.com,4s5Q4Js6p3
3004,Matthew Anderson,matthew.anderson.3004@example.com,mW2i7Fcjlf
3005,Patricia Smith,patricia.smith.3005@example.com,OsnQOonrYR
3006,Michelle Hernandez,michelle.hernandez.3006@example.com,hqfvPHcxxs
3007,David Smith,david.smith.3007@example.com,ZAD0gz6Itk
3008,Kimberly Thompson,kimberly.thompson.3008@example.com,V1RcORCvsF
3009,Jennifer Perez,jennifer.perez.3009@example.com,vFcPZTNVbS
3010,John Thompson,john.thompson.3010@example.com,ykzYHjgxFW
3011,Andrew Wilson,andrew.wilson.3011@example.com,48v7gUHzWy
3012,Joshua Rodriguez,joshua.rodriguez.3012@example.com,30xHkaqbsk
3013,Ashley Harris,ashley.harris.3013@example.com,3dREQDZd8s
3014,Nancy Wilson,nancy.wilson.3014@example.com,jUjfqNh43g
3015,Matthew Garcia,matthew.garcia.3015@example.com,wnP6YRErWb
3016,Donald Wilson,donald.wilson.3016@example.com,EFJKFODMJO
3017,Linda Smith,linda.smith.3017@example.com,wf23uyaWoy
3018,Ashley Sanchez,ashley.sanchez.3018@example.com,834KNWLO62
3019,Sarah White,sarah.white.3019@example.com,V5ydaRuS7x
3020,Ashley Robinson,ashley.robinson.3020@example.com,ZbTei0OBBQ
3021,Jessica Clark,jessica.clark.3021@example.com,6V4dLQypc6
3022,Mark Lewis,mark.lewis.3022@example.com,psGpqCVYEV
3023,Thomas Lopez,thomas.lopez.3023@example.com,Qnhl4R7qLE
3024,Mary Lopez,mary.lopez.3024@example.com,B1Rtap8V3V
3025,William Lewis,william.lewis.3025@example.com,XUKG8JaPV8
3026,David Harris,david.harris.3026@example.com,mqHqRZZ993
3027,Matthew Moore,matthew.moore.3027@example.com,xjzJenNakB
3028,Donald Harris,donald.harris.3028@example.com,myOpscX8r3
3029,Emily Anderson,emily.anderson.3029@example.com,Tze4llwnaG
3030,Daniel Hernandez,daniel.hernandez.3030@example.com,EJEeTzVAEx
3031,Susan Walker,susan.walker.3031@example.com,SBrNsIlxWk
3032,Daniel Harris,daniel.harris.3032@example.com,ngKEPwiMam
3033,Emily Robinson,emily.robinson.3033@example.com,Tz3EsJ1cbn
3034,James Garcia,james.garcia.3034@example.com,sm4N8TYYvY
3035,Andrew Martin,andrew.martin.3035@example.com,oGltcnhBmZ
3036,Kevin Moore,kevin.moore.3036@example.com,m3RcIw0rgQ
3037,Joseph Harris,joseph.harris.3037@example.com,0jJIlxjfD1
3038,Thomas Anderson,thomas.anderson.3038@example.com,xEfl96baZO
3039,Mary Walker,mary.walker.3039@example.com,QXbSp1GWnG
3040,Daniel Anderson,daniel.anderson.3040@example.com,4jzXzw4Drl
3041,Lisa Smith,lisa.smith.3041@example.com,EmMU6yq2SR
3042,Mark Johnson,mark.johnson.3042@example.com,j6fOzj5MG9
3043,William Moore,william.moore.3043@example.com,siteyOd8zY
3044,Joseph Anderson,joseph.anderson.3044@example.com,xYkcCfrCEJ
3045,Barbara Perez,barbara.perez.3045@example.com,vLaPVCemZy
3046,James Harris,james.harris.3046@example.com,eN4CZiF3Ie
3047,Emily Lopez,emily.lopez.3047@example.com,chFoiLKr8A
3048,Emily Miller,emily.miller.3048@example.com,ENBVRk0OpP
3049,Jessica Robinson,jessica.robinson.3049@example.com,5Tou2CrQn4
3050,William Harris,william.harris.3050@example.com,MNjrqyHAwn
3051,Donald Miller,donald.miller.3051@example.com,kWJlmchd9r
3052,Joseph Walker,joseph.walker.3052@example.com,1Hws1nYvdA
3053,Sandra Ramirez,sandra.ramirez.3053@example.com,c7p20eeITe
3054,Ashley Ramirez,ashley.ramirez.3054@example.com,2xX9V1CU0Z
3055,William Smith,william.smith.3055@example.com,UoNSvujbQZ
3056,Andrew Moore,andrew.moore.3056@example.com,wx2HWx3tib
3057,Betty Young,betty.young.3057@example.com,uCbQAtDwg8
3058,Lisa Jackson,lisa.jackson.3058@example.com,OJSY5IcUKD
3059,Sandra Sanchez,sandra.sanchez.3059@example.com,UpcwPyOTPm
3060,Michael Lee,michael.lee.3060@example.com,s3oltRziEF
3061,Matthew Harris,matthew.harris.3061@example.com,0GnqbG8uGu
3062,Linda Davis,linda.davis.3062@example.com,2bi3h9r1ui
3063,Donald Williams,donald.williams.3063@example.com,Eg5Pdr5BgO
3064,Steven Taylor,steven.taylor.3064@example.com,GZxdvYzxbn
3065,Jennifer Taylor,jennifer.taylor.3065@example.com,zGKMhZvhnF
3066,Betty Davis,betty.davis.3066@example.com,wG1FzieBEN
3067,David Anderson,david.anderson.3067@example.com,H1sUNclqGE
3068,Susan Williams,susan.williams.3068@example.com,5Wi0gExYBu
3069,Kimberly Rodriguez,kimberly.rodriguez.3069@example.com,JL0vrgwdmF
3070,Barbara Anderson,barbara.anderson.3070@example.com,rsPtZtd8bk
3071,Susan Williams,susan.williams.3071@example.com,rijqQ8SdSu
3072,Kimberly Martinez,kimberly.martinez.3072@example.com,SMDqrkCqkp
3073,Joseph Jackson,joseph.jackson.3073@example.com,8mpt9WslMD
3074,Margaret Anderson,margaret.anderson.3074@example.com,XSZvavISYH
3075,William Sanchez,william.sanchez.3075@example.com,OFz41OeNlA
3076,Robert Jackson,robert.jackson.3076@example.com,2aYOOXOzS7
3077,Barbara Johnson,barbara.johnson.3077@example.com,2ZNUmUvBO1
3078,Richard Taylor,richard.taylor.3078@example.com,WvpMHqGLTt
3079,Anthony Smith,anthony.smith.3079@example.com,LUUA1B1wYG
3080,Robert Martinez,robert.martinez.3080@example.com,HSATGSprUD
3081,Emily Moore,emily.moore.3081@example.com,YcOHZ1hohd
3082,Anthony Young,anthony.young.3082@example.com,ytFvzDDU8U
3083,Donald Smith,donald.smith.3083@example.com,Bk7eqxxaYB
3084,Paul Sanchez,paul.sanchez.3084@example.com,D1zTvaZmoq
3085,Margaret Davis,margaret.davis.3085@example.com,SGJAseyX4z
3086,Lisa Jackson,lisa.jackson.3086@example.com,BsEsexl4NL
3087,Richard Martin,richard.martin.3087@example.com,VQ6tU8Rw50
3088,Richard Thomas,richard.thomas.3088@example.com,u6XsvVdEWz
3089,Michael Moore,michael.moore.3089@example.com,I9BZJLsuew
3090,Paul Sanchez,paul.sanchez.3090@example.com,EUsq7bg2TA
3091,Michael Johnson,michael.johnson.3091@example.com,SSm2fl6okM
3092,Mark Harris,mark.harris.3092@example.com,QhZR184t8k
3093,Donald Gonzalez,donald.gonzalez.3093@example.com,CcHhh8ISaE
3094,Susan Hernandez,susan.hernandez.3094@example.com,7xINpulVRD
3095,Jessica White,jessica.white.3095@example.com,sswrzL6G89
3096,Susan Gonzalez,susan.gonzalez.3096@example.com,EyTAjuXTzE
3097,Robert Hernandez,robert.hernandez.3097@example.com,t65uv0Y607
3098,Charles Lewis,charles.lewis.3098@example.com,JoRiKJUT2g
3099,Margaret Gonzalez,margaret.gonzalez.3099@example.com,QkmMcLrxuV
3100,Donald Martinez,donald.martinez.3100@example.com,xt50HFY6wN
3101,Donna Clark,donna.clark.3101@example.com,vXkmL34V6C
3102,Betty Smith,betty.smith.3102@example.com,LVgPmyYOej
3103,Linda Jackson,linda.jackson.3103@example.com,oPjo72rPBl
3104,James Williams,james.williams.3104@example.com,vHswEYNXxr
3105,Donald Garcia,donald.garcia.3105@example.com,b89bEWBcov
3106,Barbara Clark,barbara.clark.3106@example.com,Av7qcIzneo
3107,Joseph Jones,joseph.jones.3107@example.com,FLo1w4i05z
3108,John Hernandez,john.hernandez.3108@example.com,CdPN4y9Jaq
3109,William Miller,william.miller.3109@example.com,uXR2oOy1zg
3110,John Ramirez,john.ramirez.3110@example.com,NAWPJfSDGy
3111,Kevin Lewis,kevin.lewis.3111@example.com,IsbBSjPlrT
3112,Jessica Martin,jessica.martin.3112@example.com,kEOn3Fzmeo
3113,Nancy Clark,nancy.clark.3113@example.com,xsrYDmpwjP
3114,Margaret Martinez,margaret.martinez.3114@example.com,maedCR4LBb
3115,Michael Harris,michael.harris.3115@example.com,tMJ9iRfEm1
3116,Joseph Sanchez,joseph.sanchez.3116@example.com,Lh55FpaIxe
3117,Karen Jones,karen.jones.3117@example.com,N65YOe3mhi
3118,Kevin Jones,kevin.jones.3118@example.com,jcbtJc9Qjt
3119,Kimberly Martin,kimberly.martin.3119@example.com,vQpvnsFp9o
3120,Lisa Young,lisa.young.3120@example.com,G5ua7df5cP
3121,Matthew Miller,matthew.miller.3121@example.com,5Z234PSuSd
3122,Charles Moore,charles.moore.3122@example.com,z6W0Z8RDBs
3123,Robert Davis,robert.davis.3123@example.com,9uN9kU7ZiZ
3124,Kimberly Moore,kimberly.moore.3124@example.com,OIUvGqOGYa
3125,Betty Miller,betty.miller.3125@example.com,JuErbhdlWu
3126,Michael Wilson,michael.wilson.3126@example.com,5H6VGfnzkA
3127,Thomas Lewis,thomas.lewis.3127@example.com,dZBO3IUdpI
3128,Linda Robinson,linda.robinson.3128@example.com,MFZKPkZnQh
3129,James Johnson,james.johnson.3129@example.com,xHTloBtL2s
3130,Daniel Moore,daniel.moore.3130@example.com,SFHSo7YNiO
3131,Betty Jackson,betty.jackson.3131@example.com,WYfHc5oIaG
3132,Sarah Moore,sarah.moore.3132@example.com,yOOr1X9rWo
3133,Margaret Moore,margaret.moore.3133@example.com,5jYxDMTdS4
3134,Kevin Martin,kevin.martin.3134@example.com,30OZuezCDc
3135,Lisa Miller,lisa.miller.3135@example.com,Dd00rmNhCc
3136,Joseph Garcia,joseph.garcia.3136@example.com,6VZkCjOatY
3137,Richard White,richard.white.3137@example.com,FRrjvRaeVC
3138,Anthony Rodriguez,anthony.rodriguez.3138@example.com,Mipo5QqAl0
3139,Donna Young,donna.young.3139@example.com,9aiesebzZA
3140,Kimberly Walker,kimberly.walker.3140@example.com,xZSJ1EmzSr
3141,Thomas Johnson,thomas.johnson.3141@example.com,2c8J44L5K1
3142,Andrew Brown,andrew.brown.3142@example.com,43zOxqCWvk
3143,Daniel Rodriguez,daniel.rodriguez.3143@example.com,2VOdlQPgO5
3144,Lisa Garcia,lisa.garcia.3144@example.com,07rp1Me635
3145,Mary Miller,mary.miller.3145@example.com,2zWc3g38vU
3146,Patricia White,patricia.white.3146@example.com,Yj6S2Ho0cv
3147,Richard Miller,richard.miller.3147@example.com,8gI94zKVJ5
3148,Sarah Gonzalez,sarah.gonzalez.3148@example.com,ORgbdWdTQe
3149,John Thomas,john.thomas.3149@example.com,OT3tnLqgCF
3150,Emily Jones,emily.jones.3150@example.com,8MwPsbnjOT
3151,Paul Rodriguez,paul.rodriguez.3151@example.com,tq4ddo2B3S
3152,Kevin Robinson,kevin.robinson.3152@example.com,1tcylcdtLg
3153,Mark Williams,mark.williams.3153@example.com,RTOihnbCaQ
3154,Elizabeth Taylor,elizabeth.taylor.3154@example.com,hjml8i3tKH
3155,Betty Walker,betty.walker.3155@example.com,7XGRNPpyS4
3156,James Brown,james.brown.3156@example.com,J07W6uFwVv
3157,William Taylor,william.taylor.3157@example.com,9OKtiVwUtp
3158,Kimberly Thomas,kimberly.thomas.3158@example.com,56msNaerSu
3159,Kimberly Anderson,kimberly.anderson.3159@example.com,WwyX4nb6AR
3160,Susan Smith,susan.smith.3160@example.com,d48726AsUV
3161,Steven Jones,steven.jones.3161@example.com,a73rvfI6pQ
3162,Michael Hernandez,michael.hernandez.3162@example.com,BmKn2bBqFJ
3163,Sarah Martin,sarah.martin.3163@example.com,JDG3hIyWWO
3164,Elizabeth Anderson,elizabeth.anderson.3164@example.com,JhIQedAQNn
3165,Betty Jackson,betty.jackson.3165@example.com,KxEMrv3Jy3
3166,Donald Thompson,donald.thompson.3166@example.com,Swmh4HvF6u
3167,Kimberly Lopez,kimberly.lopez.3167@example.com,iNiNw6vRDl
3168,Sandra Williams,sandra.williams.3168@example.com,PBYpbNNh7c
3169,David Clark,david.clark.3169@example.com,t4l2bu54lc
3170,Matthew Martinez,matthew.martinez.3170@example.com,0a3Qlyv0q9
3171,Kimberly Thomas,kimberly.thomas.3171@example.com,dePyExL4lq
3172,Kimberly Taylor,kimberly.taylor.3172@example.com,U6hG9bhTYX
3173,Steven Sanchez,steven.sanchez.3173@example.com,M9lMspVs6t
3174,Lisa Miller,lisa.miller.3174@example.com,XUl5i08aPS
3175,Michelle Gonzalez,michelle.gonzalez.3175@example.com,fpe2rS5ePP
3176,Jessica Miller,jessica.miller.3176@example.com,AMD5zl68po
3177,Michelle Ramirez,michelle.ramirez.3177@example.com,jUaTrATzAr
3178,Nancy Perez,nancy.perez.3178@example.com,7HSv1VSDKx
3179,Kimberly Lewis,kimberly.lewis.3179@example.com,XBZLGTr63P
3180,William Rodriguez,william.rodriguez.3180@example.com,WR3gk6FSc9
3181,Susan Thompson,susan.thompson.3181@example.com,SUwAmtKx51
3182,James Lee,james.lee.3182@example.com,bPCDk6bduZ
3183,Kimberly Rodriguez,kimberly.rodriguez.3183@example.com,AyS6USICS5
3184,Elizabeth Williams,elizabeth.williams.3184@example.com,A5fJ806yu3
3185,John Robinson,john.robinson.3185@example.com,hbt04SQmjH
3186,Thomas Clark,thomas.clark.3186@example.com,iN0LLHW8rk
3187,Mary Ramirez,mary.ramirez.3187@example.com,XKZXnc2lyO
3188,John Smith,john.smith.3188@example.com,05944ujkyC
3189,Joseph Walker,joseph.walker.3189@example.com,3UxEQCR9mF
3190,Emily Taylor,emily.taylor.3190@example.com,J0xJpuz5Id
3191,Nancy Lee,nancy.lee.3191@example.com,9psX71DpDx
3192,Sandra Jones,sandra.jones.3192@example.com,2sRzTiopQh
3193,Mary Martinez,mary.martinez.3193@example.com,mVPowcuUba
3194,Robert Lewis,robert.lewis.3194@example.com,H9Oxe3wtj2
3195,Elizabeth Jones,elizabeth.jones.3195@example.com,BXlsGz18AW
3196,Karen Hernandez,karen.hernandez.3196@example.com,QegUZoZhJV
3197,Margaret Young,margaret.young.3197@example.com,Ey4ZOQHoKC
3198,Karen Martin,karen.martin.3198@example.com,A2F4nzLbjG
3199,Andrew Gonzalez,andrew.gonzalez.3199@example.com,SjeIMAwC8N
3200,William Gonzalez,william.gonzalez.3200@example.com,QXIl2TT3G2
3201,Matthew Taylor,matthew.taylor.3201@example.com,IQ4ALiBuKA
3202,Linda Robinson,linda.robinson.3202@example.com,NBavJkaFKy
3203,Robert Robinson,robert.robinson.3203@example.com,yVdZSCpOTh
3204,Sarah Johnson,sarah.johnson.3204@example.com,0BjisV34jY
3205,Sandra Smith,sandra.smith.3205@example.com,Qp4AoaQZi4
3206,Andrew Hernandez,andrew.hernandez.3206@example.com,Q2mCZrhYw1
3207,Kevin Jackson,kevin.jackson.3207@example.com,VANIeie5k8
3208,Donna Jones,donna.jones.3208@example.com,LQF0HqElft
3209,Betty Robinson,betty.robinson.3209@example.com,MTidkB8wCc
3210,Jennifer Perez,jennifer.perez.3210@example.com,rgBjZRSxGS
3211,Donald Johnson,donald.johnson.3211@example.com,jza9RvYoiU
3212,Margaret Sanchez,margaret.sanchez.3212@example.com,tvbQzzifh5
3213,Barbara Davis,barbara.davis.3213@example.com,2ZJOAM67Tv
3214,Lisa Hernandez,lisa.hernandez.3214@example.com,kWnuXvnIO7
3215,Robert Perez,robert.perez.3215@example.com,fO4qIzaYua
3216,Joshua Martin,joshua.martin.3216@example.com,I05RvMvRNT
3217,Linda Gonzalez,linda.gonzalez.3217@example.com,vQwC3NesgI
3218,Emily Davis,emily.davis.3218@example.com,uWwoYMReVq
3219,Paul Robinson,paul.robinson.3219@example.com,FDRFF1LGdf
3220,Kimberly Lee,kimberly.lee.3220@example.com,vcrGlMJcFL
3221,Daniel Davis,daniel.davis.3221@example.com,AUtBXPzfYJ
3222,Kimberly Martinez,kimberly.martinez.3222@example.com,S2czGqNu3W
3223,Elizabeth Lewis,elizabeth.lewis.3223@example.com,RVZq5hKG4j
3224,Joshua Lopez,joshua.lopez.3224@example.com,F7GXrhIZPB
3225,Betty Sanchez,betty.sanchez.3225@example.com,CPKmIaPKHP
3226,Susan Garcia,susan.garcia.3226@example.com,hpyS469aLq
3227,Thomas Young,thomas.young.3227@example.com,6qUGnKYkex
3228,Mark Harris,mark.harris.3228@example.com,3EYIzQDxqH
3229,Susan Jackson,susan.jackson.3229@example.com,X6uV0aUx8v
3230,Margaret Perez,margaret.perez.3230@example.com,yMfGnGpZzj
3231,Linda Johnson,linda.johnson.3231@example.com,eocCTnEaV5
3232,Mark Young,mark.young.3232@example.com,KIxvg0I0in
3233,Karen Taylor,karen.taylor.3233@example.com,vkMsrwTfal
3234,Patricia Garcia,patricia.garcia.3234@example.com,7W6wCerP7K
3235,Betty Gonzalez,betty.gonzalez.3235@example.com,L3vDFuwZH8
3236,Mary Jones,mary.jones.3236@example.com,Cra8TVnz3F
3237,Michelle Taylor,michelle.taylor.3237@example.com,MeOSbVj8CW
3238,Donald Hernandez,donald.hernandez.3238@example.com,K10TbTIKdX
3239,Joshua Walker,joshua.walker.3239@example.com,Cq642vF3sK
3240,James Lewis,james.lewis.3240@example.com,Cmuj1TgLny
3241,Michelle Rodriguez,michelle.rodriguez.3241@example.com,iohb3Mml6c
3242,William Martin,william.martin.3242@example.com,5jLM8h50B8
3243,Richard Davis,richard.davis.3243@example.com,bNsjJQxmbH
3244,Sandra Young,sandra.young.3244@example.com,PrEmk2XCBj
3245,David Clark,david.clark.3245@example.com,J4l7SEfKEA
3246,Michelle Clark,michelle.clark.3246@example.com,3ZiD2lqr77
3247,Linda Hernandez,linda.hernandez.3247@example.com,nsXrd9836n
3248,Steven Clark,steven.clark.3248@example.com,0Ikp1tZq7J
3249,Thomas Davis,thomas.davis.3249@example.com,sfkLArTcc4
3250,Susan Brown,susan.brown.3250@example.com,PS1mpsE6sK
3251,Andrew Gonzalez,andrew.gonzalez.3251@example.com,OCe7JUywKJ
3252,Charles Taylor,charles.taylor.3252@example.com,7GuOPQWVWa
3253,David Anderson,david.anderson.3253@example.com,JIka975EsZ
3254,Kevin Williams,kevin.williams.3254@example.com,cAblMFLi0o
3255,Karen White,karen.white.3255@example.com,Ik20ZNNDsw
3256,Donald Williams,donald.williams.3256@example.com,IWQdzeaSjB
3257,Lisa Wilson,lisa.wilson.3257@example.com,UOyfBE87ec
3258,David Gonzalez,david.gonzalez.3258@example.com,Ea7BuF4rNI
3259,Lisa Clark,lisa.clark.3259@example.com,eX2vbbObO6
3260,Sarah Jones,sarah.jones.3260@example.com,AilSHMAkBb
3261,Barbara Jones,barbara.jones.3261@example.com,coJxXWIRof
3262,Michelle Lewis,michelle.lewis.3262@example.com,WWySxZL6iu
3263,Linda Gonzalez,linda.gonzalez.3263@example.com,ptDi4PeaW6
3264,Michelle Lee,michelle.lee.3264@example.com,lAUPAeKX0B
3265,Michael Davis,michael.davis.3265@example.com,4grkFo6LZ5
3266,Emily Lee,emily.lee.3266@example.com,Mc6Nwe5o3U
3267,Thomas Garcia,thomas.garcia.3267@example.com,6G38MWLjIT
3268,Kimberly Rodriguez,kimberly.rodriguez.3268@example.com,1Rax5asN0M
3269,Robert Wilson,robert.wilson.3269@example.com,KXG5s2q6np
3270,James Clark,james.clark.3270@example.com,bJvr0mEucB
3271,David Jackson,david.jackson.3271@example.com,V2G1imtzE2
3272,Donna Davis,donna.davis.3272@example.com,FGYFI3rTbU
3273,Kevin Jones,kevin.jones.3273@example.com,wONfjYZ2HJ
3274,Matthew Martinez,matthew.martinez.3274@example.com,JM2Q3qYOqp
3275,Steven Lee,steven.lee.3275@example.com,UxtX0NcTWy
3276,Lisa Lopez,lisa.lopez.3276@example.com,jNDNkVFH3G
3277,Joshua Thomas,joshua.thomas.3277@example.com,nFuQmtoPHS
3278,William White,william.white.3278@example.com,6JFo6Yr7yu
3279,Barbara Williams,barbara.williams.3279@example.com,eh5vQl9y2p
3280,Mary Miller,mary.miller.3280@example.com,u4zPyBXzOe
3281,Donna Thomas,donna.thomas.3281@example.com,MAvhwMiOzI
3282,Michael Jackson,michael.jackson.3282@example.com,utx3mHaafJ
3283,Robert Lewis,robert.lewis.3283@example.com,sUTn9vUrqw
3284,Sandra Brown,sandra.brown.3284@example.com,AokzSFloot
3285,John Miller,john.miller.3285@example.com,lxN41GUl2o
3286,William Lee,william.lee.3286@example.com,TGsbwinIYu
3287,Robert Gonzalez,robert.gonzalez.3287@example.com,t8U72fSLeL
3288,Kimberly Sanchez,kimberly.sanchez.3288@example.com,Q5soyMkW5u
3289,Joshua Jackson,joshua.jackson.3289@example.com,kEm7z68gp7
3290,Ashley Sanchez,ashley.sanchez.3290@example.com,5y81iaSu7A
3291,Donna Clark,donna.clark.3291@example.com,HL7S5s9DCO
3292,Joseph Jackson,joseph.jackson.3292@example.com,5PUxZLfh3h
3293,Emily Walker,emily.walker.3293@example.com,In3wng02Tl
3294,James Hernandez,james.hernandez.3294@example.com,e13HpieCIo
3295,Barbara Lee,barbara.lee.3295@example.com,u6fyZDiuFN
3296,Susan Jackson,susan.jackson.3296@example.com,FC3GMqgOlZ
3297,Thomas Jackson,thomas.jackson.3297@example.com,RGQLTB0QTh
3298,Sarah Taylor,sarah.taylor.3298@example.com,8d7F4Xlj1e
3299,Emily Young,emily.young.3299@example.com,71WSpdiIxb
3300,James Garcia,james.garcia.3300@example.com,PgpuYQvBlM
3301,Ashley Jackson,ashley.jackson.3301@example.com,6EwHXbY0bD
3302,Joseph Smith,joseph.smith.3302@example.com,58UNZscLp8
3303,Lisa Moore,lisa.moore.3303@example.com,mJbMPpgLv0
3304,Elizabeth Moore,elizabeth.moore.3304@example.com,QWYjaORyxv
3305,Joseph Miller,joseph.miller.3305@example.com,QTWfZzT2rb
3306,David Perez,david.perez.3306@example.com,HUtcwq5gU2
3307,Patricia Brown,patricia.brown.3307@example.com,DP5QbruKgV
3308,Richard Wilson,richard.wilson.3308@example.com,QBqyOdOG8E
3309,Matthew Clark,matthew.clark.3309@example.com,KkdaL3OGUw
3310,Richard Johnson,richard.johnson.3310@example.com,t9F1QZrkCE
3311,Andrew Young,andrew.young.3311@example.com,V3HBJXcucA
3312,Betty Lewis,betty.lewis.3312@example.com,hJqWAz12SE
3313,James Anderson,james.anderson.3313@example.com,MKbtD7iFeZ
3314,Donald Brown,donald.brown.3314@example.com,eVS77KErA6
3315,Kevin Rodriguez,kevin.rodriguez.3315@example.com,AYZlVeS4tj
3316,Mark Ramirez,mark.ramirez.3316@example.com,gzU9VXRznp
3317,David Young,david.young.3317@example.com,i0dqAPbB8C
3318,Jessica Harris,jessica.harris.3318@example.com,A0V0OPryuP
3319,Andrew Rodriguez,andrew.rodriguez.3319@example.com,Wvn8PSRqym
3320,Mary Garcia,mary.garcia.3320@example.com,GjUCDoBKje
3321,Barbara Miller,barbara.miller.3321@example.com,dqd11x2swI
3322,Matthew Gonzalez,matthew.gonzalez.3322@example.com,9rDv5Tdkjh
3323,Sandra Thomas,sandra.thomas.3323@example.com,qfMYk9nK9x
3324,Susan Thomas,susan.thomas.3324@example.com,0CjEuniVe6
3325,James Wilson,james.wilson.3325@example.com,Z9h3yej1Fi
3326,Daniel Miller,daniel.miller.3326@example.com,gfdnod4n9I
3327,Richard Clark,richard.clark.3327@example.com,PC8CLLWs5P
3328,Joseph Brown,joseph.brown.3328@example.com,IvmVYGuoYz
3329,Mary Anderson,mary.anderson.3329@example.com,fN5Fl7eKUv
3330,Emily Brown,emily.brown.3330@example.com,udkl0fbMpJ
3331,Ashley Gonzalez,ashley.gonzalez.3331@example.com,UwK5ZicPbg
3332,Joshua Thomas,joshua.thomas.3332@example.com,4IhBDjb1fb
3333,Robert Rodriguez,robert.rodriguez.3333@example.com,cht8AsrKHo
3334,Donna Johnson,donna.johnson.3334@example.com,0olkvm2X0j
3335,Charles Young,charles.young.3335@example.com,3nvahucD1d
3336,Steven Davis,steven.davis.3336@example.com,m5krRNzx5N
3337,William Williams,william.williams.3337@example.com,Tfvqt3Q3Hl
3338,Thomas Smith,thomas.smith.3338@example.com,3ji4hWzOBp
3339,Karen Sanchez,karen.sanchez.3339@example.com,AwBDACYcHv
3340,James Anderson,james.anderson.3340@example.com,DFA3xwlsEB
3341,Michelle Young,michelle.young.3341@example.com,eoCgTx8DQn
3342,James Davis,james.davis.3342@example.com,Q932kYGd4Q
3343,Joshua Jackson,joshua.jackson.3343@example.com,NNMlYA0bbF
3344,Sandra Thomas,sandra.thomas.3344@example.com,9hyZjCXNWB
3345,Lisa Martin,lisa.martin.3345@example.com,fnOreU468X
3346,Robert Rodriguez,robert.rodriguez.3346@example.com,ZjJndswZp8
3347,Nancy Martinez,nancy.martinez.3347@example.com,fTTSoTDuX5
3348,Betty Harris,betty.harris.3348@example.com,9TxcdKVDTg
3349,Sarah White,sarah.white.3349@example.com,LWmAFVr37W
3350,Donald Rodriguez,donald.rodriguez.3350@example.com,tPniAOgowN
3351,Ashley Martinez,ashley.martinez.3351@example.com,GSor18EIfk
3352,Patricia Jackson,patricia.jackson.3352@example.com,QJkm4hTFMm
3353,Linda Young,linda.young.3353@example.com,7A9LjEMkZU
3354,Ashley Davis,ashley.davis.3354@example.com,BiyDjZOUSK
3355,Andrew Harris,andrew.harris.3355@example.com,5AM8Zk7yEY
3356,Ashley Miller,ashley.miller.3356@example.com,5eaNstwRYJ
3357,William Hernandez,william.hernandez.3357@example.com,S4cunmKE4d
3358,Margaret Jones,margaret.jones.3358@example.com,zn6T6xybuN
3359,Lisa Taylor,lisa.taylor.3359@example.com,u6kRBqPvTq
3360,Jennifer Lee,jennifer.lee.3360@example.com,Bx6riADktB
3361,Kevin Brown,kevin.brown.3361@example.com,ZtNTKPpRUQ
3362,Donald Lee,donald.lee.3362@example.com,v4HKOGXVqN
3363,Steven Martin,steven.martin.3363@example.com,slU8nfurH7
3364,Barbara Anderson,barbara.anderson.3364@example.com,CIxQwErzO2
3365,James Taylor,james.taylor.3365@example.com,VA2qhobitJ
3366,William Martinez,william.martinez.3366@example.com,z4sZUZQwxO
3367,Anthony Sanchez,anthony.sanchez.3367@example.com,qhKQLvwDJs
3368,David Sanchez,david.sanchez.3368@example.com,Syjx25Woaj
3369,Matthew Anderson,matthew.anderson.3369@example.com,4euh1ulHSy
3370,Donald Gonzalez,donald.gonzalez.3370@example.com,u7v9fvbs8D
3371,Kimberly Wilson,kimberly.wilson.3371@example.com,f3nT1WQFvu
3372,James Miller,james.miller.3372@example.com,MAYEJ63CHw
3373,David Jones,david.jones.3373@example.com,77bYBun2Cx
3374,Charles Smith,charles.smith.3374@example.com,A0MfYc0AWo
3375,Emily Lewis,emily.lewis.3375@example.com,RQCLubMYkL
3376,Anthony Moore,anthony.moore.3376@example.com,1UH1dJCL2u
3377,Lisa Young,lisa.young.3377@example.com,EAlnz8KB2r
3378,Linda Ramirez,linda.ramirez.3378@example.com,pIGI2BjSpd
3379,Sarah Perez,sarah.perez.3379@example.com,pqOY1HGW9J
3380,Mary Young,mary.young.3380@example.com,c1LUKX3zXU
3381,Margaret Harris,margaret.harris.3381@example.com,Q0vc9dzcGu
3382,Barbara Rodriguez,barbara.rodriguez.3382@example.com,3KFj2VGpwc
3383,Michael Gonzalez,michael.gonzalez.3383@example.com,IYD00ZtL4j
3384,Anthony Thompson,anthony.thompson.3384@example.com,d8Cd2RjFae
3385,Joshua Clark,joshua.clark.3385@example.com,HJPtfJUzVm
3386,James Clark,james.clark.3386@example.com,4JtdixJr5E
3387,Paul Jackson,paul.jackson.3387@example.com,k8yxAEWT3E
3388,Betty Perez,betty.perez.3388@example.com,aN5aRXYGsF
3389,Ashley Miller,ashley.miller.3389@example.com,VqqrsaEBB2
3390,William Miller,william.miller.3390@example.com,ASBiYuw3or
3391,Kimberly Wilson,kimberly.wilson.3391@example.com,t0vMexarr6
3392,Donald Martinez,donald.martinez.3392@example.com,jbcMJny5xE
3393,Sarah Thompson,sarah.thompson.3393@example.com,lVYNHoLAPV
3394,Sandra Smith,sandra.smith.3394@example.com,pfZ51lUmSe
3395,Jennifer Wilson,jennifer.wilson.3395@example.com,rtyVGAuxZK
3396,Sandra Jones,sandra.jones.3396@example.com,k0r8MpbnkV
3397,Sarah Garcia,sarah.garcia.3397@example.com,XzYnhhnBdm
3398,Nancy Young,nancy.young.3398@example.com,pPKVwGBIFI
3399,Donna Clark,donna.clark.3399@example.com,PRdE3t0fSi
3400,Anthony Lee,anthony.lee.3400@example.com,fXmwRQhCDg
3401,Kevin Perez,kevin.perez.3401@example.com,Do30goo0Ym
3402,Matthew Gonzalez,matthew.gonzalez.3402@example.com,OB7z5WpFPk
3403,Mary Thompson,mary.thompson.3403@example.com,whRJZIV3ZK
3404,Joseph Hernandez,joseph.hernandez.3404@example.com,KGz0ILUb0V
3405,Elizabeth Moore,elizabeth.moore.3405@example.com,zdbXQMFuSf
3406,Ashley Wilson,ashley.wilson.3406@example.com,n8Up20winH
3407,Mary Smith,mary.smith.3407@example.com,yVF0XJhMMN
3408,William Wilson,william.wilson.3408@example.com,IynS5jR33z
3409,Joshua Walker,joshua.walker.3409@example.com,GQve90FmwZ
3410,Michael Hernandez,michael.hernandez.3410@example.com,Avy1OvjEGL
3411,David Taylor,david.taylor.3411@example.com,DK46vFSjtd
3412,Jessica Ramirez,jessica.ramirez.3412@example.com,qLNCWxC0eK
3413,Matthew Jackson,matthew.jackson.3413@example.com,T3IDl09QxN
3414,Emily Rodriguez,emily.rodriguez.3414@example.com,LXPqlqv6Sw
3415,Matthew Thomas,matthew.thomas.3415@example.com,0lwQenIIeN
3416,Michelle Hernandez,michelle.hernandez.3416@example.com,tez1V6pQWA
3417,Joshua Sanchez,joshua.sanchez.3417@example.com,ZBwisoEMrg
3418,John White,john.white.3418@example.com,jEejCCuvhY
3419,Jennifer Sanchez,jennifer.sanchez.3419@example.com,LDwUcBqhxo
3420,Margaret Rodriguez,margaret.rodriguez.3420@example.com,QFvVbOK0nW
3421,Matthew Sanchez,matthew.sanchez.3421@example.com,2x0jw4tax5
3422,Michael Anderson,michael.anderson.3422@example.com,eLEwVklIzi
3423,Jennifer Jones,jennifer.jones.3423@example.com,c9beTr84TS
3424,Lisa Sanchez,lisa.sanchez.3424@example.com,IwH3ENtvGE
3425,Karen Brown,karen.brown.3425@example.com,OSBtAto2y1
3426,Betty Sanchez,betty.sanchez.3426@example.com,XS72I9Iytf
3427,Andrew Thompson,andrew.thompson.3427@example.com,XT7RBdAtj8
3428,David Martin,david.martin.3428@example.com,no6Etza1su
3429,Donald Ramirez,donald.ramirez.3429@example.com,CZfLVpimAR
3430,Andrew Anderson,andrew.anderson.3430@example.com,XDkVhNC3Ng
3431,Mark Lewis,mark.lewis.3431@example.com,KGMjKjNyTr
3432,Betty Anderson,betty.anderson.3432@example.com,p1J3nBAo40
3433,Matthew Walker,matthew.walker.3433@example.com,KJhKZHAAS0
3434,Sandra Robinson,sandra.robinson.3434@example.com,M5giBOgMB8
3435,John Lee,john.lee.3435@example.com,C6mNBfMmhv
3436,Michael Thomas,michael.thomas.3436@example.com,QvrtimNU1b
3437,Joshua Hernandez,joshua.hernandez.3437@example.com,ir2aacH4Z1
3438,Mary Gonzalez,mary.gonzalez.3438@example.com,mqpFoFMi7E
3439,Jennifer Miller,jennifer.miller.3439@example.com,DobirEkoDI
3440,Robert Moore,robert.moore.3440@example.com,2LEgafrjj8
3441,James Davis,james.davis.3441@example.com,YL9jj0UGpe
3442,Sarah Garcia,sarah.garcia.3442@example.com,0YpfGkXSuw
3443,Susan Gonzalez,susan.gonzalez.3443@example.com,xehpJ5ucdA
3444,David Walker,david.walker.3444@example.com,62HcIB9ZOg
3445,Mary Sanchez,mary.sanchez.3445@example.com,BIME5KqLwt
3446,Donald Young,donald.young.3446@example.com,IRGVD9D9FG
3447,Donald Garcia,donald.garcia.3447@example.com,gHKGSb7OYT
3448,Mark White,mark.white.3448@example.com,M2M4YgCN6b
3449,Sarah Martin,sarah.martin.3449@example.com,2u7UdnECiQ
3450,Margaret Lewis,margaret.lewis.3450@example.com,CWCZnRPdzW
3451,Anthony Taylor,anthony.taylor.3451@example.com,XZeFngfgsH
3452,Daniel Anderson,daniel.anderson.3452@example.com,NEIL2TWzqW
3453,Patricia Rodriguez,patricia.rodriguez.3453@example.com,mQFx3pyBGN
3454,Karen Miller,karen.miller.3454@example.com,tfcNfFnYl0
3455,Emily Smith,emily.smith.3455@example.com,dxFcA3xkgr
3456,Daniel Gonzalez,daniel.gonzalez.3456@example.com,TzL5dRHf3O
3457,Barbara Ramirez,barbara.ramirez.3457@example.com,glojcAY8N6
3458,Robert Sanchez,robert.sanchez.3458@example.com,K9jwR5Psc6
3459,Mark Wilson,mark.wilson.3459@example.com,z7jRsS6R5Z
3460,Richard Lee,richard.lee.3460@example.com,NsL6rbnf0m
3461,Daniel Perez,daniel.perez.3461@example.com,QG6zK9cmFF
3462,Joseph Walker,joseph.walker.3462@example.com,1BwzMD00qJ
3463,Joseph Sanchez,joseph.sanchez.3463@example.com,vOYCrN7lj2
3464,Joseph Young,joseph.young.3464@example.com,pOFogJDbT5
3465,Mary Ramirez,mary.ramirez.3465@example.com,l3CBayZLV8
3466,Thomas Thompson,thomas.thompson.3466@example.com,uWL6apxWOs
3467,Richard Lee,richard.lee.3467@example.com,vV8yyk0aDJ
3468,Donna White,donna.white.3468@example.com,NaThutpfoB
3469,Andrew Ramirez,andrew.ramirez.3469@example.com,z3ALBoP1jc
3470,Donna Smith,donna.smith.3470@example.com,paA5H4cFZ9
3471,Susan Martin,susan.martin.3471@example.com,xRh8DWADND
3472,Nancy Johnson,nancy.johnson.3472@example.com,9pFK7lYscR
3473,Andrew Thompson,andrew.thompson.3473@example.com,LXcEeuZxs1
3474,Jessica Hernandez,jessica.hernandez.3474@example.com,KMvT6YTs1R
3475,Michael Anderson,michael.anderson.3475@example.com,BFmSj3xshs
3476,Michael Ramirez,michael.ramirez.3476@example.com,JVYzQc1df3
3477,Steven White,steven.white.3477@example.com,qrgS53LnOq
3478,Emily Lee,emily.lee.3478@example.com,XNjLIKZrhF
3479,Steven Wilson,steven.wilson.3479@example.com,lI7vbHNta0
3480,Michael Jackson,michael.jackson.3480@example.com,xdSo956LoF
3481,Joseph Davis,joseph.davis.3481@example.com,55hjAuDpjK
3482,Andrew Jackson,andrew.jackson.3482@example.com,2QYX32krqS
3483,Mary Jackson,mary.jackson.3483@example.com,O2Gxr7BWeL
3484,Matthew Moore,matthew.moore.3484@example.com,MCnRIQ2vfO
3485,Patricia Hernandez,patricia.hernandez.3485@example.com,xkOOMtqOFl
3486,Andrew Ramirez,andrew.ramirez.3486@example.com,rJALABNB0W
3487,Joshua Thompson,joshua.thompson.3487@example.com,UFYjtUFjA0
3488,Jessica Robinson,jessica.robinson.3488@example.com,uaKWfSkRzm
3489,Kevin Miller,kevin.miller.3489@example.com,nmw6QSuuRZ
3490,Ashley Anderson,ashley.anderson.3490@example.com,aZldB64RJI
3491,Mary Gonzalez,mary.gonzalez.3491@example.com,A4c8uV3nnq
3492,Andrew Thomas,andrew.thomas.3492@example.com,ou63pD9frY
3493,David Brown,david.brown.3493@example.com,OYxdpMUy8S
3494,Charles Young,charles.young.3494@example.com,Z0kH69Pzfu
3495,John Robinson,john.robinson.3495@example.com,GW9Hhq6dBB
3496,Joseph Walker,joseph.walker.3496@example.com,jzzEeQpkB0
3497,Thomas Lewis,thomas.lewis.3497@example.com,aRWDJEzKSN
3498,Nancy Martinez,nancy.martinez.3498@example.com,ytKAdhzIy1
3499,Matthew Rodriguez,matthew.rodriguez.3499@example.com,zlIHDsPh2s
3500,Joseph Jackson,joseph.jackson.3500@example.com,oKHX8mQZCF
3501,Emily Anderson,emily.anderson.3501@example.com,7YJ8U632ll
3502,Margaret Lewis,margaret.lewis.3502@example.com,9e9Z0W0PiP
3503,William Martin,william.martin.3503@example.com,MV1EyrgIMU
3504,Jessica Wilson,jessica.wilson.3504@example.com,sdyEtovVkP
3505,Richard Rodriguez,richard.rodriguez.3505@example.com,NiDdBGTEum
3506,Daniel Clark,daniel.clark.3506@example.com,K7amoUIESm
3507,Thomas Anderson,thomas.anderson.3507@example.com,RSuK31SM9o
3508,Anthony Perez,anthony.perez.3508@example.com,5xexVQ4sIw
3509,Sandra Young,sandra.young.3509@example.com,yrCdNO6jqY
3510,Charles Lewis,charles.lewis.3510@example.com,pV6BTt27pO
3511,Kimberly Lopez,kimberly.lopez.3511@example.com,YdbFWjTFZE
3512,Nancy Rodriguez,nancy.rodriguez.3512@example.com,6udG7Aj7EB
3513,Patricia Thomas,patricia.thomas.3513@example.com,stJ4MloJ5N
3514,Ashley Thomas,ashley.thomas.3514@example.com,Vh6yoYs81h
3515,James Jackson,james.jackson.3515@example.com,lio3HnXbjz
3516,William Martinez,william.martinez.3516@example.com,N2A7hqLI02
3517,Joshua Taylor,joshua.taylor.3517@example.com,ioIpcB0oqG
3518,Linda Davis,linda.davis.3518@example.com,Y5JAPw3LpR
3519,Karen Lopez,karen.lopez.3519@example.com,j2gzSi0pyd
3520,Anthony Miller,anthony.miller.3520@example.com,F14pGHsOvW
3521,Sarah Lopez,sarah.lopez.3521@example.com,2UVysS92KC
3522,Elizabeth Taylor,elizabeth.taylor.3522@example.com,TyqNRHrANO
3523,Jennifer Smith,jennifer.smith.3523@example.com,DTooVDmP0t
3524,Joshua White,joshua.white.3524@example.com,alWmR6ok4z
3525,Elizabeth Miller,elizabeth.miller.3525@example.com,polBMZNg4J
3526,Kimberly Lopez,kimberly.lopez.3526@example.com,Rk1lTrfDuL
3527,Steven Hernandez,steven.hernandez.3527@example.com,PzmoJsdCnN
3528,Mark Robinson,mark.robinson.3528@example.com,WFHMXWXw89
3529,Richard Harris,richard.harris.3529@example.com,xThTArBmOV
3530,Nancy Hernandez,nancy.hernandez.3530@example.com,0LxN5oVlVO
3531,Elizabeth Jones,elizabeth.jones.3531@example.com,3aqwUDgTCL
3532,Betty Perez,betty.perez.3532@example.com,tMlL8HWrFI
3533,Steven Robinson,steven.robinson.3533@example.com,LL9QV33CWd
3534,Andrew Brown,andrew.brown.3534@example.com,slS2qisS6L
3535,Robert Thomas,robert.thomas.3535@example.com,hNxmE4DBmn
3536,William Lopez,william.lopez.3536@example.com,2azHO0IQ4X
3537,Patricia Johnson,patricia.johnson.3537@example.com,vc8JBtAWPJ
3538,Karen White,karen.white.3538@example.com,DkCseq721s
3539,Joseph Thompson,joseph.thompson.3539@example.com,KPyvB0Jbvl
3540,Kevin Taylor,kevin.taylor.3540@example.com,P64Hzj53Am
3541,Sandra Lee,sandra.lee.3541@example.com,pDLuga8TMZ
3542,Jennifer Sanchez,jennifer.sanchez.3542@example.com,oh88IG4r1w
3543,Betty Smith,betty.smith.3543@example.com,b8XSI0QHBZ
3544,Margaret Wilson,margaret.wilson.3544@example.com,iR7K3fRPHc
3545,Linda Robinson,linda.robinson.3545@example.com,K7rW5UJkKt
3546,Kimberly Clark,kimberly.clark.3546@example.com,5Vzl18JeBR
3547,Charles Rodriguez,charles.rodriguez.3547@example.com,7Qajc2E4kV
3548,Steven Davis,steven.davis.3548@example.com,4VvTTTeXxD
3549,Richard Walker,richard.walker.3549@example.com,6onp6t8fvY
3550,Kimberly Ramirez,kimberly.ramirez.3550@example.com,w7kOqyT0Op
3551,Joshua Martinez,joshua.martinez.3551@example.com,U707nazwfB
3552,James Ramirez,james.ramirez.3552@example.com,NZF1MMOg43
3553,Mary Lewis,mary.lewis.3553@example.com,3GRLFybccz
3554,Paul Walker,paul.walker.3554@example.com,K5a5efj6vO
3555,Richard Ramirez,richard.ramirez.3555@example.com,xK6fNWF4WG
3556,Linda Thompson,linda.thompson.3556@example.com,FGLUaUHP9S
3557,Mary Sanchez,mary.sanchez.3557@example.com,bcSLB6ncwT
3558,Mary Perez,mary.perez.3558@example.com,bKlTk14BC8
3559,Ashley Young,ashley.young.3559@example.com,oc81PZbyn6
3560,Donald Perez,donald.perez.3560@example.com,mzopzbM5sr
3561,Michael Rodriguez,michael.rodriguez.3561@example.com,jDHUr65sIM
3562,Matthew Harris,matthew.harris.3562@example.com,xbwqraJmQz
3563,Donna Martinez,donna.martinez.3563@example.com,AQO0Rf0Ewl
3564,Andrew Clark,andrew.clark.3564@example.com,DdZXOG4eb3
3565,Michelle Smith,michelle.smith.3565@example.com,XHwH4417E4
3566,Linda Thompson,linda.thompson.3566@example.com,o3pFritU3B
3567,Donald White,donald.white.3567@example.com,ZuSS186CZL
3568,Mark Lewis,mark.lewis.3568@example.com,e6e3F20V6C
3569,Paul Ramirez,paul.ramirez.3569@example.com,lLBGAAJyqg
3570,Mary Perez,mary.perez.3570@example.com,0nKkpg1O9Q
3571,Linda Young,linda.young.3571@example.com,ljWq4V4uOx
3572,Donald Johnson,donald.johnson.3572@example.com,JikqCi0BEt
3573,Karen Harris,karen.harris.3573@example.com,rgGFfzOQgF
3574,William Martin,william.martin.3574@example.com,5rqm21VZ9x
3575,Jessica Taylor,jessica.taylor.3575@example.com,YeOlT05eTy
3576,Kevin Harris,kevin.harris.3576@example.com,QzLmXMmUf8
3577,Betty Moore,betty.moore.3577@example.com,O1JT7OooTt
3578,Kimberly Perez,kimberly.perez.3578@example.com,013lTkozTn
3579,Margaret Anderson,margaret.anderson.3579@example.com,LnguNBEdzN
3580,Joshua Williams,joshua.williams.3580@example.com,530YEFGkZP
3581,Karen Young,karen.young.3581@example.com,AOTuMv6ran
3582,Donald Williams,donald.williams.3582@example.com,MOUJiHsdwu
3583,Jennifer Taylor,jennifer.taylor.3583@example.com,ZzSqSxfYZx
3584,Donald Jackson,donald.jackson.3584@example.com,FsHnMhTfKY
3585,Anthony Brown,anthony.brown.3585@example.com,doIOUUpOyC
3586,Mary Thomas,mary.thomas.3586@example.com,JUp8rpNnxY
3587,Nancy Jones,nancy.jones.3587@example.com,C3xSPBXGXP
3588,Donald Garcia,donald.garcia.3588@example.com,PMbKrKEvlW
3589,David Walker,david.walker.3589@example.com,Bmm8fEBuZ0
3590,Joshua Jones,joshua.jones.3590@example.com,ipTgBRy0Ar
3591,Jennifer Jackson,jennifer.jackson.3591@example.com,fBxHT0uSLb
3592,Kimberly Lee,kimberly.lee.3592@example.com,MMbShHFpRu
3593,Susan Thompson,susan.thompson.3593@example.com,iXSgrDFTkB
3594,Joseph Robinson,joseph.robinson.3594@example.com,EoRPlg0p1j
3595,Andrew Martin,andrew.martin.3595@example.com,5xjeMjHQSA
3596,Donald Taylor,donald.taylor.3596@example.com,P6M9WX5wv2
3597,Nancy Perez,nancy.perez.3597@example.com,gxiy96gN6B
3598,Lisa Lopez,lisa.lopez.3598@example.com,gIh636jTHT
3599,Kimberly Anderson,kimberly.anderson.3599@example.com,a4QVWK2MWC
3600,Mark Miller,mark.miller.3600@example.com,R79ViLQj0m
3601,Margaret Jones,margaret.jones.3601@example.com,F0TbT2oNHh
3602,Mark Rodriguez,mark.rodriguez.3602@example.com,X2jItIIQsV
3603,Matthew Jackson,matthew.jackson.3603@example.com,zMDrBXFROJ
3604,Elizabeth Sanchez,elizabeth.sanchez.3604@example.com,zxFziq3Wer
3605,Joshua Wilson,joshua.wilson.3605@example.com,YFP6g0xM1j
3606,Charles Anderson,charles.anderson.3606@example.com,P7VKlP2r6R
3607,Sarah Rodriguez,sarah.rodriguez.3607@example.com,XpXMiHQO6g
3608,Donna Taylor,donna.taylor.3608@example.com,o7CfCVXFuj
3609,Kimberly Gonzalez,kimberly.gonzalez.3609@example.com,JzC0igfuq8
3610,Joshua Lee,joshua.lee.3610@example.com,ucbpuTrqqg
3611,Patricia Miller,patricia.miller.3611@example.com,G8E7QDnkBC
3612,Ashley Rodriguez,ashley.rodriguez.3612@example.com,7I4JZcrHvY
3613,Thomas Brown,thomas.brown.3613@example.com,Lm4bV7asok
3614,Sandra Sanchez,sandra.sanchez.3614@example.com,KPjdzs0Frb
3615,Steven Robinson,steven.robinson.3615@example.com,LEJDGR4XW2
3616,Margaret Lewis,margaret.lewis.3616@example.com,aHDHihksML
3617,Robert Moore,robert.moore.3617@example.com,LOIbRKRNyQ
3618,Susan Lewis,susan.lewis.3618@example.com,4U7qK7Tot5
3619,Joseph Harris,joseph.harris.3619@example.com,XHRWzZiCBZ
3620,Lisa Martin,lisa.martin.3620@example.com,tyPFEKhRwf
3621,David Wilson,david.wilson.3621@example.com,iAkYFdClGU
3622,Michael Walker,michael.walker.3622@example.com,bqfqrI9DJK
3623,Robert Miller,robert.miller.3623@example.com,oCADMXi0M4
3624,John Jones,john.jones.3624@example.com,95mNzFA9Jo
3625,Margaret Anderson,margaret.anderson.3625@example.com,FCUDtypNTV
3626,Patricia Wilson,patricia.wilson.3626@example.com,srjJFltxPH
3627,William Ramirez,william.ramirez.3627@example.com,lk4Y9nTqvr
3628,Betty Moore,betty.moore.3628@example.com,I0grT9U85g
3629,Barbara Wilson,barbara.wilson.3629@example.com,5LnTZSOgB0
3630,Thomas Thomas,thomas.thomas.3630@example.com,grYXp9VdGC
3631,Jennifer Miller,jennifer.miller.3631@example.com,DxTU0zgq6I
3632,Matthew Sanchez,matthew.sanchez.3632@example.com,N8FiOnVK6T
3633,Daniel Williams,daniel.williams.3633@example.com,3yJRYveRT1
3634,Donna White,donna.white.3634@example.com,59IewcSvB4
3635,Sandra Davis,sandra.davis.3635@example.com,K9FhIVRH0y
3636,William Brown,william.brown.3636@example.com,CDytdRqdNS
3637,Daniel Davis,daniel.davis.3637@example.com,Kc1mN7GvcD
3638,Mary Lee,mary.lee.3638@example.com,qfPyCqOLvX
3639,Charles Rodriguez,charles.rodriguez.3639@example.com,iCoXrvyGN9
3640,Kimberly Jackson,kimberly.jackson.3640@example.com,7QE8t6nLw6
3641,Joshua Brown,joshua.brown.3641@example.com,QOM8hJ8SeH
3642,Patricia Thompson,patricia.thompson.3642@example.com,CBiPxZk8M6
3643,Jessica Perez,jessica.perez.3643@example.com,BP4DJ5Ijn7
3644,Lisa Martinez,lisa.martinez.3644@example.com,bKUSo5LZMo
3645,Sandra Davis,sandra.davis.3645@example.com,iVuA9Knvs5
3646,Mark Taylor,mark.taylor.3646@example.com,qUA9u1Ud73
3647,Matthew Garcia,matthew.garcia.3647@example.com,pFMFKLsHar
3648,Jennifer Walker,jennifer.walker.3648@example.com,15SFyBL2fS
3649,William Anderson,william.anderson.3649@example.com,CyXmQ9Kc12
3650,Andrew Wilson,andrew.wilson.3650@example.com,sbvBTwpjlr
3651,Thomas Lee,thomas.lee.3651@example.com,FFoiOKhRox
3652,Steven Jackson,steven.jackson.3652@example.com,KAyVqoP4K4
3653,Daniel Williams,daniel.williams.3653@example.com,RP3K4laltG
3654,John Davis,john.davis.3654@example.com,LxzDR9Wd10
3655,Anthony Johnson,anthony.johnson.3655@example.com,o6Z4XQj4Yv
3656,Steven Lee,steven.lee.3656@example.com,OPt3EL87P4
3657,Paul Lopez,paul.lopez.3657@example.com,5prVXOQELC
3658,William Young,william.young.3658@example.com,coyprob5NJ
3659,Michael Lewis,michael.lewis.3659@example.com,fX0KXZ5IIk
3660,Kimberly Thompson,kimberly.thompson.3660@example.com,5kMPqQKWA5
3661,Ashley Lewis,ashley.lewis.3661@example.com,ZGYLpb2zgR
3662,Daniel Walker,daniel.walker.3662@example.com,xDL2Zlhv2S
3663,Donald Harris,donald.harris.3663@example.com,7G75eEuAX0
3664,Andrew Anderson,andrew.anderson.3664@example.com,eMWq1S14n7
3665,Paul Anderson,paul.anderson.3665@example.com,eUfBRQhEbG
3666,David Davis,david.davis.3666@example.com,CSHX5vScTn
3667,Susan Walker,susan.walker.3667@example.com,xBRYrlygh3
3668,Barbara Smith,barbara.smith.3668@example.com,pr1oL9EdNU
3669,Karen Thompson,karen.thompson.3669@example.com,Eko5wHhtyT
3670,Barbara Moore,barbara.moore.3670@example.com,IfhsBlTE9i
3671,Nancy Walker,nancy.walker.3671@example.com,6vMXMEyXoD
3672,James Walker,james.walker.3672@example.com,oyhRTE0Qgl
3673,Matthew Brown,matthew.brown.3673@example.com,yIv7zVl6f5
3674,James Thomas,james.thomas.3674@example.com,DsNyTasAHp
3675,Lisa Lopez,lisa.lopez.3675@example.com,TqEyeMzw4V
3676,Charles Hernandez,charles.hernandez.3676@example.com,nDAoc9CVnv
3677,Susan Perez,susan.perez.3677@example.com,08GsevzL2J
3678,Michelle Harris,michelle.harris.3678@example.com,t58KtCgkOR
3679,Matthew Young,matthew.young.3679@example.com,Qtg3pMO9PM
3680,Ashley Walker,ashley.walker.3680@example.com,GCDX1JFafS
3681,Joshua Lee,joshua.lee.3681@example.com,6NaXajod20
3682,Charles Lopez,charles.lopez.3682@example.com,8RpWvsl1yI
3683,Nancy Smith,nancy.smith.3683@example.com,Aa3UZNMYJD
3684,Kimberly Ramirez,kimberly.ramirez.3684@example.com,WmxKeQDn8z
3685,Paul Hernandez,paul.hernandez.3685@example.com,cKKhzRihVV
3686,Mark Williams,mark.williams.3686@example.com,S4eH2qEO9V
3687,Michelle Lewis,michelle.lewis.3687@example.com,Zk28MgqYL9
3688,Daniel Young,daniel.young.3688@example.com,ZsKR7h5IJN
3689,David Walker,david.walker.3689@example.com,PWezDUKmFZ
3690,Sandra Jones,sandra.jones.3690@example.com,hfwVKSJRLl
3691,Donna Lopez,donna.lopez.3691@example.com,TVXXcO3t2D
3692,James Gonzalez,james.gonzalez.3692@example.com,C0tBeR28LU
3693,Barbara Garcia,barbara.garcia.3693@example.com,rJwzOlcfoM
3694,Anthony Walker,anthony.walker.3694@example.com,ALSxrd2xT4
3695,Thomas Davis,thomas.davis.3695@example.com,0O9IzQe5e6
3696,Emily Johnson,emily.johnson.3696@example.com,YA54TFJjHn
3697,John Gonzalez,john.gonzalez.3697@example.com,YsPF4nAJLw
3698,Karen Lewis,karen.lewis.3698@example.com,7yqWynUTIx
3699,Kevin Rodriguez,kevin.rodriguez.3699@example.com,R1VuadqIBu
3700,Jennifer Hernandez,jennifer.hernandez.3700@example.com,z1XJXj6OF9
3701,Mark Brown,mark.brown.3701@example.com,yzaukpSqfh
3702,Michelle Perez,michelle.perez.3702@example.com,J1DRgByUhQ
3703,Kevin Moore,kevin.moore.3703@example.com,aHFJSRkc6p
3704,Sandra Garcia,sandra.garcia.3704@example.com,ejtHDCGrCR
3705,William Wilson,william.wilson.3705@example.com,vryL8PoiKc
3706,Richard Garcia,richard.garcia.3706@example.com,yf4eROlDxg
3707,Elizabeth Walker,elizabeth.walker.3707@example.com,aF4TWCrF4g
3708,Joshua Johnson,joshua.johnson.3708@example.com,1W0pRhp7bs
3709,William Lopez,william.lopez.3709@example.com,OMnNyteHn1
3710,Joshua Brown,joshua.brown.3710@example.com,9wmDswSSpw
3711,Jessica Martinez,jessica.martinez.3711@example.com,YhDvakXluQ
3712,Sandra Walker,sandra.walker.3712@example.com,WQVy7Ytqjg
3713,Michelle Martinez,michelle.martinez.3713@example.com,ntPn6h3GGc
3714,Sarah Rodriguez,sarah.rodriguez.3714@example.com,MYJ8wrI21b
3715,James Hernandez,james.hernandez.3715@example.com,G2zvarOyDo
3716,Matthew Lee,matthew.lee.3716@example.com,XweLxlnVjd
3717,Karen Moore,karen.moore.3717@example.com,HBrgJgKIIo
3718,Betty Wilson,betty.wilson.3718@example.com,ggylS1D3Ne
3719,James Taylor,james.taylor.3719@example.com,C91wj2aoDf
3720,Kevin Perez,kevin.perez.3720@example.com,Jd7EcZeBaJ
3721,Sarah Williams,sarah.williams.3721@example.com,1OBgPxHPXl
3722,James Moore,james.moore.3722@example.com,jnGxgvbZd6
3723,Margaret Lewis,margaret.lewis.3723@example.com,ELiIPbT60l
3724,Richard Miller,richard.miller.3724@example.com,OgGAB5TB3u
3725,Karen Young,karen.young.3725@example.com,YBkOQnJwuq
3726,Joseph Robinson,joseph.robinson.3726@example.com,zxB1xw4NeE
3727,Patricia Perez,patricia.perez.3727@example.com,h8isgMVvss
3728,Richard Williams,richard.williams.3728@example.com,FY7BzcDXqe
3729,Richard Lewis,richard.lewis.3729@example.com,3EqoMDnzOe
3730,Kevin Robinson,kevin.robinson.3730@example.com,w6DTCsFgW4
3731,Elizabeth Williams,elizabeth.williams.3731@example.com,vXpkvY2NH7
3732,Jennifer Lee,jennifer.lee.3732@example.com,UbpfS3m0KS
3733,Robert Young,robert.young.3733@example.com,mdnsWZwftY
3734,Donald Jackson,donald.jackson.3734@example.com,iUCGNTZcjj
3735,Jennifer Martinez,jennifer.martinez.3735@example.com,c5jj56G2Qj
3736,James Robinson,james.robinson.3736@example.com,4oiJOnDL0M
3737,Mark Gonzalez,mark.gonzalez.3737@example.com,KyxM99Onf7
3738,Michelle Miller,michelle.miller.3738@example.com,4k9h328VLt
3739,Patricia Walker,patricia.walker.3739@example.com,8yiwWVEYGZ
3740,Kimberly Gonzalez,kimberly.gonzalez.3740@example.com,HiqlT4QXsZ
3741,Michael Gonzalez,michael.gonzalez.3741@example.com,9KPFR4myrY
3742,Ashley Perez,ashley.perez.3742@example.com,Vjan1FiiKV
3743,John White,john.white.3743@example.com,AIx3DSNIz9
3744,Donald Garcia,donald.garcia.3744@example.com,IRLAuS6VTy
3745,Mark Wilson,mark.wilson.3745@example.com,WrV2NqeMs1
3746,Elizabeth Lee,elizabeth.lee.3746@example.com,Z5zVKG9VTj
3747,Donna Lewis,donna.lewis.3747@example.com,EaYUODcwSJ
3748,Jennifer Lopez,jennifer.lopez.3748@example.com,87okVtYzJ2
3749,Emily Young,emily.young.3749@example.com,v73bdxha10
3750,Nancy Brown,nancy.brown.3750@example.com,Wntf2USdIg
3751,Sandra Lee,sandra.lee.3751@example.com,ZraWl6Uck1
3752,Patricia Young,patricia.young.3752@example.com,oZwf6lRQiJ
3753,Emily Williams,emily.williams.3753@example.com,FjL8iRUmYS
3754,Margaret Martinez,margaret.martinez.3754@example.com,88w0slOJKz
3755,Jennifer Robinson,jennifer.robinson.3755@example.com,1Qaq3elM5E
3756,Anthony Gonzalez,anthony.gonzalez.3756@example.com,ZLYQcqocPQ
3757,Matthew Sanchez,matthew.sanchez.3757@example.com,g8veGLzb5d
3758,Joseph Lewis,joseph.lewis.3758@example.com,BQ1KaCewgE
3759,Karen Moore,karen.moore.3759@example.com,8tDHy4ERWc
3760,Ashley Lee,ashley.lee.3760@example.com,ZpOvko24u5
3761,Sarah Young,sarah.young.3761@example.com,7ojYVyIzn2
3762,Susan Davis,susan.davis.3762@example.com,CEtPCU4ZUo
3763,John Harris,john.harris.3763@example.com,LWW2aZrf4M
3764,Patricia Brown,patricia.brown.3764@example.com,2oAJ31Iy1p
3765,William Harris,william.harris.3765@example.com,VQoy72op9t
3766,William Jones,william.jones.3766@example.com,9zmlStPHwZ
3767,Linda Jackson,linda.jackson.3767@example.com,vMFIwMAI0s
3768,Kevin Williams,kevin.williams.3768@example.com,Pcxv8mvmsD
3769,Margaret Martin,margaret.martin.3769@example.com,q7x0k826oq
3770,Matthew Garcia,matthew.garcia.3770@example.com,w7SE0a8BeI
3771,Michelle Lee,michelle.lee.3771@example.com,m4a5iVHfN1
3772,Jennifer Hernandez,jennifer.hernandez.3772@example.com,08qi0Cwqxc
3773,Ashley Robinson,ashley.robinson.3773@example.com,vYrGgtHCWX
3774,Nancy Martinez,nancy.martinez.3774@example.com,lPJCyCjUcJ
3775,Lisa Ramirez,lisa.ramirez.3775@example.com,ffIdl38vUo
3776,Kevin Miller,kevin.miller.3776@example.com,MyzqgFUSRm
3777,Anthony Wilson,anthony.wilson.3777@example.com,XX7WxTyCxU
3778,Robert Rodriguez,robert.rodriguez.3778@example.com,zSxXlZCbnL
3779,John Martin,john.martin.3779@example.com,qsGbAJFAkg
3780,Karen Brown,karen.brown.3780@example.com,xWcsnEGcJG
3781,Matthew Young,matthew.young.3781@example.com,m8LfkHjO7B
3782,Michael Gonzalez,michael.gonzalez.3782@example.com,GKvbEROcya
3783,Betty Martin,betty.martin.3783@example.com,3OHqz1gQaS
3784,Michael Thompson,michael.thompson.3784@example.com,rAM50k2BLi
3785,Andrew Martinez,andrew.martinez.3785@example.com,dooLmTUv5y
3786,Matthew Lewis,matthew.lewis.3786@example.com,R65cgS3VL5
3787,Sandra Walker,sandra.walker.3787@example.com,i0PiTHYl8D
3788,Barbara Anderson,barbara.anderson.3788@example.com,B8arKR1nGD
3789,Susan Harris,susan.harris.3789@example.com,KNlE4JuPN8
3790,Emily Lee,emily.lee.3790@example.com,YwMj8yFmgr
3791,Elizabeth Williams,elizabeth.williams.3791@example.com,koSiOrXKJa
3792,Thomas Smith,thomas.smith.3792@example.com,phsVInGy1E
3793,Elizabeth Taylor,elizabeth.taylor.3793@example.com,1BflpiZuT5
3794,Robert Thomas,robert.thomas.3794@example.com,Qqd023fGvG
3795,Sarah Taylor,sarah.taylor.3795@example.com,bUnl8Kp3s6
3796,Barbara Garcia,barbara.garcia.3796@example.com,LFtxxyBe4f
3797,Sarah Young,sarah.young.3797@example.com,eEF2UdI1kV
3798,Paul Thomas,paul.thomas.3798@example.com,LtA6rr4Xqo
3799,Michael Smith,michael.smith.3799@example.com,65It7JFEDd
3800,Barbara Lee,barbara.lee.3800@example.com,xr8jFShWDi
3801,Michelle Johnson,michelle.johnson.3801@example.com,DgDuPDWoOB
3802,Donna Lopez,donna.lopez.3802@example.com,AjmjF2pJGn
3803,Mary Brown,mary.brown.3803@example.com,rCopHfnrJY
3804,Nancy White,nancy.white.3804@example.com,ABnAT4Mbg6
3805,Matthew Robinson,matthew.robinson.3805@example.com,8FYBKgloEB
3806,Lisa Wilson,lisa.wilson.3806@example.com,nN5YM67RUR
3807,Barbara Ramirez,barbara.ramirez.3807@example.com,G0XMX9d9b1
3808,David Johnson,david.johnson.3808@example.com,YK9jeWA8V9
3809,Thomas Jones,thomas.jones.3809@example.com,O24iNgxhGw
3810,Matthew Robinson,matthew.robinson.3810@example.com,4Fx1HG5sLJ
3811,David Lopez,david.lopez.3811@example.com,jINYytonmC
3812,Anthony Martinez,anthony.martinez.3812@example.com,Q3pIEYaAiX
3813,Nancy Moore,nancy.moore.3813@example.com,kca9outo7t
3814,Joseph Wilson,joseph.wilson.3814@example.com,ah371mSZuK
3815,Mary Moore,mary.moore.3815@example.com,WFRXrQ0HFW
3816,Patricia Brown,patricia.brown.3816@example.com,OItFRrk93s
3817,Kevin Sanchez,kevin.sanchez.3817@example.com,joFqGpowlO
3818,Margaret Robinson,margaret.robinson.3818@example.com,Jh49hGYRVA
3819,Jennifer Jones,jennifer.jones.3819@example.com,yYJ0gYBUKZ
3820,Margaret Lee,margaret.lee.3820@example.com,4iDRnyF1bG
3821,Jessica Martinez,jessica.martinez.3821@example.com,6wgsZdXyDa
3822,Betty Ramirez,betty.ramirez.3822@example.com,wu0LHsv7Mw
3823,John Rodriguez,john.rodriguez.3823@example.com,zfYwKc7K79
3824,Barbara Taylor,barbara.taylor.3824@example.com,ZCYxRKYOqR
3825,Joseph Sanchez,joseph.sanchez.3825@example.com,nLr6DJuKBR
3826,Karen Thomas,karen.thomas.3826@example.com,AuWVVwllEG
3827,Margaret Martin,margaret.martin.3827@example.com,RUjMocRr9p
3828,Elizabeth Lewis,elizabeth.lewis.3828@example.com,9CGTAjKclc
3829,Margaret Robinson,margaret.robinson.3829@example.com,xBMAc6tiNk
3830,Andrew Lopez,andrew.lopez.3830@example.com,zH6yqhW8gX
3831,Charles Martinez,charles.martinez.3831@example.com,zIjaIsDGI0
3832,Susan Thompson,susan.thompson.3832@example.com,HZt1U09wwd
3833,William Lopez,william.lopez.3833@example.com,I5qqmrwfnG
3834,Anthony Thompson,anthony.thompson.3834@example.com,cTZTqH2XL8
3835,David Miller,david.miller.3835@example.com,ccedBOvXJs
3836,Mary Moore,mary.moore.3836@example.com,KVDoOzGMqD
3837,Jennifer Gonzalez,jennifer.gonzalez.3837@example.com,SK8KI6nUGO
3838,Thomas Lopez,thomas.lopez.3838@example.com,7Pqr2Nz1i0
3839,Sandra Moore,sandra.moore.3839@example.com,GGH8M04nsv
3840,Jessica Davis,jessica.davis.3840@example.com,79x6Lnq2M2
3841,Elizabeth Miller,elizabeth.miller.3841@example.com,Tx7rgX3IZW
3842,Jennifer Martin,jennifer.martin.3842@example.com,fgTn66f3i0
3843,William White,william.white.3843@example.com,QeQO8BJSSF
3844,Jennifer Perez,jennifer.perez.3844@example.com,lGZ57wI7W4
3845,Ashley Lewis,ashley.lewis.3845@example.com,VmCf25EpLO
3846,Michael Taylor,michael.taylor.3846@example.com,CYwv4qajVo
3847,Mary Perez,mary.perez.3847@example.com,BDkEOPgL1P
3848,Richard Wilson,richard.wilson.3848@example.com,XL3E3BrdVD
3849,James Young,james.young.3849@example.com,pkyZd9Knwt
3850,Thomas Robinson,thomas.robinson.3850@example.com,4jJHndZozy
3851,David Rodriguez,david.rodriguez.3851@example.com,M5IXtjwIEX
3852,Mark Thomas,mark.thomas.3852@example.com,4J45Ob3Zoi
3853,James Perez,james.perez.3853@example.com,gQXwqN1dBQ
3854,Daniel Taylor,daniel.taylor.3854@example.com,enuuc0Pc8f
3855,Elizabeth Smith,elizabeth.smith.3855@example.com,T7JVCRFM13
3856,William Brown,william.brown.3856@example.com,XC6CNASqHp
3857,Thomas Jackson,thomas.jackson.3857@example.com,NaKmLSgZIV
3858,Susan Rodriguez,susan.rodriguez.3858@example.com,mKKCW5Zbsz
3859,Paul Miller,paul.miller.3859@example.com,m1mX3Uhxct
3860,John Thompson,john.thompson.3860@example.com,5jdlHW8Pi7
3861,Sandra Davis,sandra.davis.3861@example.com,iJrB3s6Cyx
3862,Margaret Taylor,margaret.taylor.3862@example.com,9JB01Gh6Y2
3863,Joshua Gonzalez,joshua.gonzalez.3863@example.com,uOWZ81cIRh
3864,Jennifer Lopez,jennifer.lopez.3864@example.com,vsu0GwWbyO
3865,Sarah Thompson,sarah.thompson.3865@example.com,6rLND0vHBd
3866,Karen Johnson,karen.johnson.3866@example.com,9OgJspMonV
3867,Barbara Taylor,barbara.taylor.3867@example.com,LH1csauGEh
3868,Daniel White,daniel.white.3868@example.com,IUvnJU1aec
3869,Sarah Walker,sarah.walker.3869@example.com,RIMyrys3Dq
3870,Kimberly Martinez,kimberly.martinez.3870@example.com,AL5buYgwUJ
3871,Patricia Sanchez,patricia.sanchez.3871@example.com,zkTod3Ytwg
3872,Karen Wilson,karen.wilson.3872@example.com,QT5cCOr48u
3873,Ashley Lee,ashley.lee.3873@example.com,ZJSMOz72Vu
3874,Mary Jackson,mary.jackson.3874@example.com,rKZwChH7YF
3875,Jennifer Thomas,jennifer.thomas.3875@example.com,RHWLtkPtrl
3876,Steven Robinson,steven.robinson.3876@example.com,bujTZPmbTu
3877,Karen Thompson,karen.thompson.3877@example.com,BYIPWlxaxB
3878,Sandra Smith,sandra.smith.3878@example.com,Hepvjlth67
3879,Charles Wilson,charles.wilson.3879@example.com,NSqnezpkJQ
3880,Joshua Taylor,joshua.taylor.3880@example.com,vZ62yQpbpa
3881,Mary Jackson,mary.jackson.3881@example.com,dvsMJj1Q6d
3882,Matthew Harris,matthew.harris.3882@example.com,OqKY0cGFQq
3883,Andrew Smith,andrew.smith.3883@example.com,OZXv7VKCwz
3884,Jessica Williams,jessica.williams.3884@example.com,zMxfzPG2qF
3885,Robert Lopez,robert.lopez.3885@example.com,5thLT57sYc
3886,Donna White,donna.white.3886@example.com,eLBQUnDuNq
3887,Donald Lopez,donald.lopez.3887@example.com,aYPkwIxf1R
3888,Nancy Rodriguez,nancy.rodriguez.3888@example.com,iXAtVMYUvn
3889,Jennifer Lee,jennifer.lee.3889@example.com,z5huKmpxU7
3890,William Smith,william.smith.3890@example.com,f14CEYgqYb
3891,Charles Walker,charles.walker.3891@example.com,dvCluMfuNH
3892,William Anderson,william.anderson.3892@example.com,jbXKsegh25
3893,Michelle Lewis,michelle.lewis.3893@example.com,o4EI1DgDJ2
3894,Jennifer Martinez,jennifer.martinez.3894@example.com,aofefJRvO9
3895,John Lopez,john.lopez.3895@example.com,VGfPxsb433
3896,Patricia Johnson,patricia.johnson.3896@example.com,kKY21ICcn4
3897,Donna Walker,donna.walker.3897@example.com,jbcUPqcScU
3898,Mark Martinez,mark.martinez.3898@example.com,iStRp9NMYD
3899,Susan Gonzalez,susan.gonzalez.3899@example.com,sl7JIZL4cs
3900,Daniel Davis,daniel.davis.3900@example.com,PliAuQFz6A
3901,Andrew Rodriguez,andrew.rodriguez.3901@example.com,g12GYV2ZyI
3902,Daniel Clark,daniel.clark.3902@example.com,duWMqJyUtg
3903,Kevin Miller,kevin.miller.3903@example.com,28hi9Gwrs9
3904,Patricia White,patricia.white.3904@example.com,MkpIFI0KBQ
3905,Jennifer Miller,jennifer.miller.3905@example.com,tCsPlY7iG2
3906,Mary Thompson,mary.thompson.3906@example.com,IdK3KmiF5V
3907,Kevin Sanchez,kevin.sanchez.3907@example.com,sjvaQj0orH
3908,Daniel Moore,daniel.moore.3908@example.com,tmo7QCYGNG
3909,William Brown,william.brown.3909@example.com,BowXPdTgql
3910,Kevin Young,kevin.young.3910@example.com,I9zu2aDBii
3911,Michael Young,michael.young.3911@example.com,F5fYbzK0cg
3912,Margaret Clark,margaret.clark.3912@example.com,oCllATorBs
3913,Robert Jones,robert.jones.3913@example.com,osOzk4gabk
3914,Joshua Garcia,joshua.garcia.3914@example.com,U683uFS7h0
3915,Anthony Thompson,anthony.thompson.3915@example.com,9vsBA7QKns
3916,Linda Sanchez,linda.sanchez.3916@example.com,LGSJz0lUzN
3917,Jennifer Williams,jennifer.williams.3917@example.com,vmpWNBo1aP
3918,Donna Williams,donna.williams.3918@example.com,Pgs7w9WglR
3919,Richard Hernandez,richard.hernandez.3919@example.com,MOyjlgIeHE
3920,Robert Martin,robert.martin.3920@example.com,niwO9G2tRm
3921,Steven Robinson,steven.robinson.3921@example.com,xQeRujdZDD
3922,Ashley Taylor,ashley.taylor.3922@example.com,2FumOsSHEv
3923,Margaret Sanchez,margaret.sanchez.3923@example.com,0UMLeKMJ9D
3924,John Lee,john.lee.3924@example.com,sIVCZUxVSY
3925,Lisa Robinson,lisa.robinson.3925@example.com,Kk3XhunELq
3926,Patricia Garcia,patricia.garcia.3926@example.com,c4KEqGLIZ8
3927,James Martinez,james.martinez.3927@example.com,yKgTefWO9F
3928,Ashley Martinez,ashley.martinez.3928@example.com,orVaYVltE5
3929,Joseph Perez,joseph.perez.3929@example.com,6OPxmqYyl1
3930,Nancy Walker,nancy.walker.3930@example.com,TCK2l4AiBz
3931,James Thompson,james.thompson.3931@example.com,pX8zr2p381
3932,Barbara White,barbara.white.3932@example.com,Djsy0ICeno
3933,Richard Wilson,richard.wilson.3933@example.com,IIb8vE5OIB
3934,Paul Rodriguez,paul.rodriguez.3934@example.com,ltdjZ7FmTt
3935,William Lee,william.lee.3935@example.com,UsVB9aOGvt
3936,Anthony Hernandez,anthony.hernandez.3936@example.com,PY1X34AMQa
3937,Linda Rodriguez,linda.rodriguez.3937@example.com,KqtDmJiW4k
3938,Robert Thomas,robert.thomas.3938@example.com,CEwNp6qVSg
3939,Emily Johnson,emily.johnson.3939@example.com,5MGNDbax6N
3940,Steven Jackson,steven.jackson.3940@example.com,dGpeHu0fa7
3941,Michael Taylor,michael.taylor.3941@example.com,XscIDDjUBp
3942,Charles Hernandez,charles.hernandez.3942@example.com,vQay9adkPZ
3943,Nancy Moore,nancy.moore.3943@example.com,guwtIfjebA
3944,Thomas Garcia,thomas.garcia.3944@example.com,cQJikHKvE3
3945,Paul Davis,paul.davis.3945@example.com,dnynLhWbu9
3946,Jennifer Young,jennifer.young.3946@example.com,94ythUQLUc
3947,Anthony Miller,anthony.miller.3947@example.com,M6x54eXqlO
3948,Jessica Lee,jessica.lee.3948@example.com,yU6gs5Kulx
3949,Kevin Robinson,kevin.robinson.3949@example.com,OdESTKMgwS
3950,Richard White,richard.white.3950@example.com,zrbrDiTO0y
3951,Jennifer Sanchez,jennifer.sanchez.3951@example.com,fMGH8lOFPt
3952,Matthew Hernandez,matthew.hernandez.3952@example.com,Nv99aF7cNn
3953,Daniel Gonzalez,daniel.gonzalez.3953@example.com,ZCt1cTYff2
3954,Anthony Garcia,anthony.garcia.3954@example.com,trRCx4udz5
3955,Donald Miller,donald.miller.3955@example.com,TKBaUCeCot
3956,Patricia White,patricia.white.3956@example.com,MbpuQDCByf
3957,Elizabeth Sanchez,elizabeth.sanchez.3957@example.com,EtHVhnpge1
3958,Patricia Smith,patricia.smith.3958@example.com,OSfOb5jk4U
3959,Linda Jackson,linda.jackson.3959@example.com,6pUvhVltiC
3960,Daniel Williams,daniel.williams.3960@example.com,kiRFUUsx4a
3961,Betty Jones,betty.jones.3961@example.com,0a1HeMANe0
3962,Lisa Lopez,lisa.lopez.3962@example.com,AjOw3bXSpi
3963,Michael Young,michael.young.3963@example.com,J32SzS85my
3964,Mary Hernandez,mary.hernandez.3964@example.com,LMAHYlNUAq
3965,Karen Clark,karen.clark.3965@example.com,zo6W0wX45L
3966,Michael Rodriguez,michael.rodriguez.3966@example.com,MkuQWzYN2c
3967,Richard White,richard.white.3967@example.com,Uc6S0jPsgk
3968,Kimberly Jones,kimberly.jones.3968@example.com,wcETm3OY2i
3969,Jessica Johnson,jessica.johnson.3969@example.com,sD81SRPczY
3970,Paul Jones,paul.jones.3970@example.com,aVzas7O2Ig
3971,Margaret Clark,margaret.clark.3971@example.com,6XbeUf7V6s
3972,Barbara Johnson,barbara.johnson.3972@example.com,lCB66XYeCv
3973,Karen Johnson,karen.johnson.3973@example.com,yDklRboOF0
3974,Joshua Davis,joshua.davis.3974@example.com,RtqGbLYZFp
3975,Emily Robinson,emily.robinson.3975@example.com,RyvyuYFzOQ
3976,Sarah Jackson,sarah.jackson.3976@example.com,QWq7JUAq58
3977,Sarah White,sarah.white.3977@example.com,w9U4CkfE4c
3978,Andrew Ramirez,andrew.ramirez.3978@example.com,bXdtU9l4hC
3979,Lisa Young,lisa.young.3979@example.com,yyPqvrEXxs
3980,Michael Davis,michael.davis.3980@example.com,XD3LymRnt8
3981,Jennifer Davis,jennifer.davis.3981@example.com,wMSGeRHDsX
3982,Michael Williams,michael.williams.3982@example.com,l7OPSR9NZh
3983,Emily Lee,emily.lee.3983@example.com,eTMSOCmvlG
3984,Mary Hernandez,mary.hernandez.3984@example.com,WTmynSBYAp
3985,David Rodriguez,david.rodriguez.3985@example.com,8P0ABXJsMH
3986,Jennifer Clark,jennifer.clark.3986@example.com,3QZAuMDBpO
3987,Michael Miller,michael.miller.3987@example.com,IlYhJp7mw7
3988,Anthony Clark,anthony.clark.3988@example.com,ESAahHTKjh
3989,Patricia Wilson,patricia.wilson.3989@example.com,PRbaHv2oHT
3990,Mark Lee,mark.lee.3990@example.com,oJhohEUAgk
3991,Kevin Johnson,kevin.johnson.3991@example.com,Rq05oFJBtw
3992,Donald Jones,donald.jones.3992@example.com,rZwtrsUfFD
3993,Robert Sanchez,robert.sanchez.3993@example.com,PahjKUYi9i
3994,Susan Harris,susan.harris.3994@example.com,8RyeBrFLc6
3995,Emily Brown,emily.brown.3995@example.com,hQvqpkZ8Xg
3996,Robert Wilson,robert.wilson.3996@example.com,KlQMz8TErG
3997,David Garcia,david.garcia.3997@example.com,2cUbGbTgs0
3998,Donna Davis,donna.davis.3998@example.com,Sacvm00tjv
3999,Donna Jackson,donna.jackson.3999@example.com,0CI0FdpPZ4
4000,William Sanchez,william.sanchez.4000@example.com,U2mTlBZNcP
4001,Daniel Harris,daniel.harris.4001@example.com,JvSC4gxRhl
4002,Thomas Davis,thomas.davis.4002@example.com,IGXC6QBAcc
4003,Emily Rodriguez,emily.rodriguez.4003@example.com,AEKnfelGne
4004,Ashley Rodriguez,ashley.rodriguez.4004@example.com,PI88omlpX6
4005,Jennifer Garcia,jennifer.garcia.4005@example.com,BJcUwt2pJS
4006,Margaret Perez,margaret.perez.4006@example.com,dV6FCQtyZt
4007,Linda Johnson,linda.johnson.4007@example.com,YPjHipXzxH
4008,Karen Lewis,karen.lewis.4008@example.com,oEEeEhU22G
4009,Charles Thompson,charles.thompson.4009@example.com,GRdY8M9H5g
4010,Paul Smith,paul.smith.4010@example.com,xd0mTARC4f
4011,Michelle Moore,michelle.moore.4011@example.com,Mt3iGHTzUb
4012,Paul Gonzalez,paul.gonzalez.4012@example.com,y4ha3eegZD
4013,Nancy Robinson,nancy.robinson.4013@example.com,SH5UAzUdOU
4014,Lisa Miller,lisa.miller.4014@example.com,MDciOVCkI8
4015,Karen Anderson,karen.anderson.4015@example.com,dcxBuTPJqa
4016,Ashley Miller,ashley.miller.4016@example.com,OEAjjGNuMC
4017,Steven Young,steven.young.4017@example.com,amHnzPFS6F
4018,Andrew Smith,andrew.smith.4018@example.com,mUCZZJfFue
4019,Andrew Wilson,andrew.wilson.4019@example.com,Ud8PVhpDsp
4020,Joshua Garcia,joshua.garcia.4020@example.com,dRsCqQXEo4
4021,Joseph Brown,joseph.brown.4021@example.com,dkug53dz2K
4022,Jennifer Young,jennifer.young.4022@example.com,GSiREFyyiN
4023,Sandra Robinson,sandra.robinson.4023@example.com,KdRAzVwFg8
4024,William Gonzalez,william.gonzalez.4024@example.com,ZcRgzya756
4025,Mary Brown,mary.brown.4025@example.com,zIUXaZcHkL
4026,Donald Lopez,donald.lopez.4026@example.com,SxNSwdM9tp
4027,John Smith,john.smith.4027@example.com,eFZ5OSKNny
4028,Joseph Taylor,joseph.taylor.4028@example.com,h7S7ptGJuj
4029,Nancy Moore,nancy.moore.4029@example.com,pnfXWhBvp1
4030,Robert Thomas,robert.thomas.4030@example.com,bGdYQRIPMG
4031,Kimberly White,kimberly.white.4031@example.com,lXlIj1NAM2
4032,Kimberly Hernandez,kimberly.hernandez.4032@example.com,7aF6Xf7kaC
4033,James Young,james.young.4033@example.com,wTmlVAYbTT
4034,Richard Robinson,richard.robinson.4034@example.com,ri9KB7Pmjj
4035,Sarah Wilson,sarah.wilson.4035@example.com,bjfSRZdqzH
4036,Charles White,charles.white.4036@example.com,T3PqLFKKLH
4037,Margaret Brown,margaret.brown.4037@example.com,nmCNgbVjdO
