userId,username,name
0,user_0,User 0
1,user_1,User 1
2,user_2,User 2
3,user_3,User 3
4,user_4,User 4
5,user_5,User 5
6,user_6,User 6
7,user_7,User 7
8,user_8,User 8
9,user_9,User 9
10,user_10,User 10
11,user_11,User 11
12,user_12,User 12
13,user_13,User 13
14,user_14,User 14
15,user_15,User 15
16,user_16,User 16
17,user_17,User 17
18,user_18,User 18
19,user_19,User 19
20,user_20,User 20
21,user_21,User 21
22,user_22,User 22
23,user_23,User 23
24,user_24,User 24
25,user_25,User 25
26,user_26,User 26
27,user_27,User 27
28,user_28,User 28
29,user_29,User 29
30,user_30,User 30
31,user_31,User 31
32,user_32,User 32
33,user_33,User 33
34,user_34,User 34
35,user_35,User 35
36,user_36,User 36
37,user_37,User 37
38,user_38,User 38
39,user_39,User 39
40,user_40,User 40
41,user_41,User 41
42,user_42,User 42
43,user_43,User 43
44,user_44,User 44
45,user_45,User 45
46,user_46,User 46
47,user_47,User 47
48,user_48,User 48
49,user_49,User 49
50,user_50,User 50
51,user_51,User 51
52,user_52,User 52
53,user_53,User 53
54,user_54,User 54
55,user_55,User 55
56,user_56,User 56
57,user_57,User 57
58,user_58,User 58
59,user_59,User 59
60,user_60,User 60
61,user_61,User 61
62,user_62,User 62
63,user_63,User 63
64,user_64,User 64
65,user_65,User 65
66,user_66,User 66
67,user_67,User 67
68,user_68,User 68
69,user_69,User 69
70,user_70,User 70
71,user_71,User 71
72,user_72,User 72
73,user_73,User 73
74,user_74,User 74
75,user_75,User 75
76,user_76,User 76
77,user_77,User 77
78,user_78,User 78
79,user_79,User 79
80,user_80,User 80
81,user_81,User 81
82,user_82,User 82
83,user_83,User 83
84,user_84,User 84
85,user_85,User 85
86,user_86,User 86
87,user_87,User 87
88,user_88,User 88
89,user_89,User 89
90,user_90,User 90
91,user_91,User 91
92,user_92,User 92
93,user_93,User 93
94,user_94,User 94
95,user_95,User 95
96,user_96,User 96
97,user_97,User 97
98,user_98,User 98
99,user_99,User 99
100,user_100,User 100
101,user_101,User 101
102,user_102,User 102
103,user_103,User 103
104,user_104,User 104
105,user_105,User 105
106,user_106,User 106
107,user_107,User 107
108,user_108,User 108
109,user_109,User 109
110,user_110,User 110
111,user_111,User 111
112,user_112,User 112
113,user_113,User 113
114,user_114,User 114
115,user_115,User 115
116,user_116,User 116
117,user_117,User 117
118,user_118,User 118
119,user_119,User 119
120,user_120,User 120
121,user_121,User 121
122,user_122,User 122
123,user_123,User 123
124,user_124,User 124
125,user_125,User 125
126,user_126,User 126
127,user_127,User 127
128,user_128,User 128
129,user_129,User 129
130,user_130,User 130
131,user_131,User 131
132,user_132,User 132
133,user_133,User 133
134,user_134,User 134
135,user_135,User 135
136,user_136,User 136
137,user_137,User 137
138,user_138,User 138
139,user_139,User 139
140,user_140,User 140
141,user_141,User 141
142,user_142,User 142
143,user_143,User 143
144,user_144,User 144
145,user_145,User 145
146,user_146,User 146
147,user_147,User 147
148,user_148,User 148
149,user_149,User 149
150,user_150,User 150
151,user_151,User 151
152,user_152,User 152
153,user_153,User 153
154,user_154,User 154
155,user_155,User 155
156,user_156,User 156
157,user_157,User 157
158,user_158,User 158
159,user_159,User 159
160,user_160,User 160
161,user_161,User 161
162,user_162,User 162
163,user_163,User 163
164,user_164,User 164
165,user_165,User 165
166,user_166,User 166
167,user_167,User 167
168,user_168,User 168
169,user_169,User 169
170,user_170,User 170
171,user_171,User 171
172,user_172,User 172
173,user_173,User 173
174,user_174,User 174
175,user_175,User 175
176,user_176,User 176
177,user_177,User 177
178,user_178,User 178
179,user_179,User 179
180,user_180,User 180
181,user_181,User 181
182,user_182,User 182
183,user_183,User 183
184,user_184,User 184
185,user_185,User 185
186,user_186,User 186
187,user_187,User 187
188,user_188,User 188
189,user_189,User 189
190,user_190,User 190
191,user_191,User 191
192,user_192,User 192
193,user_193,User 193
194,user_194,User 194
195,user_195,User 195
196,user_196,User 196
197,user_197,User 197
198,user_198,User 198
199,user_199,User 199
200,user_200,User 200
201,user_201,User 201
202,user_202,User 202
203,user_203,User 203
204,user_204,User 204
205,user_205,User 205
206,user_206,User 206
207,user_207,User 207
208,user_208,User 208
209,user_209,User 209
210,user_210,User 210
211,user_211,User 211
212,user_212,User 212
213,user_213,User 213
214,user_214,User 214
215,user_215,User 215
216,user_216,User 216
217,user_217,User 217
218,user_218,User 218
219,user_219,User 219
220,user_220,User 220
221,user_221,User 221
222,user_222,User 222
223,user_223,User 223
224,user_224,User 224
225,user_225,User 225
226,user_226,User 226
227,user_227,User 227
228,user_228,User 228
229,user_229,User 229
230,user_230,User 230
231,user_231,User 231
232,user_232,User 232
233,user_233,User 233
234,user_234,User 234
235,user_235,User 235
236,user_236,User 236
237,user_237,User 237
238,user_238,User 238
239,user_239,User 239
240,user_240,User 240
241,user_241,User 241
242,user_242,User 242
243,user_243,User 243
244,user_244,User 244
245,user_245,User 245
246,user_246,User 246
247,user_247,User 247
248,user_248,User 248
249,user_249,User 249
250,user_250,User 250
251,user_251,User 251
252,user_252,User 252
253,user_253,User 253
254,user_254,User 254
255,user_255,User 255
256,user_256,User 256
257,user_257,User 257
258,user_258,User 258
259,user_259,User 259
260,user_260,User 260
261,user_261,User 261
262,user_262,User 262
263,user_263,User 263
264,user_264,User 264
265,user_265,User 265
266,user_266,User 266
267,user_267,User 267
268,user_268,User 268
269,user_269,User 269
270,user_270,User 270
271,user_271,User 271
272,user_272,User 272
273,user_273,User 273
274,user_274,User 274
275,user_275,User 275
276,user_276,User 276
277,user_277,User 277
278,user_278,User 278
279,user_279,User 279
280,user_280,User 280
281,user_281,User 281
282,user_282,User 282
283,user_283,User 283
284,user_284,User 284
285,user_285,User 285
286,user_286,User 286
287,user_287,User 287
288,user_288,User 288
289,user_289,User 289
290,user_290,User 290
291,user_291,User 291
292,user_292,User 292
293,user_293,User 293
294,user_294,User 294
295,user_295,User 295
296,user_296,User 296
297,user_297,User 297
298,user_298,User 298
299,user_299,User 299
300,user_300,User 300
301,user_301,User 301
302,user_302,User 302
303,user_303,User 303
304,user_304,User 304
305,user_305,User 305
306,user_306,User 306
307,user_307,User 307
308,user_308,User 308
309,user_309,User 309
310,user_310,User 310
311,user_311,User 311
312,user_312,User 312
313,user_313,User 313
314,user_314,User 314
315,user_315,User 315
316,user_316,User 316
317,user_317,User 317
318,user_318,User 318
319,user_319,User 319
320,user_320,User 320
321,user_321,User 321
322,user_322,User 322
323,user_323,User 323
324,user_324,User 324
325,user_325,User 325
326,user_326,User 326
327,user_327,User 327
328,user_328,User 328
329,user_329,User 329
330,user_330,User 330
331,user_331,User 331
332,user_332,User 332
333,user_333,User 333
334,user_334,User 334
335,user_335,User 335
336,user_336,User 336
337,user_337,User 337
338,user_338,User 338
339,user_339,User 339
340,user_340,User 340
341,user_341,User 341
342,user_342,User 342
343,user_343,User 343
344,user_344,User 344
345,user_345,User 345
346,user_346,User 346
347,user_347,User 347
348,user_348,User 348
349,user_349,User 349
350,user_350,User 350
351,user_351,User 351
352,user_352,User 352
353,user_353,User 353
354,user_354,User 354
355,user_355,User 355
356,user_356,User 356
357,user_357,User 357
358,user_358,User 358
359,user_359,User 359
360,user_360,User 360
361,user_361,User 361
362,user_362,User 362
363,user_363,User 363
364,user_364,User 364
365,user_365,User 365
366,user_366,User 366
367,user_367,User 367
368,user_368,User 368
369,user_369,User 369
370,user_370,User 370
371,user_371,User 371
372,user_372,User 372
373,user_373,User 373
374,user_374,User 374
375,user_375,User 375
376,user_376,User 376
377,user_377,User 377
378,user_378,User 378
379,user_379,User 379
380,user_380,User 380
381,user_381,User 381
382,user_382,User 382
383,user_383,User 383
384,user_384,User 384
385,user_385,User 385
386,user_386,User 386
387,user_387,User 387
388,user_388,User 388
389,user_389,User 389
390,user_390,User 390
391,user_391,User 391
392,user_392,User 392
393,user_393,User 393
394,user_394,User 394
395,user_395,User 395
396,user_396,User 396
397,user_397,User 397
398,user_398,User 398
399,user_399,User 399
400,user_400,User 400
401,user_401,User 401
402,user_402,User 402
403,user_403,User 403
404,user_404,User 404
405,user_405,User 405
406,user_406,User 406
407,user_407,User 407
408,user_408,User 408
409,user_409,User 409
410,user_410,User 410
411,user_411,User 411
412,user_412,User 412
413,user_413,User 413
414,user_414,User 414
415,user_415,User 415
416,user_416,User 416
417,user_417,User 417
418,user_418,User 418
419,user_419,User 419
420,user_420,User 420
421,user_421,User 421
422,user_422,User 422
423,user_423,User 423
424,user_424,User 424
425,user_425,User 425
426,user_426,User 426
427,user_427,User 427
428,user_428,User 428
429,user_429,User 429
430,user_430,User 430
431,user_431,User 431
432,user_432,User 432
433,user_433,User 433
434,user_434,User 434
435,user_435,User 435
436,user_436,User 436
437,user_437,User 437
438,user_438,User 438
439,user_439,User 439
440,user_440,User 440
441,user_441,User 441
442,user_442,User 442
443,user_443,User 443
444,user_444,User 444
445,user_445,User 445
446,user_446,User 446
447,user_447,User 447
448,user_448,User 448
449,user_449,User 449
450,user_450,User 450
451,user_451,User 451
452,user_452,User 452
453,user_453,User 453
454,user_454,User 454
455,user_455,User 455
456,user_456,User 456
457,user_457,User 457
458,user_458,User 458
459,user_459,User 459
460,user_460,User 460
461,user_461,User 461
462,user_462,User 462
463,user_463,User 463
464,user_464,User 464
465,user_465,User 465
466,user_466,User 466
467,user_467,User 467
468,user_468,User 468
469,user_469,User 469
470,user_470,User 470
471,user_471,User 471
472,user_472,User 472
473,user_473,User 473
474,user_474,User 474
475,user_475,User 475
476,user_476,User 476
477,user_477,User 477
478,user_478,User 478
479,user_479,User 479
480,user_480,User 480
481,user_481,User 481
482,user_482,User 482
483,user_483,User 483
484,user_484,User 484
485,user_485,User 485
486,user_486,User 486
487,user_487,User 487
488,user_488,User 488
489,user_489,User 489
490,user_490,User 490
491,user_491,User 491
492,user_492,User 492
493,user_493,User 493
494,user_494,User 494
495,user_495,User 495
496,user_496,User 496
497,user_497,User 497
498,user_498,User 498
499,user_499,User 499
500,user_500,User 500
501,user_501,User 501
502,user_502,User 502
503,user_503,User 503
504,user_504,User 504
505,user_505,User 505
506,user_506,User 506
507,user_507,User 507
508,user_508,User 508
509,user_509,User 509
510,user_510,User 510
511,user_511,User 511
512,user_512,User 512
513,user_513,User 513
514,user_514,User 514
515,user_515,User 515
516,user_516,User 516
517,user_517,User 517
518,user_518,User 518
519,user_519,User 519
520,user_520,User 520
521,user_521,User 521
522,user_522,User 522
523,user_523,User 523
524,user_524,User 524
525,user_525,User 525
526,user_526,User 526
527,user_527,User 527
528,user_528,User 528
529,user_529,User 529
530,user_530,User 530
531,user_531,User 531
532,user_532,User 532
533,user_533,User 533
534,user_534,User 534
535,user_535,User 535
536,user_536,User 536
537,user_537,User 537
538,user_538,User 538
539,user_539,User 539
540,user_540,User 540
541,user_541,User 541
542,user_542,User 542
543,user_543,User 543
544,user_544,User 544
545,user_545,User 545
546,user_546,User 546
547,user_547,User 547
548,user_548,User 548
549,user_549,User 549
550,user_550,User 550
551,user_551,User 551
552,user_552,User 552
553,user_553,User 553
554,user_554,User 554
555,user_555,User 555
556,user_556,User 556
557,user_557,User 557
558,user_558,User 558
559,user_559,User 559
560,user_560,User 560
561,user_561,User 561
562,user_562,User 562
563,user_563,User 563
564,user_564,User 564
565,user_565,User 565
566,user_566,User 566
567,user_567,User 567
568,user_568,User 568
569,user_569,User 569
570,user_570,User 570
571,user_571,User 571
572,user_572,User 572
573,user_573,User 573
574,user_574,User 574
575,user_575,User 575
576,user_576,User 576
577,user_577,User 577
578,user_578,User 578
579,user_579,User 579
580,user_580,User 580
581,user_581,User 581
582,user_582,User 582
583,user_583,User 583
584,user_584,User 584
585,user_585,User 585
586,user_586,User 586
587,user_587,User 587
588,user_588,User 588
589,user_589,User 589
590,user_590,User 590
591,user_591,User 591
592,user_592,User 592
593,user_593,User 593
594,user_594,User 594
595,user_595,User 595
596,user_596,User 596
597,user_597,User 597
598,user_598,User 598
599,user_599,User 599
600,user_600,User 600
601,user_601,User 601
602,user_602,User 602
603,user_603,User 603
604,user_604,User 604
605,user_605,User 605
606,user_606,User 606
607,user_607,User 607
608,user_608,User 608
609,user_609,User 609
610,user_610,User 610
611,user_611,User 611
612,user_612,User 612
613,user_613,User 613
614,user_614,User 614
615,user_615,User 615
616,user_616,User 616
617,user_617,User 617
618,user_618,User 618
619,user_619,User 619
620,user_620,User 620
621,user_621,User 621
622,user_622,User 622
623,user_623,User 623
624,user_624,User 624
625,user_625,User 625
626,user_626,User 626
627,user_627,User 627
628,user_628,User 628
629,user_629,User 629
630,user_630,User 630
631,user_631,User 631
632,user_632,User 632
633,user_633,User 633
634,user_634,User 634
635,user_635,User 635
636,user_636,User 636
637,user_637,User 637
638,user_638,User 638
639,user_639,User 639
640,user_640,User 640
641,user_641,User 641
642,user_642,User 642
643,user_643,User 643
644,user_644,User 644
645,user_645,User 645
646,user_646,User 646
647,user_647,User 647
648,user_648,User 648
649,user_649,User 649
650,user_650,User 650
651,user_651,User 651
652,user_652,User 652
653,user_653,User 653
654,user_654,User 654
655,user_655,User 655
656,user_656,User 656
657,user_657,User 657
658,user_658,User 658
659,user_659,User 659
660,user_660,User 660
661,user_661,User 661
662,user_662,User 662
663,user_663,User 663
664,user_664,User 664
665,user_665,User 665
666,user_666,User 666
667,user_667,User 667
668,user_668,User 668
669,user_669,User 669
670,user_670,User 670
671,user_671,User 671
672,user_672,User 672
673,user_673,User 673
674,user_674,User 674
675,user_675,User 675
676,user_676,User 676
677,user_677,User 677
678,user_678,User 678
679,user_679,User 679
680,user_680,User 680
681,user_681,User 681
682,user_682,User 682
683,user_683,User 683
684,user_684,User 684
685,user_685,User 685
686,user_686,User 686
687,user_687,User 687
688,user_688,User 688
689,user_689,User 689
690,user_690,User 690
691,user_691,User 691
692,user_692,User 692
693,user_693,User 693
694,user_694,User 694
695,user_695,User 695
696,user_696,User 696
697,user_697,User 697
698,user_698,User 698
699,user_699,User 699
700,user_700,User 700
701,user_701,User 701
702,user_702,User 702
703,user_703,User 703
704,user_704,User 704
705,user_705,User 705
706,user_706,User 706
707,user_707,User 707
708,user_708,User 708
709,user_709,User 709
710,user_710,User 710
711,user_711,User 711
712,user_712,User 712
713,user_713,User 713
714,user_714,User 714
715,user_715,User 715
716,user_716,User 716
717,user_717,User 717
718,user_718,User 718
719,user_719,User 719
720,user_720,User 720
721,user_721,User 721
722,user_722,User 722
723,user_723,User 723
724,user_724,User 724
725,user_725,User 725
726,user_726,User 726
727,user_727,User 727
728,user_728,User 728
729,user_729,User 729
730,user_730,User 730
731,user_731,User 731
732,user_732,User 732
733,user_733,User 733
734,user_734,User 734
735,user_735,User 735
736,user_736,User 736
737,user_737,User 737
738,user_738,User 738
739,user_739,User 739
740,user_740,User 740
741,user_741,User 741
742,user_742,User 742
743,user_743,User 743
744,user_744,User 744
745,user_745,User 745
746,user_746,User 746
747,user_747,User 747
748,user_748,User 748
749,user_749,User 749
750,user_750,User 750
751,user_751,User 751
752,user_752,User 752
753,user_753,User 753
754,user_754,User 754
755,user_755,User 755
756,user_756,User 756
757,user_757,User 757
758,user_758,User 758
759,user_759,User 759
760,user_760,User 760
761,user_761,User 761
762,user_762,User 762
763,user_763,User 763
764,user_764,User 764
765,user_765,User 765
766,user_766,User 766
767,user_767,User 767
768,user_768,User 768
769,user_769,User 769
770,user_770,User 770
771,user_771,User 771
772,user_772,User 772
773,user_773,User 773
774,user_774,User 774
775,user_775,User 775
776,user_776,User 776
777,user_777,User 777
778,user_778,User 778
779,user_779,User 779
780,user_780,User 780
781,user_781,User 781
782,user_782,User 782
783,user_783,User 783
784,user_784,User 784
785,user_785,User 785
786,user_786,User 786
787,user_787,User 787
788,user_788,User 788
789,user_789,User 789
790,user_790,User 790
791,user_791,User 791
792,user_792,User 792
793,user_793,User 793
794,user_794,User 794
795,user_795,User 795
796,user_796,User 796
797,user_797,User 797
798,user_798,User 798
799,user_799,User 799
800,user_800,User 800
801,user_801,User 801
802,user_802,User 802
803,user_803,User 803
804,user_804,User 804
805,user_805,User 805
806,user_806,User 806
807,user_807,User 807
808,user_808,User 808
809,user_809,User 809
810,user_810,User 810
811,user_811,User 811
812,user_812,User 812
813,user_813,User 813
814,user_814,User 814
815,user_815,User 815
816,user_816,User 816
817,user_817,User 817
818,user_818,User 818
819,user_819,User 819
820,user_820,User 820
821,user_821,User 821
822,user_822,User 822
823,user_823,User 823
824,user_824,User 824
825,user_825,User 825
826,user_826,User 826
827,user_827,User 827
828,user_828,User 828
829,user_829,User 829
830,user_830,User 830
831,user_831,User 831
832,user_832,User 832
833,user_833,User 833
834,user_834,User 834
835,user_835,User 835
836,user_836,User 836
837,user_837,User 837
838,user_838,User 838
839,user_839,User 839
840,user_840,User 840
841,user_841,User 841
842,user_842,User 842
843,user_843,User 843
844,user_844,User 844
845,user_845,User 845
846,user_846,User 846
847,user_847,User 847
848,user_848,User 848
849,user_849,User 849
850,user_850,User 850
851,user_851,User 851
852,user_852,User 852
853,user_853,User 853
854,user_854,User 854
855,user_855,User 855
856,user_856,User 856
857,user_857,User 857
858,user_858,User 858
859,user_859,User 859
860,user_860,User 860
861,user_861,User 861
862,user_862,User 862
863,user_863,User 863
864,user_864,User 864
865,user_865,User 865
866,user_866,User 866
867,user_867,User 867
868,user_868,User 868
869,user_869,User 869
870,user_870,User 870
871,user_871,User 871
872,user_872,User 872
873,user_873,User 873
874,user_874,User 874
875,user_875,User 875
876,user_876,User 876
877,user_877,User 877
878,user_878,User 878
879,user_879,User 879
880,user_880,User 880
881,user_881,User 881
882,user_882,User 882
883,user_883,User 883
884,user_884,User 884
885,user_885,User 885
886,user_886,User 886
887,user_887,User 887
888,user_888,User 888
889,user_889,User 889
890,user_890,User 890
891,user_891,User 891
892,user_892,User 892
893,user_893,User 893
894,user_894,User 894
895,user_895,User 895
896,user_896,User 896
897,user_897,User 897
898,user_898,User 898
899,user_899,User 899
900,user_900,User 900
901,user_901,User 901
902,user_902,User 902
903,user_903,User 903
904,user_904,User 904
905,user_905,User 905
906,user_906,User 906
907,user_907,User 907
908,user_908,User 908
909,user_909,User 909
910,user_910,User 910
911,user_911,User 911
912,user_912,User 912
913,user_913,User 913
914,user_914,User 914
915,user_915,User 915
916,user_916,User 916
917,user_917,User 917
918,user_918,User 918
919,user_919,User 919
920,user_920,User 920
921,user_921,User 921
922,user_922,User 922
923,user_923,User 923
924,user_924,User 924
925,user_925,User 925
926,user_926,User 926
927,user_927,User 927
928,user_928,User 928
929,user_929,User 929
930,user_930,User 930
931,user_931,User 931
932,user_932,User 932
933,user_933,User 933
934,user_934,User 934
935,user_935,User 935
936,user_936,User 936
937,user_937,User 937
938,user_938,User 938
939,user_939,User 939
940,user_940,User 940
941,user_941,User 941
942,user_942,User 942
943,user_943,User 943
944,user_944,User 944
945,user_945,User 945
946,user_946,User 946
947,user_947,User 947
948,user_948,User 948
949,user_949,User 949
950,user_950,User 950
951,user_951,User 951
952,user_952,User 952
953,user_953,User 953
954,user_954,User 954
955,user_955,User 955
956,user_956,User 956
957,user_957,User 957
958,user_958,User 958
959,user_959,User 959
960,user_960,User 960
961,user_961,User 961
962,user_962,User 962
963,user_963,User 963
964,user_964,User 964
965,user_965,User 965
966,user_966,User 966
967,user_967,User 967
968,user_968,User 968
969,user_969,User 969
970,user_970,User 970
971,user_971,User 971
972,user_972,User 972
973,user_973,User 973
974,user_974,User 974
975,user_975,User 975
976,user_976,User 976
977,user_977,User 977
978,user_978,User 978
979,user_979,User 979
980,user_980,User 980
981,user_981,User 981
982,user_982,User 982
983,user_983,User 983
984,user_984,User 984
985,user_985,User 985
986,user_986,User 986
987,user_987,User 987
988,user_988,User 988
989,user_989,User 989
990,user_990,User 990
991,user_991,User 991
992,user_992,User 992
993,user_993,User 993
994,user_994,User 994
995,user_995,User 995
996,user_996,User 996
997,user_997,User 997
998,user_998,User 998
999,user_999,User 999
1000,user_1000,User 1000
1001,user_1001,User 1001
1002,user_1002,User 1002
1003,user_1003,User 1003
1004,user_1004,User 1004
1005,user_1005,User 1005
1006,user_1006,User 1006
1007,user_1007,User 1007
1008,user_1008,User 1008
1009,user_1009,User 1009
1010,user_1010,User 1010
1011,user_1011,User 1011
1012,user_1012,User 1012
1013,user_1013,User 1013
1014,user_1014,User 1014
1015,user_1015,User 1015
1016,user_1016,User 1016
1017,user_1017,User 1017
1018,user_1018,User 1018
1019,user_1019,User 1019
1020,user_1020,User 1020
1021,user_1021,User 1021
1022,user_1022,User 1022
1023,user_1023,User 1023
1024,user_1024,User 1024
1025,user_1025,User 1025
1026,user_1026,User 1026
1027,user_1027,User 1027
1028,user_1028,User 1028
1029,user_1029,User 1029
1030,user_1030,User 1030
1031,user_1031,User 1031
1032,user_1032,User 1032
1033,user_1033,User 1033
1034,user_1034,User 1034
1035,user_1035,User 1035
1036,user_1036,User 1036
1037,user_1037,User 1037
1038,user_1038,User 1038
1039,user_1039,User 1039
1040,user_1040,User 1040
1041,user_1041,User 1041
1042,user_1042,User 1042
1043,user_1043,User 1043
1044,user_1044,User 1044
1045,user_1045,User 1045
1046,user_1046,User 1046
1047,user_1047,User 1047
1048,user_1048,User 1048
1049,user_1049,User 1049
1050,user_1050,User 1050
1051,user_1051,User 1051
1052,user_1052,User 1052
1053,user_1053,User 1053
1054,user_1054,User 1054
1055,user_1055,User 1055
1056,user_1056,User 1056
1057,user_1057,User 1057
1058,user_1058,User 1058
1059,user_1059,User 1059
1060,user_1060,User 1060
1061,user_1061,User 1061
1062,user_1062,User 1062
1063,user_1063,User 1063
1064,user_1064,User 1064
1065,user_1065,User 1065
1066,user_1066,User 1066
1067,user_1067,User 1067
1068,user_1068,User 1068
1069,user_1069,User 1069
1070,user_1070,User 1070
1071,user_1071,User 1071
1072,user_1072,User 1072
1073,user_1073,User 1073
1074,user_1074,User 1074
1075,user_1075,User 1075
1076,user_1076,User 1076
1077,user_1077,User 1077
1078,user_1078,User 1078
1079,user_1079,User 1079
1080,user_1080,User 1080
1081,user_1081,User 1081
1082,user_1082,User 1082
1083,user_1083,User 1083
1084,user_1084,User 1084
1085,user_1085,User 1085
1086,user_1086,User 1086
1087,user_1087,User 1087
1088,user_1088,User 1088
1089,user_1089,User 1089
1090,user_1090,User 1090
1091,user_1091,User 1091
1092,user_1092,User 1092
1093,user_1093,User 1093
1094,user_1094,User 1094
1095,user_1095,User 1095
1096,user_1096,User 1096
1097,user_1097,User 1097
1098,user_1098,User 1098
1099,user_1099,User 1099
1100,user_1100,User 1100
1101,user_1101,User 1101
1102,user_1102,User 1102
1103,user_1103,User 1103
1104,user_1104,User 1104
1105,user_1105,User 1105
1106,user_1106,User 1106
1107,user_1107,User 1107
1108,user_1108,User 1108
1109,user_1109,User 1109
1110,user_1110,User 1110
1111,user_1111,User 1111
1112,user_1112,User 1112
1113,user_1113,User 1113
1114,user_1114,User 1114
1115,user_1115,User 1115
1116,user_1116,User 1116
1117,user_1117,User 1117
1118,user_1118,User 1118
1119,user_1119,User 1119
1120,user_1120,User 1120
1121,user_1121,User 1121
1122,user_1122,User 1122
1123,user_1123,User 1123
1124,user_1124,User 1124
1125,user_1125,User 1125
1126,user_1126,User 1126
1127,user_1127,User 1127
1128,user_1128,User 1128
1129,user_1129,User 1129
1130,user_1130,User 1130
1131,user_1131,User 1131
1132,user_1132,User 1132
1133,user_1133,User 1133
1134,user_1134,User 1134
1135,user_1135,User 1135
1136,user_1136,User 1136
1137,user_1137,User 1137
1138,user_1138,User 1138
1139,user_1139,User 1139
1140,user_1140,User 1140
1141,user_1141,User 1141
1142,user_1142,User 1142
1143,user_1143,User 1143
1144,user_1144,User 1144
1145,user_1145,User 1145
1146,user_1146,User 1146
1147,user_1147,User 1147
1148,user_1148,User 1148
1149,user_1149,User 1149
1150,user_1150,User 1150
1151,user_1151,User 1151
1152,user_1152,User 1152
1153,user_1153,User 1153
1154,user_1154,User 1154
1155,user_1155,User 1155
1156,user_1156,User 1156
1157,user_1157,User 1157
1158,user_1158,User 1158
1159,user_1159,User 1159
1160,user_1160,User 1160
1161,user_1161,User 1161
1162,user_1162,User 1162
1163,user_1163,User 1163
1164,user_1164,User 1164
1165,user_1165,User 1165
1166,user_1166,User 1166
1167,user_1167,User 1167
1168,user_1168,User 1168
1169,user_1169,User 1169
1170,user_1170,User 1170
1171,user_1171,User 1171
1172,user_1172,User 1172
1173,user_1173,User 1173
1174,user_1174,User 1174
1175,user_1175,User 1175
1176,user_1176,User 1176
1177,user_1177,User 1177
1178,user_1178,User 1178
1179,user_1179,User 1179
1180,user_1180,User 1180
1181,user_1181,User 1181
1182,user_1182,User 1182
1183,user_1183,User 1183
1184,user_1184,User 1184
1185,user_1185,User 1185
1186,user_1186,User 1186
1187,user_1187,User 1187
1188,user_1188,User 1188
1189,user_1189,User 1189
1190,user_1190,User 1190
1191,user_1191,User 1191
1192,user_1192,User 1192
1193,user_1193,User 1193
1194,user_1194,User 1194
1195,user_1195,User 1195
1196,user_1196,User 1196
1197,user_1197,User 1197
1198,user_1198,User 1198
1199,user_1199,User 1199
1200,user_1200,User 1200
1201,user_1201,User 1201
1202,user_1202,User 1202
1203,user_1203,User 1203
1204,user_1204,User 1204
1205,user_1205,User 1205
1206,user_1206,User 1206
1207,user_1207,User 1207
1208,user_1208,User 1208
1209,user_1209,User 1209
1210,user_1210,User 1210
1211,user_1211,User 1211
1212,user_1212,User 1212
1213,user_1213,User 1213
1214,user_1214,User 1214
1215,user_1215,User 1215
1216,user_1216,User 1216
1217,user_1217,User 1217
1218,user_1218,User 1218
1219,user_1219,User 1219
1220,user_1220,User 1220
1221,user_1221,User 1221
1222,user_1222,User 1222
1223,user_1223,User 1223
1224,user_1224,User 1224
1225,user_1225,User 1225
1226,user_1226,User 1226
1227,user_1227,User 1227
1228,user_1228,User 1228
1229,user_1229,User 1229
1230,user_1230,User 1230
1231,user_1231,User 1231
1232,user_1232,User 1232
1233,user_1233,User 1233
1234,user_1234,User 1234
1235,user_1235,User 1235
1236,user_1236,User 1236
1237,user_1237,User 1237
1238,user_1238,User 1238
1239,user_1239,User 1239
1240,user_1240,User 1240
1241,user_1241,User 1241
1242,user_1242,User 1242
1243,user_1243,User 1243
1244,user_1244,User 1244
1245,user_1245,User 1245
1246,user_1246,User 1246
1247,user_1247,User 1247
1248,user_1248,User 1248
1249,user_1249,User 1249
1250,user_1250,User 1250
1251,user_1251,User 1251
1252,user_1252,User 1252
1253,user_1253,User 1253
1254,user_1254,User 1254
1255,user_1255,User 1255
1256,user_1256,User 1256
1257,user_1257,User 1257
1258,user_1258,User 1258
1259,user_1259,User 1259
1260,user_1260,User 1260
1261,user_1261,User 1261
1262,user_1262,User 1262
1263,user_1263,User 1263
1264,user_1264,User 1264
1265,user_1265,User 1265
1266,user_1266,User 1266
1267,user_1267,User 1267
1268,user_1268,User 1268
1269,user_1269,User 1269
1270,user_1270,User 1270
1271,user_1271,User 1271
1272,user_1272,User 1272
1273,user_1273,User 1273
1274,user_1274,User 1274
1275,user_1275,User 1275
1276,user_1276,User 1276
1277,user_1277,User 1277
1278,user_1278,User 1278
1279,user_1279,User 1279
1280,user_1280,User 1280
1281,user_1281,User 1281
1282,user_1282,User 1282
1283,user_1283,User 1283
1284,user_1284,User 1284
1285,user_1285,User 1285
1286,user_1286,User 1286
1287,user_1287,User 1287
1288,user_1288,User 1288
1289,user_1289,User 1289
1290,user_1290,User 1290
1291,user_1291,User 1291
1292,user_1292,User 1292
1293,user_1293,User 1293
1294,user_1294,User 1294
1295,user_1295,User 1295
1296,user_1296,User 1296
1297,user_1297,User 1297
1298,user_1298,User 1298
1299,user_1299,User 1299
1300,user_1300,User 1300
1301,user_1301,User 1301
1302,user_1302,User 1302
1303,user_1303,User 1303
1304,user_1304,User 1304
1305,user_1305,User 1305
1306,user_1306,User 1306
1307,user_1307,User 1307
1308,user_1308,User 1308
1309,user_1309,User 1309
1310,user_1310,User 1310
1311,user_1311,User 1311
1312,user_1312,User 1312
1313,user_1313,User 1313
1314,user_1314,User 1314
1315,user_1315,User 1315
1316,user_1316,User 1316
1317,user_1317,User 1317
1318,user_1318,User 1318
1319,user_1319,User 1319
1320,user_1320,User 1320
1321,user_1321,User 1321
1322,user_1322,User 1322
1323,user_1323,User 1323
1324,user_1324,User 1324
1325,user_1325,User 1325
1326,user_1326,User 1326
1327,user_1327,User 1327
1328,user_1328,User 1328
1329,user_1329,User 1329
1330,user_1330,User 1330
1331,user_1331,User 1331
1332,user_1332,User 1332
1333,user_1333,User 1333
1334,user_1334,User 1334
1335,user_1335,User 1335
1336,user_1336,User 1336
1337,user_1337,User 1337
1338,user_1338,User 1338
1339,user_1339,User 1339
1340,user_1340,User 1340
1341,user_1341,User 1341
1342,user_1342,User 1342
1343,user_1343,User 1343
1344,user_1344,User 1344
1345,user_1345,User 1345
1346,user_1346,User 1346
1347,user_1347,User 1347
1348,user_1348,User 1348
1349,user_1349,User 1349
1350,user_1350,User 1350
1351,user_1351,User 1351
1352,user_1352,User 1352
1353,user_1353,User 1353
1354,user_1354,User 1354
1355,user_1355,User 1355
1356,user_1356,User 1356
1357,user_1357,User 1357
1358,user_1358,User 1358
1359,user_1359,User 1359
1360,user_1360,User 1360
1361,user_1361,User 1361
1362,user_1362,User 1362
1363,user_1363,User 1363
1364,user_1364,User 1364
1365,user_1365,User 1365
1366,user_1366,User 1366
1367,user_1367,User 1367
1368,user_1368,User 1368
1369,user_1369,User 1369
1370,user_1370,User 1370
1371,user_1371,User 1371
1372,user_1372,User 1372
1373,user_1373,User 1373
1374,user_1374,User 1374
1375,user_1375,User 1375
1376,user_1376,User 1376
1377,user_1377,User 1377
1378,user_1378,User 1378
1379,user_1379,User 1379
1380,user_1380,User 1380
1381,user_1381,User 1381
1382,user_1382,User 1382
1383,user_1383,User 1383
1384,user_1384,User 1384
1385,user_1385,User 1385
1386,user_1386,User 1386
1387,user_1387,User 1387
1388,user_1388,User 1388
1389,user_1389,User 1389
1390,user_1390,User 1390
1391,user_1391,User 1391
1392,user_1392,User 1392
1393,user_1393,User 1393
1394,user_1394,User 1394
1395,user_1395,User 1395
1396,user_1396,User 1396
1397,user_1397,User 1397
1398,user_1398,User 1398
1399,user_1399,User 1399
1400,user_1400,User 1400
1401,user_1401,User 1401
1402,user_1402,User 1402
1403,user_1403,User 1403
1404,user_1404,User 1404
1405,user_1405,User 1405
1406,user_1406,User 1406
1407,user_1407,User 1407
1408,user_1408,User 1408
1409,user_1409,User 1409
1410,user_1410,User 1410
1411,user_1411,User 1411
1412,user_1412,User 1412
1413,user_1413,User 1413
1414,user_1414,User 1414
1415,user_1415,User 1415
1416,user_1416,User 1416
1417,user_1417,User 1417
1418,user_1418,User 1418
1419,user_1419,User 1419
1420,user_1420,User 1420
1421,user_1421,User 1421
1422,user_1422,User 1422
1423,user_1423,User 1423
1424,user_1424,User 1424
1425,user_1425,User 1425
1426,user_1426,User 1426
1427,user_1427,User 1427
1428,user_1428,User 1428
1429,user_1429,User 1429
1430,user_1430,User 1430
1431,user_1431,User 1431
1432,user_1432,User 1432
1433,user_1433,User 1433
1434,user_1434,User 1434
1435,user_1435,User 1435
1436,user_1436,User 1436
1437,user_1437,User 1437
1438,user_1438,User 1438
1439,user_1439,User 1439
1440,user_1440,User 1440
1441,user_1441,User 1441
1442,user_1442,User 1442
1443,user_1443,User 1443
1444,user_1444,User 1444
1445,user_1445,User 1445
1446,user_1446,User 1446
1447,user_1447,User 1447
1448,user_1448,User 1448
1449,user_1449,User 1449
1450,user_1450,User 1450
1451,user_1451,User 1451
1452,user_1452,User 1452
1453,user_1453,User 1453
1454,user_1454,User 1454
1455,user_1455,User 1455
1456,user_1456,User 1456
1457,user_1457,User 1457
1458,user_1458,User 1458
1459,user_1459,User 1459
1460,user_1460,User 1460
1461,user_1461,User 1461
1462,user_1462,User 1462
1463,user_1463,User 1463
1464,user_1464,User 1464
1465,user_1465,User 1465
1466,user_1466,User 1466
1467,user_1467,User 1467
1468,user_1468,User 1468
1469,user_1469,User 1469
1470,user_1470,User 1470
1471,user_1471,User 1471
1472,user_1472,User 1472
1473,user_1473,User 1473
1474,user_1474,User 1474
1475,user_1475,User 1475
1476,user_1476,User 1476
1477,user_1477,User 1477
1478,user_1478,User 1478
1479,user_1479,User 1479
1480,user_1480,User 1480
1481,user_1481,User 1481
1482,user_1482,User 1482
1483,user_1483,User 1483
1484,user_1484,User 1484
1485,user_1485,User 1485
1486,user_1486,User 1486
1487,user_1487,User 1487
1488,user_1488,User 1488
1489,user_1489,User 1489
1490,user_1490,User 1490
1491,user_1491,User 1491
1492,user_1492,User 1492
1493,user_1493,User 1493
1494,user_1494,User 1494
1495,user_1495,User 1495
1496,user_1496,User 1496
1497,user_1497,User 1497
1498,user_1498,User 1498
1499,user_1499,User 1499
1500,user_1500,User 1500
1501,user_1501,User 1501
1502,user_1502,User 1502
1503,user_1503,User 1503
1504,user_1504,User 1504
1505,user_1505,User 1505
1506,user_1506,User 1506
1507,user_1507,User 1507
1508,user_1508,User 1508
1509,user_1509,User 1509
1510,user_1510,User 1510
1511,user_1511,User 1511
1512,user_1512,User 1512
1513,user_1513,User 1513
1514,user_1514,User 1514
1515,user_1515,User 1515
1516,user_1516,User 1516
1517,user_1517,User 1517
1518,user_1518,User 1518
1519,user_1519,User 1519
1520,user_1520,User 1520
1521,user_1521,User 1521
1522,user_1522,User 1522
1523,user_1523,User 1523
1524,user_1524,User 1524
1525,user_1525,User 1525
1526,user_1526,User 1526
1527,user_1527,User 1527
1528,user_1528,User 1528
1529,user_1529,User 1529
1530,user_1530,User 1530
1531,user_1531,User 1531
1532,user_1532,User 1532
1533,user_1533,User 1533
1534,user_1534,User 1534
1535,user_1535,User 1535
1536,user_1536,User 1536
1537,user_1537,User 1537
1538,user_1538,User 1538
1539,user_1539,User 1539
1540,user_1540,User 1540
1541,user_1541,User 1541
1542,user_1542,User 1542
1543,user_1543,User 1543
1544,user_1544,User 1544
1545,user_1545,User 1545
1546,user_1546,User 1546
1547,user_1547,User 1547
1548,user_1548,User 1548
1549,user_1549,User 1549
1550,user_1550,User 1550
1551,user_1551,User 1551
1552,user_1552,User 1552
1553,user_1553,User 1553
1554,user_1554,User 1554
1555,user_1555,User 1555
1556,user_1556,User 1556
1557,user_1557,User 1557
1558,user_1558,User 1558
1559,user_1559,User 1559
1560,user_1560,User 1560
1561,user_1561,User 1561
1562,user_1562,User 1562
1563,user_1563,User 1563
1564,user_1564,User 1564
1565,user_1565,User 1565
1566,user_1566,User 1566
1567,user_1567,User 1567
1568,user_1568,User 1568
1569,user_1569,User 1569
1570,user_1570,User 1570
1571,user_1571,User 1571
1572,user_1572,User 1572
1573,user_1573,User 1573
1574,user_1574,User 1574
1575,user_1575,User 1575
1576,user_1576,User 1576
1577,user_1577,User 1577
1578,user_1578,User 1578
1579,user_1579,User 1579
1580,user_1580,User 1580
1581,user_1581,User 1581
1582,user_1582,User 1582
1583,user_1583,User 1583
1584,user_1584,User 1584
1585,user_1585,User 1585
1586,user_1586,User 1586
1587,user_1587,User 1587
1588,user_1588,User 1588
1589,user_1589,User 1589
1590,user_1590,User 1590
1591,user_1591,User 1591
1592,user_1592,User 1592
1593,user_1593,User 1593
1594,user_1594,User 1594
1595,user_1595,User 1595
1596,user_1596,User 1596
1597,user_1597,User 1597
1598,user_1598,User 1598
1599,user_1599,User 1599
1600,user_1600,User 1600
1601,user_1601,User 1601
1602,user_1602,User 1602
1603,user_1603,User 1603
1604,user_1604,User 1604
1605,user_1605,User 1605
1606,user_1606,User 1606
1607,user_1607,User 1607
1608,user_1608,User 1608
1609,user_1609,User 1609
1610,user_1610,User 1610
1611,user_1611,User 1611
1612,user_1612,User 1612
1613,user_1613,User 1613
1614,user_1614,User 1614
1615,user_1615,User 1615
1616,user_1616,User 1616
1617,user_1617,User 1617
1618,user_1618,User 1618
1619,user_1619,User 1619
1620,user_1620,User 1620
1621,user_1621,User 1621
1622,user_1622,User 1622
1623,user_1623,User 1623
1624,user_1624,User 1624
1625,user_1625,User 1625
1626,user_1626,User 1626
1627,user_1627,User 1627
1628,user_1628,User 1628
1629,user_1629,User 1629
1630,user_1630,User 1630
1631,user_1631,User 1631
1632,user_1632,User 1632
1633,user_1633,User 1633
1634,user_1634,User 1634
1635,user_1635,User 1635
1636,user_1636,User 1636
1637,user_1637,User 1637
1638,user_1638,User 1638
1639,user_1639,User 1639
1640,user_1640,User 1640
1641,user_1641,User 1641
1642,user_1642,User 1642
1643,user_1643,User 1643
1644,user_1644,User 1644
1645,user_1645,User 1645
1646,user_1646,User 1646
1647,user_1647,User 1647
1648,user_1648,User 1648
1649,user_1649,User 1649
1650,user_1650,User 1650
1651,user_1651,User 1651
1652,user_1652,User 1652
1653,user_1653,User 1653
1654,user_1654,User 1654
1655,user_1655,User 1655
1656,user_1656,User 1656
1657,user_1657,User 1657
1658,user_1658,User 1658
1659,user_1659,User 1659
1660,user_1660,User 1660
1661,user_1661,User 1661
1662,user_1662,User 1662
1663,user_1663,User 1663
1664,user_1664,User 1664
1665,user_1665,User 1665
1666,user_1666,User 1666
1667,user_1667,User 1667
1668,user_1668,User 1668
1669,user_1669,User 1669
1670,user_1670,User 1670
1671,user_1671,User 1671
1672,user_1672,User 1672
1673,user_1673,User 1673
1674,user_1674,User 1674
1675,user_1675,User 1675
1676,user_1676,User 1676
1677,user_1677,User 1677
1678,user_1678,User 1678
1679,user_1679,User 1679
1680,user_1680,User 1680
1681,user_1681,User 1681
1682,user_1682,User 1682
1683,user_1683,User 1683
1684,user_1684,User 1684
1685,user_1685,User 1685
1686,user_1686,User 1686
1687,user_1687,User 1687
1688,user_1688,User 1688
1689,user_1689,User 1689
1690,user_1690,User 1690
1691,user_1691,User 1691
1692,user_1692,User 1692
1693,user_1693,User 1693
1694,user_1694,User 1694
1695,user_1695,User 1695
1696,user_1696,User 1696
1697,user_1697,User 1697
1698,user_1698,User 1698
1699,user_1699,User 1699
1700,user_1700,User 1700
1701,user_1701,User 1701
1702,user_1702,User 1702
1703,user_1703,User 1703
1704,user_1704,User 1704
1705,user_1705,User 1705
1706,user_1706,User 1706
1707,user_1707,User 1707
1708,user_1708,User 1708
1709,user_1709,User 1709
1710,user_1710,User 1710
1711,user_1711,User 1711
1712,user_1712,User 1712
1713,user_1713,User 1713
1714,user_1714,User 1714
1715,user_1715,User 1715
1716,user_1716,User 1716
1717,user_1717,User 1717
1718,user_1718,User 1718
1719,user_1719,User 1719
1720,user_1720,User 1720
1721,user_1721,User 1721
1722,user_1722,User 1722
1723,user_1723,User 1723
1724,user_1724,User 1724
1725,user_1725,User 1725
1726,user_1726,User 1726
1727,user_1727,User 1727
1728,user_1728,User 1728
1729,user_1729,User 1729
1730,user_1730,User 1730
1731,user_1731,User 1731
1732,user_1732,User 1732
1733,user_1733,User 1733
1734,user_1734,User 1734
1735,user_1735,User 1735
1736,user_1736,User 1736
1737,user_1737,User 1737
1738,user_1738,User 1738
1739,user_1739,User 1739
1740,user_1740,User 1740
1741,user_1741,User 1741
1742,user_1742,User 1742
1743,user_1743,User 1743
1744,user_1744,User 1744
1745,user_1745,User 1745
1746,user_1746,User 1746
1747,user_1747,User 1747
1748,user_1748,User 1748
1749,user_1749,User 1749
1750,user_1750,User 1750
1751,user_1751,User 1751
1752,user_1752,User 1752
1753,user_1753,User 1753
1754,user_1754,User 1754
1755,user_1755,User 1755
1756,user_1756,User 1756
1757,user_1757,User 1757
1758,user_1758,User 1758
1759,user_1759,User 1759
1760,user_1760,User 1760
1761,user_1761,User 1761
1762,user_1762,User 1762
1763,user_1763,User 1763
1764,user_1764,User 1764
1765,user_1765,User 1765
1766,user_1766,User 1766
1767,user_1767,User 1767
1768,user_1768,User 1768
1769,user_1769,User 1769
1770,user_1770,User 1770
1771,user_1771,User 1771
1772,user_1772,User 1772
1773,user_1773,User 1773
1774,user_1774,User 1774
1775,user_1775,User 1775
1776,user_1776,User 1776
1777,user_1777,User 1777
1778,user_1778,User 1778
1779,user_1779,User 1779
1780,user_1780,User 1780
1781,user_1781,User 1781
1782,user_1782,User 1782
1783,user_1783,User 1783
1784,user_1784,User 1784
1785,user_1785,User 1785
1786,user_1786,User 1786
1787,user_1787,User 1787
1788,user_1788,User 1788
1789,user_1789,User 1789
1790,user_1790,User 1790
1791,user_1791,User 1791
1792,user_1792,User 1792
1793,user_1793,User 1793
1794,user_1794,User 1794
1795,user_1795,User 1795
1796,user_1796,User 1796
1797,user_1797,User 1797
1798,user_1798,User 1798
1799,user_1799,User 1799
1800,user_1800,User 1800
1801,user_1801,User 1801
1802,user_1802,User 1802
1803,user_1803,User 1803
1804,user_1804,User 1804
1805,user_1805,User 1805
1806,user_1806,User 1806
1807,user_1807,User 1807
1808,user_1808,User 1808
1809,user_1809,User 1809
1810,user_1810,User 1810
1811,user_1811,User 1811
1812,user_1812,User 1812
1813,user_1813,User 1813
1814,user_1814,User 1814
1815,user_1815,User 1815
1816,user_1816,User 1816
1817,user_1817,User 1817
1818,user_1818,User 1818
1819,user_1819,User 1819
1820,user_1820,User 1820
1821,user_1821,User 1821
1822,user_1822,User 1822
1823,user_1823,User 1823
1824,user_1824,User 1824
1825,user_1825,User 1825
1826,user_1826,User 1826
1827,user_1827,User 1827
1828,user_1828,User 1828
1829,user_1829,User 1829
1830,user_1830,User 1830
1831,user_1831,User 1831
1832,user_1832,User 1832
1833,user_1833,User 1833
1834,user_1834,User 1834
1835,user_1835,User 1835
1836,user_1836,User 1836
1837,user_1837,User 1837
1838,user_1838,User 1838
1839,user_1839,User 1839
1840,user_1840,User 1840
1841,user_1841,User 1841
1842,user_1842,User 1842
1843,user_1843,User 1843
1844,user_1844,User 1844
1845,user_1845,User 1845
1846,user_1846,User 1846
1847,user_1847,User 1847
1848,user_1848,User 1848
1849,user_1849,User 1849
1850,user_1850,User 1850
1851,user_1851,User 1851
1852,user_1852,User 1852
1853,user_1853,User 1853
1854,user_1854,User 1854
1855,user_1855,User 1855
1856,user_1856,User 1856
1857,user_1857,User 1857
1858,user_1858,User 1858
1859,user_1859,User 1859
1860,user_1860,User 1860
1861,user_1861,User 1861
1862,user_1862,User 1862
1863,user_1863,User 1863
1864,user_1864,User 1864
1865,user_1865,User 1865
1866,user_1866,User 1866
1867,user_1867,User 1867
1868,user_1868,User 1868
1869,user_1869,User 1869
1870,user_1870,User 1870
1871,user_1871,User 1871
1872,user_1872,User 1872
1873,user_1873,User 1873
1874,user_1874,User 1874
1875,user_1875,User 1875
1876,user_1876,User 1876
1877,user_1877,User 1877
1878,user_1878,User 1878
1879,user_1879,User 1879
1880,user_1880,User 1880
1881,user_1881,User 1881
1882,user_1882,User 1882
1883,user_1883,User 1883
1884,user_1884,User 1884
1885,user_1885,User 1885
1886,user_1886,User 1886
1887,user_1887,User 1887
1888,user_1888,User 1888
1889,user_1889,User 1889
1890,user_1890,User 1890
1891,user_1891,User 1891
1892,user_1892,User 1892
1893,user_1893,User 1893
1894,user_1894,User 1894
1895,user_1895,User 1895
1896,user_1896,User 1896
1897,user_1897,User 1897
1898,user_1898,User 1898
1899,user_1899,User 1899
1900,user_1900,User 1900
1901,user_1901,User 1901
1902,user_1902,User 1902
1903,user_1903,User 1903
1904,user_1904,User 1904
1905,user_1905,User 1905
1906,user_1906,User 1906
1907,user_1907,User 1907
1908,user_1908,User 1908
1909,user_1909,User 1909
1910,user_1910,User 1910
1911,user_1911,User 1911
1912,user_1912,User 1912
1913,user_1913,User 1913
1914,user_1914,User 1914
1915,user_1915,User 1915
1916,user_1916,User 1916
1917,user_1917,User 1917
1918,user_1918,User 1918
1919,user_1919,User 1919
1920,user_1920,User 1920
1921,user_1921,User 1921
1922,user_1922,User 1922
1923,user_1923,User 1923
1924,user_1924,User 1924
1925,user_1925,User 1925
1926,user_1926,User 1926
1927,user_1927,User 1927
1928,user_1928,User 1928
1929,user_1929,User 1929
1930,user_1930,User 1930
1931,user_1931,User 1931
1932,user_1932,User 1932
1933,user_1933,User 1933
1934,user_1934,User 1934
1935,user_1935,User 1935
1936,user_1936,User 1936
1937,user_1937,User 1937
1938,user_1938,User 1938
1939,user_1939,User 1939
1940,user_1940,User 1940
1941,user_1941,User 1941
1942,user_1942,User 1942
1943,user_1943,User 1943
1944,user_1944,User 1944
1945,user_1945,User 1945
1946,user_1946,User 1946
1947,user_1947,User 1947
1948,user_1948,User 1948
1949,user_1949,User 1949
1950,user_1950,User 1950
1951,user_1951,User 1951
1952,user_1952,User 1952
1953,user_1953,User 1953
1954,user_1954,User 1954
1955,user_1955,User 1955
1956,user_1956,User 1956
1957,user_1957,User 1957
1958,user_1958,User 1958
1959,user_1959,User 1959
1960,user_1960,User 1960
1961,user_1961,User 1961
1962,user_1962,User 1962
1963,user_1963,User 1963
1964,user_1964,User 1964
1965,user_1965,User 1965
1966,user_1966,User 1966
1967,user_1967,User 1967
1968,user_1968,User 1968
1969,user_1969,User 1969
1970,user_1970,User 1970
1971,user_1971,User 1971
1972,user_1972,User 1972
1973,user_1973,User 1973
1974,user_1974,User 1974
1975,user_1975,User 1975
1976,user_1976,User 1976
1977,user_1977,User 1977
1978,user_1978,User 1978
1979,user_1979,User 1979
1980,user_1980,User 1980
1981,user_1981,User 1981
1982,user_1982,User 1982
1983,user_1983,User 1983
1984,user_1984,User 1984
1985,user_1985,User 1985
1986,user_1986,User 1986
1987,user_1987,User 1987
1988,user_1988,User 1988
1989,user_1989,User 1989
1990,user_1990,User 1990
1991,user_1991,User 1991
1992,user_1992,User 1992
1993,user_1993,User 1993
1994,user_1994,User 1994
1995,user_1995,User 1995
1996,user_1996,User 1996
1997,user_1997,User 1997
1998,user_1998,User 1998
1999,user_1999,User 1999
2000,user_2000,User 2000
2001,user_2001,User 2001
2002,user_2002,User 2002
2003,user_2003,User 2003
2004,user_2004,User 2004
2005,user_2005,User 2005
2006,user_2006,User 2006
2007,user_2007,User 2007
2008,user_2008,User 2008
2009,user_2009,User 2009
2010,user_2010,User 2010
2011,user_2011,User 2011
2012,user_2012,User 2012
2013,user_2013,User 2013
2014,user_2014,User 2014
2015,user_2015,User 2015
2016,user_2016,User 2016
2017,user_2017,User 2017
2018,user_2018,User 2018
2019,user_2019,User 2019
2020,user_2020,User 2020
2021,user_2021,User 2021
2022,user_2022,User 2022
2023,user_2023,User 2023
2024,user_2024,User 2024
2025,user_2025,User 2025
2026,user_2026,User 2026
2027,user_2027,User 2027
2028,user_2028,User 2028
2029,user_2029,User 2029
2030,user_2030,User 2030
2031,user_2031,User 2031
2032,user_2032,User 2032
2033,user_2033,User 2033
2034,user_2034,User 2034
2035,user_2035,User 2035
2036,user_2036,User 2036
2037,user_2037,User 2037
2038,user_2038,User 2038
2039,user_2039,User 2039
2040,user_2040,User 2040
2041,user_2041,User 2041
2042,user_2042,User 2042
2043,user_2043,User 2043
2044,user_2044,User 2044
2045,user_2045,User 2045
2046,user_2046,User 2046
2047,user_2047,User 2047
2048,user_2048,User 2048
2049,user_2049,User 2049
2050,user_2050,User 2050
2051,user_2051,User 2051
2052,user_2052,User 2052
2053,user_2053,User 2053
2054,user_2054,User 2054
2055,user_2055,User 2055
2056,user_2056,User 2056
2057,user_2057,User 2057
2058,user_2058,User 2058
2059,user_2059,User 2059
2060,user_2060,User 2060
2061,user_2061,User 2061
2062,user_2062,User 2062
2063,user_2063,User 2063
2064,user_2064,User 2064
2065,user_2065,User 2065
2066,user_2066,User 2066
2067,user_2067,User 2067
2068,user_2068,User 2068
2069,user_2069,User 2069
2070,user_2070,User 2070
2071,user_2071,User 2071
2072,user_2072,User 2072
2073,user_2073,User 2073
2074,user_2074,User 2074
2075,user_2075,User 2075
2076,user_2076,User 2076
2077,user_2077,User 2077
2078,user_2078,User 2078
2079,user_2079,User 2079
2080,user_2080,User 2080
2081,user_2081,User 2081
2082,user_2082,User 2082
2083,user_2083,User 2083
2084,user_2084,User 2084
2085,user_2085,User 2085
2086,user_2086,User 2086
2087,user_2087,User 2087
2088,user_2088,User 2088
2089,user_2089,User 2089
2090,user_2090,User 2090
2091,user_2091,User 2091
2092,user_2092,User 2092
2093,user_2093,User 2093
2094,user_2094,User 2094
2095,user_2095,User 2095
2096,user_2096,User 2096
2097,user_2097,User 2097
2098,user_2098,User 2098
2099,user_2099,User 2099
2100,user_2100,User 2100
2101,user_2101,User 2101
2102,user_2102,User 2102
2103,user_2103,User 2103
2104,user_2104,User 2104
2105,user_2105,User 2105
2106,user_2106,User 2106
2107,user_2107,User 2107
2108,user_2108,User 2108
2109,user_2109,User 2109
2110,user_2110,User 2110
2111,user_2111,User 2111
2112,user_2112,User 2112
2113,user_2113,User 2113
2114,user_2114,User 2114
2115,user_2115,User 2115
2116,user_2116,User 2116
2117,user_2117,User 2117
2118,user_2118,User 2118
2119,user_2119,User 2119
2120,user_2120,User 2120
2121,user_2121,User 2121
2122,user_2122,User 2122
2123,user_2123,User 2123
2124,user_2124,User 2124
2125,user_2125,User 2125
2126,user_2126,User 2126
2127,user_2127,User 2127
2128,user_2128,User 2128
2129,user_2129,User 2129
2130,user_2130,User 2130
2131,user_2131,User 2131
2132,user_2132,User 2132
2133,user_2133,User 2133
2134,user_2134,User 2134
2135,user_2135,User 2135
2136,user_2136,User 2136
2137,user_2137,User 2137
2138,user_2138,User 2138
2139,user_2139,User 2139
2140,user_2140,User 2140
2141,user_2141,User 2141
2142,user_2142,User 2142
2143,user_2143,User 2143
2144,user_2144,User 2144
2145,user_2145,User 2145
2146,user_2146,User 2146
2147,user_2147,User 2147
2148,user_2148,User 2148
2149,user_2149,User 2149
2150,user_2150,User 2150
2151,user_2151,User 2151
2152,user_2152,User 2152
2153,user_2153,User 2153
2154,user_2154,User 2154
2155,user_2155,User 2155
2156,user_2156,User 2156
2157,user_2157,User 2157
2158,user_2158,User 2158
2159,user_2159,User 2159
2160,user_2160,User 2160
2161,user_2161,User 2161
2162,user_2162,User 2162
2163,user_2163,User 2163
2164,user_2164,User 2164
2165,user_2165,User 2165
2166,user_2166,User 2166
2167,user_2167,User 2167
2168,user_2168,User 2168
2169,user_2169,User 2169
2170,user_2170,User 2170
2171,user_2171,User 2171
2172,user_2172,User 2172
2173,user_2173,User 2173
2174,user_2174,User 2174
2175,user_2175,User 2175
2176,user_2176,User 2176
2177,user_2177,User 2177
2178,user_2178,User 2178
2179,user_2179,User 2179
2180,user_2180,User 2180
2181,user_2181,User 2181
2182,user_2182,User 2182
2183,user_2183,User 2183
2184,user_2184,User 2184
2185,user_2185,User 2185
2186,user_2186,User 2186
2187,user_2187,User 2187
2188,user_2188,User 2188
2189,user_2189,User 2189
2190,user_2190,User 2190
2191,user_2191,User 2191
2192,user_2192,User 2192
2193,user_2193,User 2193
2194,user_2194,User 2194
2195,user_2195,User 2195
2196,user_2196,User 2196
2197,user_2197,User 2197
2198,user_2198,User 2198
2199,user_2199,User 2199
2200,user_2200,User 2200
2201,user_2201,User 2201
2202,user_2202,User 2202
2203,user_2203,User 2203
2204,user_2204,User 2204
2205,user_2205,User 2205
2206,user_2206,User 2206
2207,user_2207,User 2207
2208,user_2208,User 2208
2209,user_2209,User 2209
2210,user_2210,User 2210
2211,user_2211,User 2211
2212,user_2212,User 2212
2213,user_2213,User 2213
2214,user_2214,User 2214
2215,user_2215,User 2215
2216,user_2216,User 2216
2217,user_2217,User 2217
2218,user_2218,User 2218
2219,user_2219,User 2219
2220,user_2220,User 2220
2221,user_2221,User 2221
2222,user_2222,User 2222
2223,user_2223,User 2223
2224,user_2224,User 2224
2225,user_2225,User 2225
2226,user_2226,User 2226
2227,user_2227,User 2227
2228,user_2228,User 2228
2229,user_2229,User 2229
2230,user_2230,User 2230
2231,user_2231,User 2231
2232,user_2232,User 2232
2233,user_2233,User 2233
2234,user_2234,User 2234
2235,user_2235,User 2235
2236,user_2236,User 2236
2237,user_2237,User 2237
2238,user_2238,User 2238
2239,user_2239,User 2239
2240,user_2240,User 2240
2241,user_2241,User 2241
2242,user_2242,User 2242
2243,user_2243,User 2243
2244,user_2244,User 2244
2245,user_2245,User 2245
2246,user_2246,User 2246
2247,user_2247,User 2247
2248,user_2248,User 2248
2249,user_2249,User 2249
2250,user_2250,User 2250
2251,user_2251,User 2251
2252,user_2252,User 2252
2253,user_2253,User 2253
2254,user_2254,User 2254
2255,user_2255,User 2255
2256,user_2256,User 2256
2257,user_2257,User 2257
2258,user_2258,User 2258
2259,user_2259,User 2259
2260,user_2260,User 2260
2261,user_2261,User 2261
2262,user_2262,User 2262
2263,user_2263,User 2263
2264,user_2264,User 2264
2265,user_2265,User 2265
2266,user_2266,User 2266
2267,user_2267,User 2267
2268,user_2268,User 2268
2269,user_2269,User 2269
2270,user_2270,User 2270
2271,user_2271,User 2271
2272,user_2272,User 2272
2273,user_2273,User 2273
2274,user_2274,User 2274
2275,user_2275,User 2275
2276,user_2276,User 2276
2277,user_2277,User 2277
2278,user_2278,User 2278
2279,user_2279,User 2279
2280,user_2280,User 2280
2281,user_2281,User 2281
2282,user_2282,User 2282
2283,user_2283,User 2283
2284,user_2284,User 2284
2285,user_2285,User 2285
2286,user_2286,User 2286
2287,user_2287,User 2287
2288,user_2288,User 2288
2289,user_2289,User 2289
2290,user_2290,User 2290
2291,user_2291,User 2291
2292,user_2292,User 2292
2293,user_2293,User 2293
2294,user_2294,User 2294
2295,user_2295,User 2295
2296,user_2296,User 2296
2297,user_2297,User 2297
2298,user_2298,User 2298
2299,user_2299,User 2299
2300,user_2300,User 2300
2301,user_2301,User 2301
2302,user_2302,User 2302
2303,user_2303,User 2303
2304,user_2304,User 2304
2305,user_2305,User 2305
2306,user_2306,User 2306
2307,user_2307,User 2307
2308,user_2308,User 2308
2309,user_2309,User 2309
2310,user_2310,User 2310
2311,user_2311,User 2311
2312,user_2312,User 2312
2313,user_2313,User 2313
2314,user_2314,User 2314
2315,user_2315,User 2315
2316,user_2316,User 2316
2317,user_2317,User 2317
2318,user_2318,User 2318
2319,user_2319,User 2319
2320,user_2320,User 2320
2321,user_2321,User 2321
2322,user_2322,User 2322
2323,user_2323,User 2323
2324,user_2324,User 2324
2325,user_2325,User 2325
2326,user_2326,User 2326
2327,user_2327,User 2327
2328,user_2328,User 2328
2329,user_2329,User 2329
2330,user_2330,User 2330
2331,user_2331,User 2331
2332,user_2332,User 2332
2333,user_2333,User 2333
2334,user_2334,User 2334
2335,user_2335,User 2335
2336,user_2336,User 2336
2337,user_2337,User 2337
2338,user_2338,User 2338
2339,user_2339,User 2339
2340,user_2340,User 2340
2341,user_2341,User 2341
2342,user_2342,User 2342
2343,user_2343,User 2343
2344,user_2344,User 2344
2345,user_2345,User 2345
2346,user_2346,User 2346
2347,user_2347,User 2347
2348,user_2348,User 2348
2349,user_2349,User 2349
2350,user_2350,User 2350
2351,user_2351,User 2351
2352,user_2352,User 2352
2353,user_2353,User 2353
2354,user_2354,User 2354
2355,user_2355,User 2355
2356,user_2356,User 2356
2357,user_2357,User 2357
2358,user_2358,User 2358
2359,user_2359,User 2359
2360,user_2360,User 2360
2361,user_2361,User 2361
2362,user_2362,User 2362
2363,user_2363,User 2363
2364,user_2364,User 2364
2365,user_2365,User 2365
2366,user_2366,User 2366
2367,user_2367,User 2367
2368,user_2368,User 2368
2369,user_2369,User 2369
2370,user_2370,User 2370
2371,user_2371,User 2371
2372,user_2372,User 2372
2373,user_2373,User 2373
2374,user_2374,User 2374
2375,user_2375,User 2375
2376,user_2376,User 2376
2377,user_2377,User 2377
2378,user_2378,User 2378
2379,user_2379,User 2379
2380,user_2380,User 2380
2381,user_2381,User 2381
2382,user_2382,User 2382
2383,user_2383,User 2383
2384,user_2384,User 2384
2385,user_2385,User 2385
2386,user_2386,User 2386
2387,user_2387,User 2387
2388,user_2388,User 2388
2389,user_2389,User 2389
2390,user_2390,User 2390
2391,user_2391,User 2391
2392,user_2392,User 2392
2393,user_2393,User 2393
2394,user_2394,User 2394
2395,user_2395,User 2395
2396,user_2396,User 2396
2397,user_2397,User 2397
2398,user_2398,User 2398
2399,user_2399,User 2399
2400,user_2400,User 2400
2401,user_2401,User 2401
2402,user_2402,User 2402
2403,user_2403,User 2403
2404,user_2404,User 2404
2405,user_2405,User 2405
2406,user_2406,User 2406
2407,user_2407,User 2407
2408,user_2408,User 2408
2409,user_2409,User 2409
2410,user_2410,User 2410
2411,user_2411,User 2411
2412,user_2412,User 2412
2413,user_2413,User 2413
2414,user_2414,User 2414
2415,user_2415,User 2415
2416,user_2416,User 2416
2417,user_2417,User 2417
2418,user_2418,User 2418
2419,user_2419,User 2419
2420,user_2420,User 2420
2421,user_2421,User 2421
2422,user_2422,User 2422
2423,user_2423,User 2423
2424,user_2424,User 2424
2425,user_2425,User 2425
2426,user_2426,User 2426
2427,user_2427,User 2427
2428,user_2428,User 2428
2429,user_2429,User 2429
2430,user_2430,User 2430
2431,user_2431,User 2431
2432,user_2432,User 2432
2433,user_2433,User 2433
2434,user_2434,User 2434
2435,user_2435,User 2435
2436,user_2436,User 2436
2437,user_2437,User 2437
2438,user_2438,User 2438
2439,user_2439,User 2439
2440,user_2440,User 2440
2441,user_2441,User 2441
2442,user_2442,User 2442
2443,user_2443,User 2443
2444,user_2444,User 2444
2445,user_2445,User 2445
2446,user_2446,User 2446
2447,user_2447,User 2447
2448,user_2448,User 2448
2449,user_2449,User 2449
2450,user_2450,User 2450
2451,user_2451,User 2451
2452,user_2452,User 2452
2453,user_2453,User 2453
2454,user_2454,User 2454
2455,user_2455,User 2455
2456,user_2456,User 2456
2457,user_2457,User 2457
2458,user_2458,User 2458
2459,user_2459,User 2459
2460,user_2460,User 2460
2461,user_2461,User 2461
2462,user_2462,User 2462
2463,user_2463,User 2463
2464,user_2464,User 2464
2465,user_2465,User 2465
2466,user_2466,User 2466
2467,user_2467,User 2467
2468,user_2468,User 2468
2469,user_2469,User 2469
2470,user_2470,User 2470
2471,user_2471,User 2471
2472,user_2472,User 2472
2473,user_2473,User 2473
2474,user_2474,User 2474
2475,user_2475,User 2475
2476,user_2476,User 2476
2477,user_2477,User 2477
2478,user_2478,User 2478
2479,user_2479,User 2479
2480,user_2480,User 2480
2481,user_2481,User 2481
2482,user_2482,User 2482
2483,user_2483,User 2483
2484,user_2484,User 2484
2485,user_2485,User 2485
2486,user_2486,User 2486
2487,user_2487,User 2487
2488,user_2488,User 2488
2489,user_2489,User 2489
2490,user_2490,User 2490
2491,user_2491,User 2491
2492,user_2492,User 2492
2493,user_2493,User 2493
2494,user_2494,User 2494
2495,user_2495,User 2495
2496,user_2496,User 2496
2497,user_2497,User 2497
2498,user_2498,User 2498
2499,user_2499,User 2499
2500,user_2500,User 2500
2501,user_2501,User 2501
2502,user_2502,User 2502
2503,user_2503,User 2503
2504,user_2504,User 2504
2505,user_2505,User 2505
2506,user_2506,User 2506
2507,user_2507,User 2507
2508,user_2508,User 2508
2509,user_2509,User 2509
2510,user_2510,User 2510
2511,user_2511,User 2511
2512,user_2512,User 2512
2513,user_2513,User 2513
2514,user_2514,User 2514
2515,user_2515,User 2515
2516,user_2516,User 2516
2517,user_2517,User 2517
2518,user_2518,User 2518
2519,user_2519,User 2519
2520,user_2520,User 2520
2521,user_2521,User 2521
2522,user_2522,User 2522
2523,user_2523,User 2523
2524,user_2524,User 2524
2525,user_2525,User 2525
2526,user_2526,User 2526
2527,user_2527,User 2527
2528,user_2528,User 2528
2529,user_2529,User 2529
2530,user_2530,User 2530
2531,user_2531,User 2531
2532,user_2532,User 2532
2533,user_2533,User 2533
2534,user_2534,User 2534
2535,user_2535,User 2535
2536,user_2536,User 2536
2537,user_2537,User 2537
2538,user_2538,User 2538
2539,user_2539,User 2539
2540,user_2540,User 2540
2541,user_2541,User 2541
2542,user_2542,User 2542
2543,user_2543,User 2543
2544,user_2544,User 2544
2545,user_2545,User 2545
2546,user_2546,User 2546
2547,user_2547,User 2547
2548,user_2548,User 2548
2549,user_2549,User 2549
2550,user_2550,User 2550
2551,user_2551,User 2551
2552,user_2552,User 2552
2553,user_2553,User 2553
2554,user_2554,User 2554
2555,user_2555,User 2555
2556,user_2556,User 2556
2557,user_2557,User 2557
2558,user_2558,User 2558
2559,user_2559,User 2559
2560,user_2560,User 2560
2561,user_2561,User 2561
2562,user_2562,User 2562
2563,user_2563,User 2563
2564,user_2564,User 2564
2565,user_2565,User 2565
2566,user_2566,User 2566
2567,user_2567,User 2567
2568,user_2568,User 2568
2569,user_2569,User 2569
2570,user_2570,User 2570
2571,user_2571,User 2571
2572,user_2572,User 2572
2573,user_2573,User 2573
2574,user_2574,User 2574
2575,user_2575,User 2575
2576,user_2576,User 2576
2577,user_2577,User 2577
2578,user_2578,User 2578
2579,user_2579,User 2579
2580,user_2580,User 2580
2581,user_2581,User 2581
2582,user_2582,User 2582
2583,user_2583,User 2583
2584,user_2584,User 2584
2585,user_2585,User 2585
2586,user_2586,User 2586
2587,user_2587,User 2587
2588,user_2588,User 2588
2589,user_2589,User 2589
2590,user_2590,User 2590
2591,user_2591,User 2591
2592,user_2592,User 2592
2593,user_2593,User 2593
2594,user_2594,User 2594
2595,user_2595,User 2595
2596,user_2596,User 2596
2597,user_2597,User 2597
2598,user_2598,User 2598
2599,user_2599,User 2599
2600,user_2600,User 2600
2601,user_2601,User 2601
2602,user_2602,User 2602
2603,user_2603,User 2603
2604,user_2604,User 2604
2605,user_2605,User 2605
2606,user_2606,User 2606
2607,user_2607,User 2607
2608,user_2608,User 2608
2609,user_2609,User 2609
2610,user_2610,User 2610
2611,user_2611,User 2611
2612,user_2612,User 2612
2613,user_2613,User 2613
2614,user_2614,User 2614
2615,user_2615,User 2615
2616,user_2616,User 2616
2617,user_2617,User 2617
2618,user_2618,User 2618
2619,user_2619,User 2619
2620,user_2620,User 2620
2621,user_2621,User 2621
2622,user_2622,User 2622
2623,user_2623,User 2623
2624,user_2624,User 2624
2625,user_2625,User 2625
2626,user_2626,User 2626
2627,user_2627,User 2627
2628,user_2628,User 2628
2629,user_2629,User 2629
2630,user_2630,User 2630
2631,user_2631,User 2631
2632,user_2632,User 2632
2633,user_2633,User 2633
2634,user_2634,User 2634
2635,user_2635,User 2635
2636,user_2636,User 2636
2637,user_2637,User 2637
2638,user_2638,User 2638
2639,user_2639,User 2639
2640,user_2640,User 2640
2641,user_2641,User 2641
2642,user_2642,User 2642
2643,user_2643,User 2643
2644,user_2644,User 2644
2645,user_2645,User 2645
2646,user_2646,User 2646
2647,user_2647,User 2647
2648,user_2648,User 2648
2649,user_2649,User 2649
2650,user_2650,User 2650
2651,user_2651,User 2651
2652,user_2652,User 2652
2653,user_2653,User 2653
2654,user_2654,User 2654
2655,user_2655,User 2655
2656,user_2656,User 2656
2657,user_2657,User 2657
2658,user_2658,User 2658
2659,user_2659,User 2659
2660,user_2660,User 2660
2661,user_2661,User 2661
2662,user_2662,User 2662
2663,user_2663,User 2663
2664,user_2664,User 2664
2665,user_2665,User 2665
2666,user_2666,User 2666
2667,user_2667,User 2667
2668,user_2668,User 2668
2669,user_2669,User 2669
2670,user_2670,User 2670
2671,user_2671,User 2671
2672,user_2672,User 2672
2673,user_2673,User 2673
2674,user_2674,User 2674
2675,user_2675,User 2675
2676,user_2676,User 2676
2677,user_2677,User 2677
2678,user_2678,User 2678
2679,user_2679,User 2679
2680,user_2680,User 2680
2681,user_2681,User 2681
2682,user_2682,User 2682
2683,user_2683,User 2683
2684,user_2684,User 2684
2685,user_2685,User 2685
2686,user_2686,User 2686
2687,user_2687,User 2687
2688,user_2688,User 2688
2689,user_2689,User 2689
2690,user_2690,User 2690
2691,user_2691,User 2691
2692,user_2692,User 2692
2693,user_2693,User 2693
2694,user_2694,User 2694
2695,user_2695,User 2695
2696,user_2696,User 2696
2697,user_2697,User 2697
2698,user_2698,User 2698
2699,user_2699,User 2699
2700,user_2700,User 2700
2701,user_2701,User 2701
2702,user_2702,User 2702
2703,user_2703,User 2703
2704,user_2704,User 2704
2705,user_2705,User 2705
2706,user_2706,User 2706
2707,user_2707,User 2707
2708,user_2708,User 2708
2709,user_2709,User 2709
2710,user_2710,User 2710
2711,user_2711,User 2711
2712,user_2712,User 2712
2713,user_2713,User 2713
2714,user_2714,User 2714
2715,user_2715,User 2715
2716,user_2716,User 2716
2717,user_2717,User 2717
2718,user_2718,User 2718
2719,user_2719,User 2719
2720,user_2720,User 2720
2721,user_2721,User 2721
2722,user_2722,User 2722
2723,user_2723,User 2723
2724,user_2724,User 2724
2725,user_2725,User 2725
2726,user_2726,User 2726
2727,user_2727,User 2727
2728,user_2728,User 2728
2729,user_2729,User 2729
2730,user_2730,User 2730
2731,user_2731,User 2731
2732,user_2732,User 2732
2733,user_2733,User 2733
2734,user_2734,User 2734
2735,user_2735,User 2735
2736,user_2736,User 2736
2737,user_2737,User 2737
2738,user_2738,User 2738
2739,user_2739,User 2739
2740,user_2740,User 2740
2741,user_2741,User 2741
2742,user_2742,User 2742
2743,user_2743,User 2743
2744,user_2744,User 2744
2745,user_2745,User 2745
2746,user_2746,User 2746
2747,user_2747,User 2747
2748,user_2748,User 2748
2749,user_2749,User 2749
2750,user_2750,User 2750
2751,user_2751,User 2751
2752,user_2752,User 2752
2753,user_2753,User 2753
2754,user_2754,User 2754
2755,user_2755,User 2755
2756,user_2756,User 2756
2757,user_2757,User 2757
2758,user_2758,User 2758
2759,user_2759,User 2759
2760,user_2760,User 2760
2761,user_2761,User 2761
2762,user_2762,User 2762
2763,user_2763,User 2763
2764,user_2764,User 2764
2765,user_2765,User 2765
2766,user_2766,User 2766
2767,user_2767,User 2767
2768,user_2768,User 2768
2769,user_2769,User 2769
2770,user_2770,User 2770
2771,user_2771,User 2771
2772,user_2772,User 2772
2773,user_2773,User 2773
2774,user_2774,User 2774
2775,user_2775,User 2775
2776,user_2776,User 2776
2777,user_2777,User 2777
2778,user_2778,User 2778
2779,user_2779,User 2779
2780,user_2780,User 2780
2781,user_2781,User 2781
2782,user_2782,User 2782
2783,user_2783,User 2783
2784,user_2784,User 2784
2785,user_2785,User 2785
2786,user_2786,User 2786
2787,user_2787,User 2787
2788,user_2788,User 2788
2789,user_2789,User 2789
2790,user_2790,User 2790
2791,user_2791,User 2791
2792,user_2792,User 2792
2793,user_2793,User 2793
2794,user_2794,User 2794
2795,user_2795,User 2795
2796,user_2796,User 2796
2797,user_2797,User 2797
2798,user_2798,User 2798
2799,user_2799,User 2799
2800,user_2800,User 2800
2801,user_2801,User 2801
2802,user_2802,User 2802
2803,user_2803,User 2803
2804,user_2804,User 2804
2805,user_2805,User 2805
2806,user_2806,User 2806
2807,user_2807,User 2807
2808,user_2808,User 2808
2809,user_2809,User 2809
2810,user_2810,User 2810
2811,user_2811,User 2811
2812,user_2812,User 2812
2813,user_2813,User 2813
2814,user_2814,User 2814
2815,user_2815,User 2815
2816,user_2816,User 2816
2817,user_2817,User 2817
2818,user_2818,User 2818
2819,user_2819,User 2819
2820,user_2820,User 2820
2821,user_2821,User 2821
2822,user_2822,User 2822
2823,user_2823,User 2823
2824,user_2824,User 2824
2825,user_2825,User 2825
2826,user_2826,User 2826
2827,user_2827,User 2827
2828,user_2828,User 2828
2829,user_2829,User 2829
2830,user_2830,User 2830
2831,user_2831,User 2831
2832,user_2832,User 2832
2833,user_2833,User 2833
2834,user_2834,User 2834
2835,user_2835,User 2835
2836,user_2836,User 2836
2837,user_2837,User 2837
2838,user_2838,User 2838
2839,user_2839,User 2839
2840,user_2840,User 2840
2841,user_2841,User 2841
2842,user_2842,User 2842
2843,user_2843,User 2843
2844,user_2844,User 2844
2845,user_2845,User 2845
2846,user_2846,User 2846
2847,user_2847,User 2847
2848,user_2848,User 2848
2849,user_2849,User 2849
2850,user_2850,User 2850
2851,user_2851,User 2851
2852,user_2852,User 2852
2853,user_2853,User 2853
2854,user_2854,User 2854
2855,user_2855,User 2855
2856,user_2856,User 2856
2857,user_2857,User 2857
2858,user_2858,User 2858
2859,user_2859,User 2859
2860,user_2860,User 2860
2861,user_2861,User 2861
2862,user_2862,User 2862
2863,user_2863,User 2863
2864,user_2864,User 2864
2865,user_2865,User 2865
2866,user_2866,User 2866
2867,user_2867,User 2867
2868,user_2868,User 2868
2869,user_2869,User 2869
2870,user_2870,User 2870
2871,user_2871,User 2871
2872,user_2872,User 2872
2873,user_2873,User 2873
2874,user_2874,User 2874
2875,user_2875,User 2875
2876,user_2876,User 2876
2877,user_2877,User 2877
2878,user_2878,User 2878
2879,user_2879,User 2879
2880,user_2880,User 2880
2881,user_2881,User 2881
2882,user_2882,User 2882
2883,user_2883,User 2883
2884,user_2884,User 2884
2885,user_2885,User 2885
2886,user_2886,User 2886
2887,user_2887,User 2887
2888,user_2888,User 2888
2889,user_2889,User 2889
2890,user_2890,User 2890
2891,user_2891,User 2891
2892,user_2892,User 2892
2893,user_2893,User 2893
2894,user_2894,User 2894
2895,user_2895,User 2895
2896,user_2896,User 2896
2897,user_2897,User 2897
2898,user_2898,User 2898
2899,user_2899,User 2899
2900,user_2900,User 2900
2901,user_2901,User 2901
2902,user_2902,User 2902
2903,user_2903,User 2903
2904,user_2904,User 2904
2905,user_2905,User 2905
2906,user_2906,User 2906
2907,user_2907,User 2907
2908,user_2908,User 2908
2909,user_2909,User 2909
2910,user_2910,User 2910
2911,user_2911,User 2911
2912,user_2912,User 2912
2913,user_2913,User 2913
2914,user_2914,User 2914
2915,user_2915,User 2915
2916,user_2916,User 2916
2917,user_2917,User 2917
2918,user_2918,User 2918
2919,user_2919,User 2919
2920,user_2920,User 2920
2921,user_2921,User 2921
2922,user_2922,User 2922
2923,user_2923,User 2923
2924,user_2924,User 2924
2925,user_2925,User 2925
2926,user_2926,User 2926
2927,user_2927,User 2927
2928,user_2928,User 2928
2929,user_2929,User 2929
2930,user_2930,User 2930
2931,user_2931,User 2931
2932,user_2932,User 2932
2933,user_2933,User 2933
2934,user_2934,User 2934
2935,user_2935,User 2935
2936,user_2936,User 2936
2937,user_2937,User 2937
2938,user_2938,User 2938
2939,user_2939,User 2939
2940,user_2940,User 2940
2941,user_2941,User 2941
2942,user_2942,User 2942
2943,user_2943,User 2943
2944,user_2944,User 2944
2945,user_2945,User 2945
2946,user_2946,User 2946
2947,user_2947,User 2947
2948,user_2948,User 2948
2949,user_2949,User 2949
2950,user_2950,User 2950
2951,user_2951,User 2951
2952,user_2952,User 2952
2953,user_2953,User 2953
2954,user_2954,User 2954
2955,user_2955,User 2955
2956,user_2956,User 2956
2957,user_2957,User 2957
2958,user_2958,User 2958
2959,user_2959,User 2959
2960,user_2960,User 2960
2961,user_2961,User 2961
2962,user_2962,User 2962
2963,user_2963,User 2963
2964,user_2964,User 2964
2965,user_2965,User 2965
2966,user_2966,User 2966
2967,user_2967,User 2967
2968,user_2968,User 2968
2969,user_2969,User 2969
2970,user_2970,User 2970
2971,user_2971,User 2971
2972,user_2972,User 2972
2973,user_2973,User 2973
2974,user_2974,User 2974
2975,user_2975,User 2975
2976,user_2976,User 2976
2977,user_2977,User 2977
2978,user_2978,User 2978
2979,user_2979,User 2979
2980,user_2980,User 2980
2981,user_2981,User 2981
2982,user_2982,User 2982
2983,user_2983,User 2983
2984,user_2984,User 2984
2985,user_2985,User 2985
2986,user_2986,User 2986
2987,user_2987,User 2987
2988,user_2988,User 2988
2989,user_2989,User 2989
2990,user_2990,User 2990
2991,user_2991,User 2991
2992,user_2992,User 2992
2993,user_2993,User 2993
2994,user_2994,User 2994
2995,user_2995,User 2995
2996,user_2996,User 2996
2997,user_2997,User 2997
2998,user_2998,User 2998
2999,user_2999,User 2999
3000,user_3000,User 3000
3001,user_3001,User 3001
3002,user_3002,User 3002
3003,user_3003,User 3003
3004,user_3004,User 3004
3005,user_3005,User 3005
3006,user_3006,User 3006
3007,user_3007,User 3007
3008,user_3008,User 3008
3009,user_3009,User 3009
3010,user_3010,User 3010
3011,user_3011,User 3011
3012,user_3012,User 3012
3013,user_3013,User 3013
3014,user_3014,User 3014
3015,user_3015,User 3015
3016,user_3016,User 3016
3017,user_3017,User 3017
3018,user_3018,User 3018
3019,user_3019,User 3019
3020,user_3020,User 3020
3021,user_3021,User 3021
3022,user_3022,User 3022
3023,user_3023,User 3023
3024,user_3024,User 3024
3025,user_3025,User 3025
3026,user_3026,User 3026
3027,user_3027,User 3027
3028,user_3028,User 3028
3029,user_3029,User 3029
3030,user_3030,User 3030
3031,user_3031,User 3031
3032,user_3032,User 3032
3033,user_3033,User 3033
3034,user_3034,User 3034
3035,user_3035,User 3035
3036,user_3036,User 3036
3037,user_3037,User 3037
3038,user_3038,User 3038
3039,user_3039,User 3039
3040,user_3040,User 3040
3041,user_3041,User 3041
3042,user_3042,User 3042
3043,user_3043,User 3043
3044,user_3044,User 3044
3045,user_3045,User 3045
3046,user_3046,User 3046
3047,user_3047,User 3047
3048,user_3048,User 3048
3049,user_3049,User 3049
3050,user_3050,User 3050
3051,user_3051,User 3051
3052,user_3052,User 3052
3053,user_3053,User 3053
3054,user_3054,User 3054
3055,user_3055,User 3055
3056,user_3056,User 3056
3057,user_3057,User 3057
3058,user_3058,User 3058
3059,user_3059,User 3059
3060,user_3060,User 3060
3061,user_3061,User 3061
3062,user_3062,User 3062
3063,user_3063,User 3063
3064,user_3064,User 3064
3065,user_3065,User 3065
3066,user_3066,User 3066
3067,user_3067,User 3067
3068,user_3068,User 3068
3069,user_3069,User 3069
3070,user_3070,User 3070
3071,user_3071,User 3071
3072,user_3072,User 3072
3073,user_3073,User 3073
3074,user_3074,User 3074
3075,user_3075,User 3075
3076,user_3076,User 3076
3077,user_3077,User 3077
3078,user_3078,User 3078
3079,user_3079,User 3079
3080,user_3080,User 3080
3081,user_3081,User 3081
3082,user_3082,User 3082
3083,user_3083,User 3083
3084,user_3084,User 3084
3085,user_3085,User 3085
3086,user_3086,User 3086
3087,user_3087,User 3087
3088,user_3088,User 3088
3089,user_3089,User 3089
3090,user_3090,User 3090
3091,user_3091,User 3091
3092,user_3092,User 3092
3093,user_3093,User 3093
3094,user_3094,User 3094
3095,user_3095,User 3095
3096,user_3096,User 3096
3097,user_3097,User 3097
3098,user_3098,User 3098
3099,user_3099,User 3099
3100,user_3100,User 3100
3101,user_3101,User 3101
3102,user_3102,User 3102
3103,user_3103,User 3103
3104,user_3104,User 3104
3105,user_3105,User 3105
3106,user_3106,User 3106
3107,user_3107,User 3107
3108,user_3108,User 3108
3109,user_3109,User 3109
3110,user_3110,User 3110
3111,user_3111,User 3111
3112,user_3112,User 3112
3113,user_3113,User 3113
3114,user_3114,User 3114
3115,user_3115,User 3115
3116,user_3116,User 3116
3117,user_3117,User 3117
3118,user_3118,User 3118
3119,user_3119,User 3119
3120,user_3120,User 3120
3121,user_3121,User 3121
3122,user_3122,User 3122
3123,user_3123,User 3123
3124,user_3124,User 3124
3125,user_3125,User 3125
3126,user_3126,User 3126
3127,user_3127,User 3127
3128,user_3128,User 3128
3129,user_3129,User 3129
3130,user_3130,User 3130
3131,user_3131,User 3131
3132,user_3132,User 3132
3133,user_3133,User 3133
3134,user_3134,User 3134
3135,user_3135,User 3135
3136,user_3136,User 3136
3137,user_3137,User 3137
3138,user_3138,User 3138
3139,user_3139,User 3139
3140,user_3140,User 3140
3141,user_3141,User 3141
3142,user_3142,User 3142
3143,user_3143,User 3143
3144,user_3144,User 3144
3145,user_3145,User 3145
3146,user_3146,User 3146
3147,user_3147,User 3147
3148,user_3148,User 3148
3149,user_3149,User 3149
3150,user_3150,User 3150
3151,user_3151,User 3151
3152,user_3152,User 3152
3153,user_3153,User 3153
3154,user_3154,User 3154
3155,user_3155,User 3155
3156,user_3156,User 3156
3157,user_3157,User 3157
3158,user_3158,User 3158
3159,user_3159,User 3159
3160,user_3160,User 3160
3161,user_3161,User 3161
3162,user_3162,User 3162
3163,user_3163,User 3163
3164,user_3164,User 3164
3165,user_3165,User 3165
3166,user_3166,User 3166
3167,user_3167,User 3167
3168,user_3168,User 3168
3169,user_3169,User 3169
3170,user_3170,User 3170
3171,user_3171,User 3171
3172,user_3172,User 3172
3173,user_3173,User 3173
3174,user_3174,User 3174
3175,user_3175,User 3175
3176,user_3176,User 3176
3177,user_3177,User 3177
3178,user_3178,User 3178
3179,user_3179,User 3179
3180,user_3180,User 3180
3181,user_3181,User 3181
3182,user_3182,User 3182
3183,user_3183,User 3183
3184,user_3184,User 3184
3185,user_3185,User 3185
3186,user_3186,User 3186
3187,user_3187,User 3187
3188,user_3188,User 3188
3189,user_3189,User 3189
3190,user_3190,User 3190
3191,user_3191,User 3191
3192,user_3192,User 3192
3193,user_3193,User 3193
3194,user_3194,User 3194
3195,user_3195,User 3195
3196,user_3196,User 3196
3197,user_3197,User 3197
3198,user_3198,User 3198
3199,user_3199,User 3199
3200,user_3200,User 3200
3201,user_3201,User 3201
3202,user_3202,User 3202
3203,user_3203,User 3203
3204,user_3204,User 3204
3205,user_3205,User 3205
3206,user_3206,User 3206
3207,user_3207,User 3207
3208,user_3208,User 3208
3209,user_3209,User 3209
3210,user_3210,User 3210
3211,user_3211,User 3211
3212,user_3212,User 3212
3213,user_3213,User 3213
3214,user_3214,User 3214
3215,user_3215,User 3215
3216,user_3216,User 3216
3217,user_3217,User 3217
3218,user_3218,User 3218
3219,user_3219,User 3219
3220,user_3220,User 3220
3221,user_3221,User 3221
3222,user_3222,User 3222
3223,user_3223,User 3223
3224,user_3224,User 3224
3225,user_3225,User 3225
3226,user_3226,User 3226
3227,user_3227,User 3227
3228,user_3228,User 3228
3229,user_3229,User 3229
3230,user_3230,User 3230
3231,user_3231,User 3231
3232,user_3232,User 3232
3233,user_3233,User 3233
3234,user_3234,User 3234
3235,user_3235,User 3235
3236,user_3236,User 3236
3237,user_3237,User 3237
3238,user_3238,User 3238
3239,user_3239,User 3239
3240,user_3240,User 3240
3241,user_3241,User 3241
3242,user_3242,User 3242
3243,user_3243,User 3243
3244,user_3244,User 3244
3245,user_3245,User 3245
3246,user_3246,User 3246
3247,user_3247,User 3247
3248,user_3248,User 3248
3249,user_3249,User 3249
3250,user_3250,User 3250
3251,user_3251,User 3251
3252,user_3252,User 3252
3253,user_3253,User 3253
3254,user_3254,User 3254
3255,user_3255,User 3255
3256,user_3256,User 3256
3257,user_3257,User 3257
3258,user_3258,User 3258
3259,user_3259,User 3259
3260,user_3260,User 3260
3261,user_3261,User 3261
3262,user_3262,User 3262
3263,user_3263,User 3263
3264,user_3264,User 3264
3265,user_3265,User 3265
3266,user_3266,User 3266
3267,user_3267,User 3267
3268,user_3268,User 3268
3269,user_3269,User 3269
3270,user_3270,User 3270
3271,user_3271,User 3271
3272,user_3272,User 3272
3273,user_3273,User 3273
3274,user_3274,User 3274
3275,user_3275,User 3275
3276,user_3276,User 3276
3277,user_3277,User 3277
3278,user_3278,User 3278
3279,user_3279,User 3279
3280,user_3280,User 3280
3281,user_3281,User 3281
3282,user_3282,User 3282
3283,user_3283,User 3283
3284,user_3284,User 3284
3285,user_3285,User 3285
3286,user_3286,User 3286
3287,user_3287,User 3287
3288,user_3288,User 3288
3289,user_3289,User 3289
3290,user_3290,User 3290
3291,user_3291,User 3291
3292,user_3292,User 3292
3293,user_3293,User 3293
3294,user_3294,User 3294
3295,user_3295,User 3295
3296,user_3296,User 3296
3297,user_3297,User 3297
3298,user_3298,User 3298
3299,user_3299,User 3299
3300,user_3300,User 3300
3301,user_3301,User 3301
3302,user_3302,User 3302
3303,user_3303,User 3303
3304,user_3304,User 3304
3305,user_3305,User 3305
3306,user_3306,User 3306
3307,user_3307,User 3307
3308,user_3308,User 3308
3309,user_3309,User 3309
3310,user_3310,User 3310
3311,user_3311,User 3311
3312,user_3312,User 3312
3313,user_3313,User 3313
3314,user_3314,User 3314
3315,user_3315,User 3315
3316,user_3316,User 3316
3317,user_3317,User 3317
3318,user_3318,User 3318
3319,user_3319,User 3319
3320,user_3320,User 3320
3321,user_3321,User 3321
3322,user_3322,User 3322
3323,user_3323,User 3323
3324,user_3324,User 3324
3325,user_3325,User 3325
3326,user_3326,User 3326
3327,user_3327,User 3327
3328,user_3328,User 3328
3329,user_3329,User 3329
3330,user_3330,User 3330
3331,user_3331,User 3331
3332,user_3332,User 3332
3333,user_3333,User 3333
3334,user_3334,User 3334
3335,user_3335,User 3335
3336,user_3336,User 3336
3337,user_3337,User 3337
3338,user_3338,User 3338
3339,user_3339,User 3339
3340,user_3340,User 3340
3341,user_3341,User 3341
3342,user_3342,User 3342
3343,user_3343,User 3343
3344,user_3344,User 3344
3345,user_3345,User 3345
3346,user_3346,User 3346
3347,user_3347,User 3347
3348,user_3348,User 3348
3349,user_3349,User 3349
3350,user_3350,User 3350
3351,user_3351,User 3351
3352,user_3352,User 3352
3353,user_3353,User 3353
3354,user_3354,User 3354
3355,user_3355,User 3355
3356,user_3356,User 3356
3357,user_3357,User 3357
3358,user_3358,User 3358
3359,user_3359,User 3359
3360,user_3360,User 3360
3361,user_3361,User 3361
3362,user_3362,User 3362
3363,user_3363,User 3363
3364,user_3364,User 3364
3365,user_3365,User 3365
3366,user_3366,User 3366
3367,user_3367,User 3367
3368,user_3368,User 3368
3369,user_3369,User 3369
3370,user_3370,User 3370
3371,user_3371,User 3371
3372,user_3372,User 3372
3373,user_3373,User 3373
3374,user_3374,User 3374
3375,user_3375,User 3375
3376,user_3376,User 3376
3377,user_3377,User 3377
3378,user_3378,User 3378
3379,user_3379,User 3379
3380,user_3380,User 3380
3381,user_3381,User 3381
3382,user_3382,User 3382
3383,user_3383,User 3383
3384,user_3384,User 3384
3385,user_3385,User 3385
3386,user_3386,User 3386
3387,user_3387,User 3387
3388,user_3388,User 3388
3389,user_3389,User 3389
3390,user_3390,User 3390
3391,user_3391,User 3391
3392,user_3392,User 3392
3393,user_3393,User 3393
3394,user_3394,User 3394
3395,user_3395,User 3395
3396,user_3396,User 3396
3397,user_3397,User 3397
3398,user_3398,User 3398
3399,user_3399,User 3399
3400,user_3400,User 3400
3401,user_3401,User 3401
3402,user_3402,User 3402
3403,user_3403,User 3403
3404,user_3404,User 3404
3405,user_3405,User 3405
3406,user_3406,User 3406
3407,user_3407,User 3407
3408,user_3408,User 3408
3409,user_3409,User 3409
3410,user_3410,User 3410
3411,user_3411,User 3411
3412,user_3412,User 3412
3413,user_3413,User 3413
3414,user_3414,User 3414
3415,user_3415,User 3415
3416,user_3416,User 3416
3417,user_3417,User 3417
3418,user_3418,User 3418
3419,user_3419,User 3419
3420,user_3420,User 3420
3421,user_3421,User 3421
3422,user_3422,User 3422
3423,user_3423,User 3423
3424,user_3424,User 3424
3425,user_3425,User 3425
3426,user_3426,User 3426
3427,user_3427,User 3427
3428,user_3428,User 3428
3429,user_3429,User 3429
3430,user_3430,User 3430
3431,user_3431,User 3431
3432,user_3432,User 3432
3433,user_3433,User 3433
3434,user_3434,User 3434
3435,user_3435,User 3435
3436,user_3436,User 3436
3437,user_3437,User 3437
3438,user_3438,User 3438
3439,user_3439,User 3439
3440,user_3440,User 3440
3441,user_3441,User 3441
3442,user_3442,User 3442
3443,user_3443,User 3443
3444,user_3444,User 3444
3445,user_3445,User 3445
3446,user_3446,User 3446
3447,user_3447,User 3447
3448,user_3448,User 3448
3449,user_3449,User 3449
3450,user_3450,User 3450
3451,user_3451,User 3451
3452,user_3452,User 3452
3453,user_3453,User 3453
3454,user_3454,User 3454
3455,user_3455,User 3455
3456,user_3456,User 3456
3457,user_3457,User 3457
3458,user_3458,User 3458
3459,user_3459,User 3459
3460,user_3460,User 3460
3461,user_3461,User 3461
3462,user_3462,User 3462
3463,user_3463,User 3463
3464,user_3464,User 3464
3465,user_3465,User 3465
3466,user_3466,User 3466
3467,user_3467,User 3467
3468,user_3468,User 3468
3469,user_3469,User 3469
3470,user_3470,User 3470
3471,user_3471,User 3471
3472,user_3472,User 3472
3473,user_3473,User 3473
3474,user_3474,User 3474
3475,user_3475,User 3475
3476,user_3476,User 3476
3477,user_3477,User 3477
3478,user_3478,User 3478
3479,user_3479,User 3479
3480,user_3480,User 3480
3481,user_3481,User 3481
3482,user_3482,User 3482
3483,user_3483,User 3483
3484,user_3484,User 3484
3485,user_3485,User 3485
3486,user_3486,User 3486
3487,user_3487,User 3487
3488,user_3488,User 3488
3489,user_3489,User 3489
3490,user_3490,User 3490
3491,user_3491,User 3491
3492,user_3492,User 3492
3493,user_3493,User 3493
3494,user_3494,User 3494
3495,user_3495,User 3495
3496,user_3496,User 3496
3497,user_3497,User 3497
3498,user_3498,User 3498
3499,user_3499,User 3499
3500,user_3500,User 3500
3501,user_3501,User 3501
3502,user_3502,User 3502
3503,user_3503,User 3503
3504,user_3504,User 3504
3505,user_3505,User 3505
3506,user_3506,User 3506
3507,user_3507,User 3507
3508,user_3508,User 3508
3509,user_3509,User 3509
3510,user_3510,User 3510
3511,user_3511,User 3511
3512,user_3512,User 3512
3513,user_3513,User 3513
3514,user_3514,User 3514
3515,user_3515,User 3515
3516,user_3516,User 3516
3517,user_3517,User 3517
3518,user_3518,User 3518
3519,user_3519,User 3519
3520,user_3520,User 3520
3521,user_3521,User 3521
3522,user_3522,User 3522
3523,user_3523,User 3523
3524,user_3524,User 3524
3525,user_3525,User 3525
3526,user_3526,User 3526
3527,user_3527,User 3527
3528,user_3528,User 3528
3529,user_3529,User 3529
3530,user_3530,User 3530
3531,user_3531,User 3531
3532,user_3532,User 3532
3533,user_3533,User 3533
3534,user_3534,User 3534
3535,user_3535,User 3535
3536,user_3536,User 3536
3537,user_3537,User 3537
3538,user_3538,User 3538
3539,user_3539,User 3539
3540,user_3540,User 3540
3541,user_3541,User 3541
3542,user_3542,User 3542
3543,user_3543,User 3543
3544,user_3544,User 3544
3545,user_3545,User 3545
3546,user_3546,User 3546
3547,user_3547,User 3547
3548,user_3548,User 3548
3549,user_3549,User 3549
3550,user_3550,User 3550
3551,user_3551,User 3551
3552,user_3552,User 3552
3553,user_3553,User 3553
3554,user_3554,User 3554
3555,user_3555,User 3555
3556,user_3556,User 3556
3557,user_3557,User 3557
3558,user_3558,User 3558
3559,user_3559,User 3559
3560,user_3560,User 3560
3561,user_3561,User 3561
3562,user_3562,User 3562
3563,user_3563,User 3563
3564,user_3564,User 3564
3565,user_3565,User 3565
3566,user_3566,User 3566
3567,user_3567,User 3567
3568,user_3568,User 3568
3569,user_3569,User 3569
3570,user_3570,User 3570
3571,user_3571,User 3571
3572,user_3572,User 3572
3573,user_3573,User 3573
3574,user_3574,User 3574
3575,user_3575,User 3575
3576,user_3576,User 3576
3577,user_3577,User 3577
3578,user_3578,User 3578
3579,user_3579,User 3579
3580,user_3580,User 3580
3581,user_3581,User 3581
3582,user_3582,User 3582
3583,user_3583,User 3583
3584,user_3584,User 3584
3585,user_3585,User 3585
3586,user_3586,User 3586
3587,user_3587,User 3587
3588,user_3588,User 3588
3589,user_3589,User 3589
3590,user_3590,User 3590
3591,user_3591,User 3591
3592,user_3592,User 3592
3593,user_3593,User 3593
3594,user_3594,User 3594
3595,user_3595,User 3595
3596,user_3596,User 3596
3597,user_3597,User 3597
3598,user_3598,User 3598
3599,user_3599,User 3599
3600,user_3600,User 3600
3601,user_3601,User 3601
3602,user_3602,User 3602
3603,user_3603,User 3603
3604,user_3604,User 3604
3605,user_3605,User 3605
3606,user_3606,User 3606
3607,user_3607,User 3607
3608,user_3608,User 3608
3609,user_3609,User 3609
3610,user_3610,User 3610
3611,user_3611,User 3611
3612,user_3612,User 3612
3613,user_3613,User 3613
3614,user_3614,User 3614
3615,user_3615,User 3615
3616,user_3616,User 3616
3617,user_3617,User 3617
3618,user_3618,User 3618
3619,user_3619,User 3619
3620,user_3620,User 3620
3621,user_3621,User 3621
3622,user_3622,User 3622
3623,user_3623,User 3623
3624,user_3624,User 3624
3625,user_3625,User 3625
3626,user_3626,User 3626
3627,user_3627,User 3627
3628,user_3628,User 3628
3629,user_3629,User 3629
3630,user_3630,User 3630
3631,user_3631,User 3631
3632,user_3632,User 3632
3633,user_3633,User 3633
3634,user_3634,User 3634
3635,user_3635,User 3635
3636,user_3636,User 3636
3637,user_3637,User 3637
3638,user_3638,User 3638
3639,user_3639,User 3639
3640,user_3640,User 3640
3641,user_3641,User 3641
3642,user_3642,User 3642
3643,user_3643,User 3643
3644,user_3644,User 3644
3645,user_3645,User 3645
3646,user_3646,User 3646
3647,user_3647,User 3647
3648,user_3648,User 3648
3649,user_3649,User 3649
3650,user_3650,User 3650
3651,user_3651,User 3651
3652,user_3652,User 3652
3653,user_3653,User 3653
3654,user_3654,User 3654
3655,user_3655,User 3655
3656,user_3656,User 3656
3657,user_3657,User 3657
3658,user_3658,User 3658
3659,user_3659,User 3659
3660,user_3660,User 3660
3661,user_3661,User 3661
3662,user_3662,User 3662
3663,user_3663,User 3663
3664,user_3664,User 3664
3665,user_3665,User 3665
3666,user_3666,User 3666
3667,user_3667,User 3667
3668,user_3668,User 3668
3669,user_3669,User 3669
3670,user_3670,User 3670
3671,user_3671,User 3671
3672,user_3672,User 3672
3673,user_3673,User 3673
3674,user_3674,User 3674
3675,user_3675,User 3675
3676,user_3676,User 3676
3677,user_3677,User 3677
3678,user_3678,User 3678
3679,user_3679,User 3679
3680,user_3680,User 3680
3681,user_3681,User 3681
3682,user_3682,User 3682
3683,user_3683,User 3683
3684,user_3684,User 3684
3685,user_3685,User 3685
3686,user_3686,User 3686
3687,user_3687,User 3687
3688,user_3688,User 3688
3689,user_3689,User 3689
3690,user_3690,User 3690
3691,user_3691,User 3691
3692,user_3692,User 3692
3693,user_3693,User 3693
3694,user_3694,User 3694
3695,user_3695,User 3695
3696,user_3696,User 3696
3697,user_3697,User 3697
3698,user_3698,User 3698
3699,user_3699,User 3699
3700,user_3700,User 3700
3701,user_3701,User 3701
3702,user_3702,User 3702
3703,user_3703,User 3703
3704,user_3704,User 3704
3705,user_3705,User 3705
3706,user_3706,User 3706
3707,user_3707,User 3707
3708,user_3708,User 3708
3709,user_3709,User 3709
3710,user_3710,User 3710
3711,user_3711,User 3711
3712,user_3712,User 3712
3713,user_3713,User 3713
3714,user_3714,User 3714
3715,user_3715,User 3715
3716,user_3716,User 3716
3717,user_3717,User 3717
3718,user_3718,User 3718
3719,user_3719,User 3719
3720,user_3720,User 3720
3721,user_3721,User 3721
3722,user_3722,User 3722
3723,user_3723,User 3723
3724,user_3724,User 3724
3725,user_3725,User 3725
3726,user_3726,User 3726
3727,user_3727,User 3727
3728,user_3728,User 3728
3729,user_3729,User 3729
3730,user_3730,User 3730
3731,user_3731,User 3731
3732,user_3732,User 3732
3733,user_3733,User 3733
3734,user_3734,User 3734
3735,user_3735,User 3735
3736,user_3736,User 3736
3737,user_3737,User 3737
3738,user_3738,User 3738
3739,user_3739,User 3739
3740,user_3740,User 3740
3741,user_3741,User 3741
3742,user_3742,User 3742
3743,user_3743,User 3743
3744,user_3744,User 3744
3745,user_3745,User 3745
3746,user_3746,User 3746
3747,user_3747,User 3747
3748,user_3748,User 3748
3749,user_3749,User 3749
3750,user_3750,User 3750
3751,user_3751,User 3751
3752,user_3752,User 3752
3753,user_3753,User 3753
3754,user_3754,User 3754
3755,user_3755,User 3755
3756,user_3756,User 3756
3757,user_3757,User 3757
3758,user_3758,User 3758
3759,user_3759,User 3759
3760,user_3760,User 3760
3761,user_3761,User 3761
3762,user_3762,User 3762
3763,user_3763,User 3763
3764,user_3764,User 3764
3765,user_3765,User 3765
3766,user_3766,User 3766
3767,user_3767,User 3767
3768,user_3768,User 3768
3769,user_3769,User 3769
3770,user_3770,User 3770
3771,user_3771,User 3771
3772,user_3772,User 3772
3773,user_3773,User 3773
3774,user_3774,User 3774
3775,user_3775,User 3775
3776,user_3776,User 3776
3777,user_3777,User 3777
3778,user_3778,User 3778
3779,user_3779,User 3779
3780,user_3780,User 3780
3781,user_3781,User 3781
3782,user_3782,User 3782
3783,user_3783,User 3783
3784,user_3784,User 3784
3785,user_3785,User 3785
3786,user_3786,User 3786
3787,user_3787,User 3787
3788,user_3788,User 3788
3789,user_3789,User 3789
3790,user_3790,User 3790
3791,user_3791,User 3791
3792,user_3792,User 3792
3793,user_3793,User 3793
3794,user_3794,User 3794
3795,user_3795,User 3795
3796,user_3796,User 3796
3797,user_3797,User 3797
3798,user_3798,User 3798
3799,user_3799,User 3799
3800,user_3800,User 3800
3801,user_3801,User 3801
3802,user_3802,User 3802
3803,user_3803,User 3803
3804,user_3804,User 3804
3805,user_3805,User 3805
3806,user_3806,User 3806
3807,user_3807,User 3807
3808,user_3808,User 3808
3809,user_3809,User 3809
3810,user_3810,User 3810
3811,user_3811,User 3811
3812,user_3812,User 3812
3813,user_3813,User 3813
3814,user_3814,User 3814
3815,user_3815,User 3815
3816,user_3816,User 3816
3817,user_3817,User 3817
3818,user_3818,User 3818
3819,user_3819,User 3819
3820,user_3820,User 3820
3821,user_3821,User 3821
3822,user_3822,User 3822
3823,user_3823,User 3823
3824,user_3824,User 3824
3825,user_3825,User 3825
3826,user_3826,User 3826
3827,user_3827,User 3827
3828,user_3828,User 3828
3829,user_3829,User 3829
3830,user_3830,User 3830
3831,user_3831,User 3831
3832,user_3832,User 3832
3833,user_3833,User 3833
3834,user_3834,User 3834
3835,user_3835,User 3835
3836,user_3836,User 3836
3837,user_3837,User 3837
3838,user_3838,User 3838
3839,user_3839,User 3839
3840,user_3840,User 3840
3841,user_3841,User 3841
3842,user_3842,User 3842
3843,user_3843,User 3843
3844,user_3844,User 3844
3845,user_3845,User 3845
3846,user_3846,User 3846
3847,user_3847,User 3847
3848,user_3848,User 3848
3849,user_3849,User 3849
3850,user_3850,User 3850
3851,user_3851,User 3851
3852,user_3852,User 3852
3853,user_3853,User 3853
3854,user_3854,User 3854
3855,user_3855,User 3855
3856,user_3856,User 3856
3857,user_3857,User 3857
3858,user_3858,User 3858
3859,user_3859,User 3859
3860,user_3860,User 3860
3861,user_3861,User 3861
3862,user_3862,User 3862
3863,user_3863,User 3863
3864,user_3864,User 3864
3865,user_3865,User 3865
3866,user_3866,User 3866
3867,user_3867,User 3867
3868,user_3868,User 3868
3869,user_3869,User 3869
3870,user_3870,User 3870
3871,user_3871,User 3871
3872,user_3872,User 3872
3873,user_3873,User 3873
3874,user_3874,User 3874
3875,user_3875,User 3875
3876,user_3876,User 3876
3877,user_3877,User 3877
3878,user_3878,User 3878
3879,user_3879,User 3879
3880,user_3880,User 3880
3881,user_3881,User 3881
3882,user_3882,User 3882
3883,user_3883,User 3883
3884,user_3884,User 3884
3885,user_3885,User 3885
3886,user_3886,User 3886
3887,user_3887,User 3887
3888,user_3888,User 3888
3889,user_3889,User 3889
3890,user_3890,User 3890
3891,user_3891,User 3891
3892,user_3892,User 3892
3893,user_3893,User 3893
3894,user_3894,User 3894
3895,user_3895,User 3895
3896,user_3896,User 3896
3897,user_3897,User 3897
3898,user_3898,User 3898
3899,user_3899,User 3899
3900,user_3900,User 3900
3901,user_3901,User 3901
3902,user_3902,User 3902
3903,user_3903,User 3903
3904,user_3904,User 3904
3905,user_3905,User 3905
3906,user_3906,User 3906
3907,user_3907,User 3907
3908,user_3908,User 3908
3909,user_3909,User 3909
3910,user_3910,User 3910
3911,user_3911,User 3911
3912,user_3912,User 3912
3913,user_3913,User 3913
3914,user_3914,User 3914
3915,user_3915,User 3915
3916,user_3916,User 3916
3917,user_3917,User 3917
3918,user_3918,User 3918
3919,user_3919,User 3919
3920,user_3920,User 3920
3921,user_3921,User 3921
3922,user_3922,User 3922
3923,user_3923,User 3923
3924,user_3924,User 3924
3925,user_3925,User 3925
3926,user_3926,User 3926
3927,user_3927,User 3927
3928,user_3928,User 3928
3929,user_3929,User 3929
3930,user_3930,User 3930
3931,user_3931,User 3931
3932,user_3932,User 3932
3933,user_3933,User 3933
3934,user_3934,User 3934
3935,user_3935,User 3935
3936,user_3936,User 3936
3937,user_3937,User 3937
3938,user_3938,User 3938
3939,user_3939,User 3939
3940,user_3940,User 3940
3941,user_3941,User 3941
3942,user_3942,User 3942
3943,user_3943,User 3943
3944,user_3944,User 3944
3945,user_3945,User 3945
3946,user_3946,User 3946
3947,user_3947,User 3947
3948,user_3948,User 3948
3949,user_3949,User 3949
3950,user_3950,User 3950
3951,user_3951,User 3951
3952,user_3952,User 3952
3953,user_3953,User 3953
3954,user_3954,User 3954
3955,user_3955,User 3955
3956,user_3956,User 3956
3957,user_3957,User 3957
3958,user_3958,User 3958
3959,user_3959,User 3959
3960,user_3960,User 3960
3961,user_3961,User 3961
3962,user_3962,User 3962
3963,user_3963,User 3963
3964,user_3964,User 3964
3965,user_3965,User 3965
3966,user_3966,User 3966
3967,user_3967,User 3967
3968,user_3968,User 3968
3969,user_3969,User 3969
3970,user_3970,User 3970
3971,user_3971,User 3971
3972,user_3972,User 3972
3973,user_3973,User 3973
3974,user_3974,User 3974
3975,user_3975,User 3975
3976,user_3976,User 3976
3977,user_3977,User 3977
3978,user_3978,User 3978
3979,user_3979,User 3979
3980,user_3980,User 3980
3981,user_3981,User 3981
3982,user_3982,User 3982
3983,user_3983,User 3983
3984,user_3984,User 3984
3985,user_3985,User 3985
3986,user_3986,User 3986
3987,user_3987,User 3987
3988,user_3988,User 3988
3989,user_3989,User 3989
3990,user_3990,User 3990
3991,user_3991,User 3991
3992,user_3992,User 3992
3993,user_3993,User 3993
3994,user_3994,User 3994
3995,user_3995,User 3995
3996,user_3996,User 3996
3997,user_3997,User 3997
3998,user_3998,User 3998
3999,user_3999,User 3999
4000,user_4000,User 4000
4001,user_4001,User 4001
4002,user_4002,User 4002
4003,user_4003,User 4003
4004,user_4004,User 4004
4005,user_4005,User 4005
4006,user_4006,User 4006
4007,user_4007,User 4007
4008,user_4008,User 4008
4009,user_4009,User 4009
4010,user_4010,User 4010
4011,user_4011,User 4011
4012,user_4012,User 4012
4013,user_4013,User 4013
4014,user_4014,User 4014
4015,user_4015,User 4015
4016,user_4016,User 4016
4017,user_4017,User 4017
4018,user_4018,User 4018
4019,user_4019,User 4019
4020,user_4020,User 4020
4021,user_4021,User 4021
4022,user_4022,User 4022
4023,user_4023,User 4023
4024,user_4024,User 4024
4025,user_4025,User 4025
4026,user_4026,User 4026
4027,user_4027,User 4027
4028,user_4028,User 4028
4029,user_4029,User 4029
4030,user_4030,User 4030
4031,user_4031,User 4031
4032,user_4032,User 4032
4033,user_4033,User 4033
4034,user_4034,User 4034
4035,user_4035,User 4035
4036,user_4036,User 4036
4037,user_4037,User 4037
4038,user_4038,User 4038
